# Made in Blockbench 5.1.4
mtllib beijing_1_common.mtl

o right
v 0.46874999999999994 1 0.8125
v 0.5625 0.81875 0.890625
v 0.5625 0.81875 0.875
v 0.5625 0.8062499999999999 0.890625
v 0.5625 0.8062499999999999 0.875
v 0.54375 0.81875 0.890625
v 0.54375 0.81875 0.875
v 0.54375 0.8062499999999999 0.890625
v 0.54375 0.8062499999999999 0.875
v 0.5625 0.8109375 0.890625
v 0.5625 0.8109375 0.875
v 0.5625 0.78125 0.890625
v 0.5625 0.78125 0.875
v 0.43749999999999994 0.8109375 0.890625
v 0.43749999999999994 0.8109375 0.875
v 0.43749999999999994 0.78125 0.890625
v 0.43749999999999994 0.78125 0.875
v 0.5625 0.8421875 0.88125
v 0.5625 0.8421875 0.88125
v 0.5625 0.78125 0.88125
v 0.5625 0.78125 0.88125
v 0.43749999999999994 0.8421875 0.88125
v 0.43749999999999994 0.8421875 0.88125
v 0.43749999999999994 0.78125 0.88125
v 0.43749999999999994 0.78125 0.88125
v 0.5625 0.84375 0.890625
v 0.5625 0.84375 0.875
v 0.5625 0.8156249999999999 0.890625
v 0.5625 0.8156249999999999 0.875
v 0.43749999999999994 0.84375 0.890625
v 0.43749999999999994 0.84375 0.875
v 0.43749999999999994 0.8156249999999999 0.890625
v 0.43749999999999994 0.8156249999999999 0.875
v 0.45624999999999993 0.81875 0.890625
v 0.45624999999999993 0.81875 0.875
v 0.45624999999999993 0.8062499999999999 0.890625
v 0.45624999999999993 0.8062499999999999 0.875
v 0.43749999999999994 0.81875 0.890625
v 0.43749999999999994 0.81875 0.875
v 0.43749999999999994 0.8062499999999999 0.890625
v 0.43749999999999994 0.8062499999999999 0.875
v 0.5625 0.81875 -0.890625
v 0.5625 0.81875 -0.875
v 0.5625 0.8062499999999999 -0.890625
v 0.5625 0.8062499999999999 -0.875
v 0.54375 0.81875 -0.890625
v 0.54375 0.81875 -0.875
v 0.54375 0.8062499999999999 -0.890625
v 0.54375 0.8062499999999999 -0.875
v 0.5625 0.8109375 -0.890625
v 0.5625 0.8109375 -0.875
v 0.5625 0.78125 -0.890625
v 0.5625 0.78125 -0.875
v 0.43749999999999994 0.8109375 -0.890625
v 0.43749999999999994 0.8109375 -0.875
v 0.43749999999999994 0.78125 -0.890625
v 0.43749999999999994 0.78125 -0.875
v 0.5625 0.8421875 -0.8812500000000001
v 0.5625 0.8421875 -0.8812500000000001
v 0.5625 0.78125 -0.8812500000000001
v 0.5625 0.78125 -0.8812500000000001
v 0.43749999999999994 0.8421875 -0.8812500000000001
v 0.43749999999999994 0.8421875 -0.8812500000000001
v 0.43749999999999994 0.78125 -0.8812500000000001
v 0.43749999999999994 0.78125 -0.8812500000000001
v 0.5625 0.84375 -0.890625
v 0.5625 0.84375 -0.875
v 0.5625 0.8156249999999999 -0.890625
v 0.5625 0.8156249999999999 -0.875
v 0.43749999999999994 0.84375 -0.890625
v 0.43749999999999994 0.84375 -0.875
v 0.43749999999999994 0.8156249999999999 -0.890625
v 0.43749999999999994 0.8156249999999999 -0.875
v 0.45624999999999993 0.81875 -0.890625
v 0.45624999999999993 0.81875 -0.875
v 0.45624999999999993 0.8062499999999999 -0.890625
v 0.45624999999999993 0.8062499999999999 -0.875
v 0.43749999999999994 0.81875 -0.890625
v 0.43749999999999994 0.81875 -0.875
v 0.43749999999999994 0.8062499999999999 -0.890625
v 0.43749999999999994 0.8062499999999999 -0.875
v 0.37499999999999994 0.875 0.03125
v 0.37499999999999994 0.875 -0.03125
v 0.37499999999999994 0.24999999999999994 0.03125
v 0.37499999999999994 0.24999999999999994 -0.03125
v 0.34374999999999994 0.875 0.03125
v 0.34374999999999994 0.875 -0.03125
v 0.34374999999999994 0.24999999999999994 0.03125
v 0.34374999999999994 0.24999999999999994 -0.03125
v 0.42187499999999994 0.9375 0.4375
v 0.42187499999999994 0.9375 -0.4375
v 0.42187499999999994 0 0.4375
v 0.42187499999999994 0 -0.4375
v 0.35937499999999994 0.9375 0.375
v 0.35937499999999994 0.9375 -0.375
v 0.35937499999999994 0 0.375
v 0.35937499999999994 0 -0.375
v 0.59375 0.875 0.875
v 0.59375 0.875 0.859375
v 0.59375 0.6875 0.875
v 0.59375 0.6875 0.859375
v 0.40624999999999994 0.875 0.875
v 0.40624999999999994 0.875 0.859375
v 0.40624999999999994 0.6875 0.875
v 0.40624999999999994 0.6875 0.859375
v 0.5625 0.6875 0.871875
v 0.5625 0.49999999999999994 0.871875
v 0.43749999999999994 0.6875 0.871875
v 0.43749999999999994 0.49999999999999994 0.871875
v 0.59375 0.6875 0.875
v 0.59375 0.6875 0.859375
v 0.59375 0.49999999999999994 0.875
v 0.59375 0.49999999999999994 0.859375
v 0.5625 0.6875 0.875
v 0.5625 0.6875 0.859375
v 0.5625 0.49999999999999994 0.875
v 0.5625 0.49999999999999994 0.859375
v 0.43749999999999994 0.6875 0.875
v 0.43749999999999994 0.6875 0.859375
v 0.43749999999999994 0.49999999999999994 0.875
v 0.43749999999999994 0.49999999999999994 0.859375
v 0.40624999999999994 0.6875 0.875
v 0.40624999999999994 0.6875 0.859375
v 0.40624999999999994 0.49999999999999994 0.875
v 0.40624999999999994 0.49999999999999994 0.859375
v 0.59375 0.49999999999999994 0.875
v 0.59375 0.49999999999999994 0.859375
v 0.59375 0 0.875
v 0.59375 0 0.859375
v 0.40624999999999994 0.49999999999999994 0.875
v 0.40624999999999994 0.49999999999999994 0.859375
v 0.40624999999999994 0 0.875
v 0.40624999999999994 0 0.859375
v 0.59375 1.125 0.4375
v 0.59375 1.125 -0.4375
v 0.59375 0.875 0.875
v 0.59375 0.875 -0.875
v 0.40624999999999994 1.125 0.4375
v 0.40624999999999994 1.125 -0.4375
v 0.40624999999999994 0.875 0.875
v 0.40624999999999994 0.875 -0.875
v 0.40624999999999994 1.03125 -0.4375
v 0.59375 1.03125 -0.4375
v 0.59375 1.03125 0.4375
v 0.40624999999999994 1.03125 0.4375
v 0.59375 0.875 0.859375
v 0.59375 0.875 -0.859375
v 0.59375 0 0.859375
v 0.59375 0 -0.859375
v 0.40624999999999994 0.875 0.859375
v 0.40624999999999994 0.875 -0.859375
v 0.40624999999999994 0 0.859375
v 0.40624999999999994 0 -0.859375
v 0.59375 0.875 -0.875
v 0.59375 0.875 -0.859375
v 0.59375 0.6875 -0.875
v 0.59375 0.6875 -0.859375
v 0.40624999999999994 0.875 -0.875
v 0.40624999999999994 0.875 -0.859375
v 0.40624999999999994 0.6875 -0.875
v 0.40624999999999994 0.6875 -0.859375
v 0.5625 0.6875 -0.8656250000000001
v 0.5625 0.49999999999999994 -0.8656250000000001
v 0.43749999999999994 0.6875 -0.8656250000000001
v 0.43749999999999994 0.49999999999999994 -0.8656250000000001
v 0.59375 0.6875 -0.875
v 0.59375 0.6875 -0.859375
v 0.59375 0.49999999999999994 -0.875
v 0.59375 0.49999999999999994 -0.859375
v 0.5625 0.6875 -0.875
v 0.5625 0.6875 -0.859375
v 0.5625 0.49999999999999994 -0.875
v 0.5625 0.49999999999999994 -0.859375
v 0.43749999999999994 0.6875 -0.875
v 0.43749999999999994 0.6875 -0.859375
v 0.43749999999999994 0.49999999999999994 -0.875
v 0.43749999999999994 0.49999999999999994 -0.859375
v 0.40624999999999994 0.6875 -0.875
v 0.40624999999999994 0.6875 -0.859375
v 0.40624999999999994 0.49999999999999994 -0.875
v 0.40624999999999994 0.49999999999999994 -0.859375
v 0.59375 0.49999999999999994 -0.875
v 0.59375 0.49999999999999994 -0.859375
v 0.59375 0 -0.875
v 0.59375 0 -0.859375
v 0.40624999999999994 0.49999999999999994 -0.875
v 0.40624999999999994 0.49999999999999994 -0.859375
v 0.40624999999999994 0 -0.875
v 0.40624999999999994 0 -0.859375
v 0.546875 1.015625 0.875
v 0.578125 1.046875 0.84375
v 0.546875 0.921875 0.875
v 0.578125 0.890625 0.84375
v 0.45312499999999994 1.015625 0.875
v 0.42187499999999994 1.046875 0.84375
v 0.45312499999999994 0.921875 0.875
v 0.42187499999999994 0.890625 0.84375
v 0.546875 1 0.875
v 0.45312499999999994 1 0.875
v 0.42187499999999994 1 0.84375
v 0.578125 1 0.84375
v 0.546875 0.9375 0.875
v 0.45312499999999994 0.9375 0.875
v 0.42187499999999994 0.9249999999999999 0.84375
v 0.578125 0.9249999999999999 0.84375
v 0.46874999999999994 0.9375 0.8125
v 0.46874999999999994 1.015625 0.875
v 0.46874999999999994 1.046875 0.84375
v 0.46874999999999994 1 0.84375
v 0.46874999999999994 0.9249999999999999 0.84375
v 0.46874999999999994 0.890625 0.84375
v 0.46874999999999994 0.921875 0.875
v 0.46874999999999994 1.03125 0.859375
v 0.5625 1.03125 0.859375
v 0.5625 1 0.859375
v 0.5625 0.9312499999999999 0.859375
v 0.5625 0.90625 0.859375
v 0.46874999999999994 0.90625 0.859375
v 0.43749999999999994 0.90625 0.859375
v 0.43749999999999994 0.9312499999999999 0.859375
v 0.43749999999999994 1 0.859375
v 0.43749999999999994 1.03125 0.859375
v 0.53125 1 0.8125
v 0.53125 0.9375 0.8125
v 0.53125 0.921875 0.875
v 0.5375 0.90625 0.859375
v 0.54375 0.890625 0.84375
v 0.54375 0.9249999999999999 0.84375
v 0.54375 1 0.84375
v 0.54375 1.046875 0.84375
v 0.5375 1.03125 0.859375
v 0.53125 1.015625 0.875
v 0.5328124999999999 1 0.875
v 0.5328124999999999 0.9375 0.875
v 0.5328124999999999 0.921875 0.875
v 0.54375 0.90625 0.859375
v 0.5546875 0.890625 0.84375
v 0.5546875 0.9249999999999999 0.84375
v 0.5546875 1 0.84375
v 0.5546875 1.046875 0.84375
v 0.54375 1.03125 0.859375
v 0.5328124999999999 1.015625 0.875
v 0.53125 1.0015625 0.875
v 0.46874999999999994 1.0015625 0.875
v 0.45312499999999994 1.0015625 0.875
v 0.43749999999999994 1.009375 0.859375
v 0.42187499999999994 1.0171875 0.84375
v 0.46874999999999994 1.0171875 0.84375
v 0.54375 1.0171875 0.84375
v 0.5546875 1.0171875 0.84375
v 0.578125 1.0171875 0.84375
v 0.5625 1.009375 0.859375
v 0.546875 1.0015625 0.875
v 0.5328124999999999 1.0015625 0.875
v 0.53125 0.9359375 0.875
v 0.46874999999999994 0.9359375 0.875
v 0.45312499999999994 0.9359375 0.875
v 0.43749999999999994 0.9249999999999999 0.859375
v 0.42187499999999994 0.9140625 0.84375
v 0.46874999999999994 0.9140625 0.84375
v 0.54375 0.9140625 0.84375
v 0.5546875 0.9140625 0.84375
v 0.578125 0.9140625 0.84375
v 0.5625 0.9249999999999999 0.859375
v 0.546875 0.9359375 0.875
v 0.5328124999999999 0.9359375 0.875
v 0.4671875 0.9375 0.875
v 0.4671875 1 0.875
v 0.4671875 1.0015625 0.875
v 0.4671875 1.015625 0.875
v 0.459375 1.03125 0.859375
v 0.4515625 1.046875 0.84375
v 0.4515625 1.0171875 0.84375
v 0.4515625 1 0.84375
v 0.4515625 0.9249999999999999 0.84375
v 0.4515625 0.9140625 0.84375
v 0.4515625 0.890625 0.84375
v 0.459375 0.90625 0.859375
v 0.4671875 0.921875 0.875
v 0.4671875 0.9359375 0.875
v 0.5625 1.0546875 0.796875
v 0.5625 1.071875 0.671875
v 0.43749999999999994 1.0546875 0.796875
v 0.43749999999999994 1.071875 0.671875
v 0.578125 1.046875 0.84375
v 0.578125 1.078125 0.625
v 0.578125 0.921875 0.84375
v 0.578125 0.921875 0.6875
v 0.42187499999999994 1.046875 0.84375
v 0.42187499999999994 1.078125 0.625
v 0.42187499999999994 0.921875 0.84375
v 0.42187499999999994 0.921875 0.6875
v 0.5934375 0.874999375 0.4375
v 0.40656249999999994 0.874999375 0.4375
v 0.40656249999999994 0.875 0.875
v 0.40656249999999994 0.948223125 0.840665
v 0.5934375 1.013873125 0.774334375
v 0.40656249999999994 1.013873125 0.774334375
v 0.5934375 1.06747625 0.680529375
v 0.40656249999999994 1.06747625 0.680529375
v 0.5934375 1.105379375 0.5656418750000001
v 0.40656249999999994 1.105379375 0.5656418750000001
v 0.5934375 1.124999375 0.43750125
v 0.40656249999999994 1.124999375 0.43750125
v 0.5934375 0.875 0.875
v 0.5934375 0.948223125 0.840665
v 0.562395625 1.124999375 0.43750125
v 0.562395625 1.105379375 0.5656418750000001
v 0.43760437499999993 1.124999375 0.43750125
v 0.43760437499999993 1.105379375 0.5656418750000001
v 0.562395625 1.06747625 0.680529375
v 0.43760437499999993 1.06747625 0.680529375
v 0.531145625 1.013873125 0.774334375
v 0.46885437499999993 1.013873125 0.774334375
v 0.531145625 0.948223125 0.840665
v 0.46885437499999993 0.948223125 0.840665
v 0.531145625 0.875 0.875
v 0.46885437499999993 0.875 0.875
v 0.43760437499999993 1.1196825 0.4722275
v 0.40656249999999994 1.1196825 0.4722275
v 0.562395625 1.1196825 0.4722275
v 0.5934375 1.1196825 0.4722275
v 0.43760437499999993 1.08447 0.6290193749999999
v 0.40656249999999994 1.08447 0.6290193749999999
v 0.562395625 1.08447 0.6290193749999999
v 0.5934375 1.08447 0.6290193749999999
v 0.56224 1.103816875 0.5656418750000001
v 0.56224 1.118101875 0.472344375
v 0.4377599999999999 1.118101875 0.472344375
v 0.4377599999999999 1.103816875 0.5656418750000001
v 0.56224 1.08293375 0.62894
v 0.4377599999999999 1.08293375 0.62894
v 0.515625 1.40625 -0.09375
v 0.515625 1.40625 -0.15625
v 0.5249999999999999 1.375 -0.08437500000000009
v 0.5249999999999999 1.375 -0.1656249999999999
v 0.48437499999999994 1.40625 -0.09375
v 0.48437499999999994 1.40625 -0.15625
v 0.475 1.375 -0.08437500000000009
v 0.475 1.375 -0.1656249999999999
v 0.515625 1.40625 0.15625
v 0.515625 1.40625 0.09375
v 0.5249999999999999 1.375 0.16562500000000002
v 0.5249999999999999 1.375 0.08437499999999998
v 0.48437499999999994 1.40625 0.15625
v 0.48437499999999994 1.40625 0.09375
v 0.475 1.375 0.16562500000000002
v 0.475 1.375 0.08437499999999998
v 0.515625 1.40625 0.03125
v 0.515625 1.40625 -0.03125
v 0.5249999999999999 1.375 0.04062500000000002
v 0.5249999999999999 1.375 -0.04062500000000002
v 0.48437499999999994 1.40625 0.03125
v 0.48437499999999994 1.40625 -0.03125
v 0.475 1.375 0.04062500000000002
v 0.475 1.375 -0.04062500000000002
v 0.546875 1.375065 0.20345187499999995
v 0.546875 1.3511475 0.14570937500000003
v 0.546875 1.0863524999999998 0.32304062499999997
v 0.546875 1.062435 0.26529812500000005
v 0.45312499999999994 1.375065 0.20345187499999995
v 0.45312499999999994 1.3511475 0.14570937500000003
v 0.45312499999999994 1.0863524999999998 0.32304062499999997
v 0.45312499999999994 1.062435 0.26529812500000005
v 0.5625 1.390625 0.328125
v 0.5625 1.390625 -0.328125
v 0.5625 1.296875 0.328125
v 0.5625 1.296875 -0.328125
v 0.43749999999999994 1.390625 0.328125
v 0.43749999999999994 1.390625 -0.328125
v 0.43749999999999994 1.296875 0.328125
v 0.43749999999999994 1.296875 -0.328125
v 0.546875 1.3511475 -0.14570937500000003
v 0.546875 1.375065 -0.20345187500000006
v 0.546875 1.062435 -0.26529812499999994
v 0.546875 1.0863524999999998 -0.32304062499999997
v 0.45312499999999994 1.3511475 -0.14570937500000003
v 0.45312499999999994 1.375065 -0.20345187500000006
v 0.45312499999999994 1.062435 -0.26529812499999994
v 0.45312499999999994 1.0863524999999998 -0.32304062499999997
v 0.5934375 0.874999375 -0.4375
v 0.40656249999999994 0.874999375 -0.4375
v 0.40656249999999994 0.875 -0.875
v 0.40656249999999994 0.948223125 -0.840665
v 0.5934375 1.013873125 -0.774334375
v 0.40656249999999994 1.013873125 -0.774334375
v 0.5934375 1.06747625 -0.6805293750000001
v 0.40656249999999994 1.06747625 -0.6805293750000001
v 0.5934375 1.105379375 -0.5656418750000001
v 0.40656249999999994 1.105379375 -0.5656418750000001
v 0.5934375 1.124999375 -0.43750124999999995
v 0.40656249999999994 1.124999375 -0.43750124999999995
v 0.5934375 0.875 -0.875
v 0.5934375 0.948223125 -0.840665
v 0.562395625 1.124999375 -0.43750124999999995
v 0.562395625 1.105379375 -0.5656418750000001
v 0.43760437499999993 1.124999375 -0.43750124999999995
v 0.43760437499999993 1.105379375 -0.5656418750000001
v 0.562395625 1.06747625 -0.6805293750000001
v 0.43760437499999993 1.06747625 -0.6805293750000001
v 0.531145625 1.013873125 -0.774334375
v 0.46885437499999993 1.013873125 -0.774334375
v 0.531145625 0.948223125 -0.840665
v 0.46885437499999993 0.948223125 -0.840665
v 0.531145625 0.875 -0.875
v 0.46885437499999993 0.875 -0.875
v 0.43760437499999993 1.1196825 -0.4722275
v 0.40656249999999994 1.1196825 -0.4722275
v 0.562395625 1.1196825 -0.4722275
v 0.5934375 1.1196825 -0.4722275
v 0.43760437499999993 1.08447 -0.6290193749999999
v 0.40656249999999994 1.08447 -0.6290193749999999
v 0.562395625 1.08447 -0.6290193749999999
v 0.5934375 1.08447 -0.6290193749999999
v 0.56224 1.102254375 -0.5656418750000001
v 0.56224 1.116539375 -0.47234437500000004
v 0.4377599999999999 1.116539375 -0.47234437500000004
v 0.4377599999999999 1.102254375 -0.5656418750000001
v 0.56224 1.08137125 -0.62894
v 0.4377599999999999 1.08137125 -0.62894
v 0.546875 1.015625 -0.875
v 0.578125 1.046875 -0.84375
v 0.546875 0.921875 -0.875
v 0.578125 0.890625 -0.84375
v 0.45312499999999994 1.015625 -0.875
v 0.42187499999999994 1.046875 -0.84375
v 0.45312499999999994 0.921875 -0.875
v 0.42187499999999994 0.890625 -0.84375
v 0.546875 1 -0.875
v 0.45312499999999994 1 -0.875
v 0.42187499999999994 1 -0.84375
v 0.578125 1 -0.84375
v 0.546875 0.9375 -0.875
v 0.45312499999999994 0.9375 -0.875
v 0.42187499999999994 0.9249999999999999 -0.84375
v 0.578125 0.9249999999999999 -0.84375
v 0.46874999999999994 0.9375 -0.8125
v 0.46874999999999994 1 -0.8125
v 0.46874999999999994 1.015625 -0.875
v 0.46874999999999994 1.046875 -0.84375
v 0.46874999999999994 1 -0.84375
v 0.46874999999999994 0.9249999999999999 -0.84375
v 0.46874999999999994 0.890625 -0.84375
v 0.46874999999999994 0.921875 -0.875
v 0.46874999999999994 1.03125 -0.859375
v 0.5625 1.03125 -0.859375
v 0.5625 1 -0.859375
v 0.5625 0.9312499999999999 -0.859375
v 0.5625 0.90625 -0.859375
v 0.46874999999999994 0.90625 -0.859375
v 0.43749999999999994 0.90625 -0.859375
v 0.43749999999999994 0.9312499999999999 -0.859375
v 0.43749999999999994 1 -0.859375
v 0.43749999999999994 1.03125 -0.859375
v 0.53125 1 -0.8125
v 0.53125 0.9375 -0.8125
v 0.53125 0.921875 -0.875
v 0.5375 0.90625 -0.859375
v 0.54375 0.890625 -0.84375
v 0.54375 0.9249999999999999 -0.84375
v 0.54375 1 -0.84375
v 0.54375 1.046875 -0.84375
v 0.5375 1.03125 -0.859375
v 0.53125 1.015625 -0.875
v 0.5328124999999999 1 -0.875
v 0.5328124999999999 0.9375 -0.875
v 0.5328124999999999 0.921875 -0.875
v 0.54375 0.90625 -0.859375
v 0.5546875 0.890625 -0.84375
v 0.5546875 0.9249999999999999 -0.84375
v 0.5546875 1 -0.84375
v 0.5546875 1.046875 -0.84375
v 0.54375 1.03125 -0.859375
v 0.5328124999999999 1.015625 -0.875
v 0.53125 1.0015625 -0.875
v 0.46874999999999994 1.0015625 -0.875
v 0.45312499999999994 1.0015625 -0.875
v 0.43749999999999994 1.009375 -0.859375
v 0.42187499999999994 1.0171875 -0.84375
v 0.46874999999999994 1.0171875 -0.84375
v 0.54375 1.0171875 -0.84375
v 0.5546875 1.0171875 -0.84375
v 0.578125 1.0171875 -0.84375
v 0.5625 1.009375 -0.859375
v 0.546875 1.0015625 -0.875
v 0.5328124999999999 1.0015625 -0.875
v 0.53125 0.9359375 -0.875
v 0.46874999999999994 0.9359375 -0.875
v 0.45312499999999994 0.9359375 -0.875
v 0.43749999999999994 0.9249999999999999 -0.859375
v 0.42187499999999994 0.9140625 -0.84375
v 0.46874999999999994 0.9140625 -0.84375
v 0.54375 0.9140625 -0.84375
v 0.5546875 0.9140625 -0.84375
v 0.578125 0.9140625 -0.84375
v 0.5625 0.9249999999999999 -0.859375
v 0.546875 0.9359375 -0.875
v 0.5328124999999999 0.9359375 -0.875
v 0.4671875 0.9375 -0.875
v 0.4671875 1 -0.875
v 0.4671875 1.0015625 -0.875
v 0.4671875 1.015625 -0.875
v 0.459375 1.03125 -0.859375
v 0.4515625 1.046875 -0.84375
v 0.4515625 1.0171875 -0.84375
v 0.4515625 1 -0.84375
v 0.4515625 0.9249999999999999 -0.84375
v 0.4515625 0.9140625 -0.84375
v 0.4515625 0.890625 -0.84375
v 0.459375 0.90625 -0.859375
v 0.4671875 0.921875 -0.875
v 0.4671875 0.9359375 -0.875
v 0.5625 1.0546875 -0.796875
v 0.5625 1.071875 -0.671875
v 0.43749999999999994 1.0546875 -0.796875
v 0.43749999999999994 1.071875 -0.671875
v 0.578125 1.046875 -0.84375
v 0.578125 1.078125 -0.625
v 0.578125 0.921875 -0.84375
v 0.578125 0.921875 -0.6875
v 0.42187499999999994 1.046875 -0.84375
v 0.42187499999999994 1.078125 -0.625
v 0.42187499999999994 0.921875 -0.84375
v 0.42187499999999994 0.921875 -0.6875
vt 0.015625 0.9875
vt 0.015625 1
vt 0 1
vt 0 0.9875
vt 0.015625 0.9875
vt 0.015625 1
vt 0 1
vt 0 0.9875
vt 0.01875 0.984375
vt 0.01875 1
vt 0 1
vt 0 0.984375
vt 0.01875 0.984375
vt 0.01875 1
vt 0 1
vt 0 0.984375
vt 0.01875 0.9875
vt 0.01875 1
vt 0 1
vt 0 0.9875
vt 0.01875 0.9875
vt 0.01875 1
vt 0 1
vt 0 0.9875
vt 0.015625 0.9703125
vt 0.015625 1
vt 0 1
vt 0 0.9703125
vt 0.015625 0.9703125
vt 0.015625 1
vt 0 1
vt 0 0.9703125
vt 0.125 0.984375
vt 0.125 1
vt 0 1
vt 0 0.984375
vt 0.125 0.984375
vt 0.125 1
vt 0 1
vt 0 0.984375
vt 0.125 0.9703125
vt 0.125 1
vt 0 1
vt 0 0.9703125
vt 0.125 0.9703125
vt 0.125 1
vt 0 1
vt 0 0.9703125
vt 0 1
vt 0 1
vt 0 0.9390625
vt 0 0.9390625
vt 0 1
vt 0 1
vt 0 0.9390625
vt 0 0.9390625
vt 0.125 1
vt 0.125 1
vt 0 1
vt 0 1
vt 0.125 1
vt 0.125 1
vt 0 1
vt 0 1
vt 0.125 0.9390625
vt 0.125 1
vt 0 1
vt 0 0.9390625
vt 0.125 0.9390625
vt 0.125 1
vt 0 1
vt 0 0.9390625
vt 0.015625 0.971875
vt 0.015625 1
vt 0 1
vt 0 0.971875
vt 0.015625 0.971875
vt 0.015625 1
vt 0 1
vt 0 0.971875
vt 0.125 0.984375
vt 0.125 1
vt 0 1
vt 0 0.984375
vt 0.125 0.984375
vt 0.125 1
vt 0 1
vt 0 0.984375
vt 0.125 0.971875
vt 0.125 1
vt 0 1
vt 0 0.971875
vt 0.125 0.971875
vt 0.125 1
vt 0 1
vt 0 0.971875
vt 0.015625 0.9875
vt 0.015625 1
vt 0 1
vt 0 0.9875
vt 0.015625 0.9875
vt 0.015625 1
vt 0 1
vt 0 0.9875
vt 0.01875 0.984375
vt 0.01875 1
vt 0 1
vt 0 0.984375
vt 0.01875 0.984375
vt 0.01875 1
vt 0 1
vt 0 0.984375
vt 0.01875 0.9875
vt 0.01875 1
vt 0 1
vt 0 0.9875
vt 0.01875 0.9875
vt 0.01875 1
vt 0 1
vt 0 0.9875
vt 0 1
vt 0.015625 1
vt 0.015625 0.9875
vt 0 0.9875
vt 0 1
vt 0.015625 1
vt 0.015625 0.9875
vt 0 0.9875
vt 0 1
vt 0.01875 1
vt 0.01875 0.984375
vt 0 0.984375
vt 0 1
vt 0.01875 1
vt 0.01875 0.984375
vt 0 0.984375
vt 0 1
vt 0.01875 1
vt 0.01875 0.9875
vt 0 0.9875
vt 0 1
vt 0.01875 1
vt 0.01875 0.9875
vt 0 0.9875
vt 0 1
vt 0.015625 1
vt 0.015625 0.9703125
vt 0 0.9703125
vt 0 1
vt 0.015625 1
vt 0.015625 0.9703125
vt 0 0.9703125
vt 0 1
vt 0.125 1
vt 0.125 0.984375
vt 0 0.984375
vt 0 1
vt 0.125 1
vt 0.125 0.984375
vt 0 0.984375
vt 0 1
vt 0.125 1
vt 0.125 0.9703125
vt 0 0.9703125
vt 0 1
vt 0.125 1
vt 0.125 0.9703125
vt 0 0.9703125
vt 0 1
vt 0 1
vt 0 0.9390625
vt 0 0.9390625
vt 0 1
vt 0 1
vt 0 0.9390625
vt 0 0.9390625
vt 0 1
vt 0.125 1
vt 0.125 1
vt 0 1
vt 0 1
vt 0.125 1
vt 0.125 1
vt 0 1
vt 0 1
vt 0.125 1
vt 0.125 0.9390625
vt 0 0.9390625
vt 0 1
vt 0.125 1
vt 0.125 0.9390625
vt 0 0.9390625
vt 0 1
vt 0.015625 1
vt 0.015625 0.971875
vt 0 0.971875
vt 0 1
vt 0.015625 1
vt 0.015625 0.971875
vt 0 0.971875
vt 0 1
vt 0.125 1
vt 0.125 0.984375
vt 0 0.984375
vt 0 1
vt 0.125 1
vt 0.125 0.984375
vt 0 0.984375
vt 0 1
vt 0.125 1
vt 0.125 0.971875
vt 0 0.971875
vt 0 1
vt 0.125 1
vt 0.125 0.971875
vt 0 0.971875
vt 0 1
vt 0.015625 1
vt 0.015625 0.9875
vt 0 0.9875
vt 0 1
vt 0.015625 1
vt 0.015625 0.9875
vt 0 0.9875
vt 0 1
vt 0.01875 1
vt 0.01875 0.984375
vt 0 0.984375
vt 0 1
vt 0.01875 1
vt 0.01875 0.984375
vt 0 0.984375
vt 0 1
vt 0.01875 1
vt 0.01875 0.9875
vt 0 0.9875
vt 0 1
vt 0.01875 1
vt 0.01875 0.9875
vt 0 0.9875
vt 0.0625 0.375
vt 0.0625 1
vt 0 1
vt 0 0.375
vt 0.0625 0.375
vt 0.0625 1
vt 0 1
vt 0 0.375
vt 0.03125 0.9375
vt 0.03125 1
vt 0 1
vt 0 0.9375
vt 0.03125 0.9375
vt 0.03125 1
vt 0 1
vt 0 0.9375
vt 0.03125 0.375
vt 0.03125 1
vt 0 1
vt 0 0.375
vt 0.03125 0.375
vt 0.03125 1
vt 0 1
vt 0 0.375
vt 2.5 -0.6875
vt 2.5 0.25
vt 3.25 0.25
vt 3.25 -0.6875
vt 3.3125 1
vt 3.3125 0.25
vt 3.25 0.25
vt 3.25 1
vt 3.375 0.25
vt 3.375 1
vt 3.3125 1
vt 3.3125 0.25
vt 4.0625 -0.6875
vt 4.0625 0.25
vt 4.125 0.25
vt 4.125 -0.6875
vt 3.25 -0.6875
vt 3.25 0.25
vt 3.3125 0.25
vt 3.3125 -0.6875
vt 4.375 -3.875
vt 4.375 -3
vt 3.75 -3
vt 3.75 -3.875
vt 5.1875 -3.875
vt 5.1875 -3
vt 4.5625 -3
vt 4.5625 -3.875
vt 4.375 -2.375
vt 4.375 -3
vt 4.5625 -3
vt 4.5625 -2.375
vt 4.5625 -3
vt 4.5625 -2.375
vt 4.75 -2.375
vt 4.75 -3
vt 5.375 -3.875
vt 5.375 -3
vt 5.1875 -3
vt 5.1875 -3.875
vt 1 0
vt 1 1
vt 0 1
vt 0 0
vt 4.375 -3.875
vt 4.375 -3
vt 3.75 -3
vt 3.75 -3.875
vt 5.1875 -3.875
vt 5.1875 -3
vt 4.5625 -3
vt 4.5625 -3.875
vt 4.375 -2.375
vt 4.375 -3
vt 4.5625 -3
vt 4.5625 -2.375
vt 4.5625 -3
vt 4.5625 -2.375
vt 4.75 -2.375
vt 4.75 -3
vt 5.375 -3.875
vt 5.375 -3
vt 5.1875 -3
vt 5.1875 -3.875
vt 4.375 -3.875
vt 4.375 -3
vt 3.75 -3
vt 3.75 -3.875
vt 5.1875 -3.875
vt 5.1875 -3
vt 4.5625 -3
vt 4.5625 -3.875
vt 4.375 -2.375
vt 4.375 -3
vt 4.5625 -3
vt 4.5625 -2.375
vt 4.5625 -3
vt 4.5625 -2.375
vt 4.75 -2.375
vt 4.75 -3
vt 5.375 -3.875
vt 5.375 -3
vt 5.1875 -3
vt 5.1875 -3.875
vt 4.375 -3.875
vt 4.375 -3
vt 3.75 -3
vt 3.75 -3.875
vt 5.1875 -3.875
vt 5.1875 -3
vt 4.5625 -3
vt 4.5625 -3.875
vt 4.375 -2.375
vt 4.375 -3
vt 4.5625 -3
vt 4.5625 -2.375
vt 4.5625 -3
vt 4.5625 -2.375
vt 4.75 -2.375
vt 4.75 -3
vt 5.375 -3.875
vt 5.375 -3
vt 5.1875 -3
vt 5.1875 -3.875
vt 1.25 -1
vt 1.25 -1.421875
vt 2.125 -1.421875
vt 2.125 -1
vt 2.3125 -1
vt 2.3125 -1.421875
vt 3.1875 -1.421875
vt 3.1875 -1
vt 2.125 -0.125
vt 2.125 -1
vt 2.3125 -1
vt 2.3125 -0.125
vt 2.3125 -1
vt 2.3125 -0.125
vt 2.5 -0.125
vt 2.5 -1
vt 3.1875 -1
vt 3.1875 -1.421875
vt 3.375 -1.421875
vt 3.375 -1
vt 2.125 -1
vt 2.125 -1.421875
vt 2.3125 -1.421875
vt 2.3125 -1
vt 2.3125 -2.125
vt 2.3125 -1.421875
vt 2.125 -1.421875
vt 2.125 -2.125
vt 2.125 -2.125
vt 2.125 -1.421875
vt 1.25 -1.421875
vt 1.25 -2.125
vt 3.375 -2.125
vt 3.375 -1.421875
vt 3.1875 -1.421875
vt 3.1875 -2.125
vt 3.1875 -2.125
vt 3.1875 -1.421875
vt 2.3125 -1.421875
vt 2.3125 -2.125
vt 4.375 -3.875
vt 4.375 -3
vt 3.75 -3
vt 3.75 -3.875
vt 5.1875 -3.875
vt 5.1875 -3
vt 4.5625 -3
vt 4.5625 -3.875
vt 4.375 -2.375
vt 4.375 -3
vt 4.5625 -3
vt 4.5625 -2.375
vt 4.5625 -3
vt 4.5625 -2.375
vt 4.75 -2.375
vt 4.75 -3
vt 5.375 -3.875
vt 5.375 -3
vt 5.1875 -3
vt 5.1875 -3.875
vt 4.5625 -3.875
vt 4.5625 -3
vt 4.375 -3
vt 4.375 -3.875
vt 3.75 -3
vt 4.375 -3
vt 4.375 -3.875
vt 3.75 -3.875
vt 4.5625 -3
vt 5.1875 -3
vt 5.1875 -3.875
vt 4.5625 -3.875
vt 4.5625 -3
vt 4.375 -3
vt 4.375 -2.375
vt 4.5625 -2.375
vt 4.75 -2.375
vt 4.5625 -2.375
vt 4.5625 -3
vt 4.75 -3
vt 5.1875 -3
vt 5.375 -3
vt 5.375 -3.875
vt 5.1875 -3.875
vt 0 1
vt 1 1
vt 1 0
vt 0 0
vt 3.75 -3
vt 4.375 -3
vt 4.375 -3.875
vt 3.75 -3.875
vt 4.5625 -3
vt 5.1875 -3
vt 5.1875 -3.875
vt 4.5625 -3.875
vt 4.5625 -3
vt 4.375 -3
vt 4.375 -2.375
vt 4.5625 -2.375
vt 4.75 -2.375
vt 4.5625 -2.375
vt 4.5625 -3
vt 4.75 -3
vt 5.1875 -3
vt 5.375 -3
vt 5.375 -3.875
vt 5.1875 -3.875
vt 3.75 -3
vt 4.375 -3
vt 4.375 -3.875
vt 3.75 -3.875
vt 4.5625 -3
vt 5.1875 -3
vt 5.1875 -3.875
vt 4.5625 -3.875
vt 4.5625 -3
vt 4.375 -3
vt 4.375 -2.375
vt 4.5625 -2.375
vt 4.75 -2.375
vt 4.5625 -2.375
vt 4.5625 -3
vt 4.75 -3
vt 5.1875 -3
vt 5.375 -3
vt 5.375 -3.875
vt 5.1875 -3.875
vt 3.75 -3
vt 4.375 -3
vt 4.375 -3.875
vt 3.75 -3.875
vt 4.5625 -3
vt 5.1875 -3
vt 5.1875 -3.875
vt 4.5625 -3.875
vt 4.5625 -3
vt 4.375 -3
vt 4.375 -2.375
vt 4.5625 -2.375
vt 4.75 -2.375
vt 4.5625 -2.375
vt 4.5625 -3
vt 4.75 -3
vt 5.1875 -3
vt 5.375 -3
vt 5.375 -3.875
vt 5.1875 -3.875
vt 0 1
vt 0 0.9609375
vt 0.015625 0.9609375
vt 0.015625 1
vt 0.015625 1
vt 0.015625 0.9609375
vt 0.03125 0.9609375
vt 0.03125 1
vt 0.078125 0.96875
vt 0.109375 0.96875
vt 0.109375 0.984375
vt 0.078125 0.984375
vt 0.078125 0.984375
vt 0.109375 0.984375
vt 0.109375 1
vt 0.078125 1
vt 0.078125 1
vt 0.078125 0.9609375
vt 0.109375 0.9609375
vt 0.109375 1
vt 0.046875 1
vt 0.046875 0.9609375
vt 0.078125 0.9609375
vt 0.078125 1
vt 0.078125 0.890625
vt 0.109375 0.890625
vt 0.109375 0.921875
vt 0.078125 0.921875
vt 0.03125 0.921875
vt 0.015625 0.921875
vt 0.015625 0.890625
vt 0.03125 0.890625
vt 0 0.890625
vt 0.015625 0.890625
vt 0.015625 0.921875
vt 0 0.921875
vt 0.078125 0.890625
vt 0.078125 0.8671875
vt 0.109375 0.8671875
vt 0.109375 0.890625
vt 0.015625 0.890625
vt 0.015625 0.8671875
vt 0.03125 0.8671875
vt 0.03125 0.890625
vt 0.046875 0.890625
vt 0.046875 0.8671875
vt 0.078125 0.8671875
vt 0.078125 0.890625
vt 0 0.890625
vt 0 0.8671875
vt 0.015625 0.8671875
vt 0.015625 0.890625
vt 0.078125 0.921875
vt 0.0390625 0.921875
vt 0.0390625 0.890625
vt 0.078125 0.890625
vt 0.078125 1
vt 0.0390625 1
vt 0.0390625 0.9609375
vt 0.078125 0.9609375
vt 0.078125 0.984375
vt 0.0390625 0.984375
vt 0.0390625 0.96875
vt 0.078125 0.96875
vt 0.078125 0.9609375
vt 0.1171875 0.9609375
vt 0.1171875 1
vt 0.078125 1
vt 0.078125 0.890625
vt 0.1171875 0.890625
vt 0.1171875 0.921875
vt 0.078125 0.921875
vt 0.078125 0.8671875
vt 0.1171875 0.8671875
vt 0.1171875 0.890625
vt 0.078125 0.890625
vt 0.078125 1
vt 0.0390625 1
vt 0.0390625 0.984375
vt 0.078125 0.984375
vt 0.078125 0.890625
vt 0.0390625 0.890625
vt 0.0390625 0.8671875
vt 0.078125 0.8671875
vt 0.078125 0.984375
vt 0.109375 0.984375
vt 0.109375 1
vt 0.078125 1
vt 0.015625 1
vt 0.015625 0.9609375
vt 0.03125 0.9609375
vt 0.03125 1
vt 0.03125 0.921875
vt 0.015625 0.921875
vt 0.015625 0.890625
vt 0.03125 0.890625
vt 0.015625 0.890625
vt 0.015625 0.8671875
vt 0.03125 0.8671875
vt 0.03125 0.890625
vt 0.078125 0.96875
vt 0.109375 0.96875
vt 0.109375 0.984375
vt 0.078125 0.984375
vt 0.078125 0.984375
vt 0.0390625 0.984375
vt 0.0390625 0.96875
vt 0.078125 0.96875
vt 0 0.890625
vt 0 0.8671875
vt 0.015625 0.8671875
vt 0.015625 0.890625
vt 0 0.890625
vt 0.015625 0.890625
vt 0.015625 0.921875
vt 0 0.921875
vt 0 1
vt 0 0.9609375
vt 0.015625 0.9609375
vt 0.015625 1
vt 0.078125 1
vt 0.0390625 1
vt 0.0390625 0.984375
vt 0.078125 0.984375
vt 0.109375 0.890625
vt 0.1328125 0.890625
vt 0.1328125 0.921875
vt 0.109375 0.921875
vt 0.109375 0.890625
vt 0.109375 0.8671875
vt 0.1328125 0.8671875
vt 0.1328125 0.890625
vt 0.109375 0.984375
vt 0.1328125 0.984375
vt 0.1328125 1
vt 0.109375 1
vt 0.109375 0.96875
vt 0.1328125 0.96875
vt 0.1328125 0.984375
vt 0.109375 0.984375
vt 0.0234375 0.890625
vt 0.0234375 0.8671875
vt 0.046875 0.8671875
vt 0.046875 0.890625
vt 0.046875 0.921875
vt 0.0234375 0.921875
vt 0.0234375 0.890625
vt 0.046875 0.890625
vt 0.0234375 1
vt 0.0234375 0.9609375
vt 0.046875 0.9609375
vt 0.046875 1
vt 0.109375 0.984375
vt 0.1328125 0.984375
vt 0.1328125 1
vt 0.109375 1
vt 0.109375 0.96875
vt 0.1328125 0.96875
vt 0.1328125 0.984375
vt 0.109375 0.984375
vt 0.109375 1
vt 0.109375 0.9609375
vt 0.1328125 0.9609375
vt 0.1328125 1
vt 0.15625 0.921875
vt 0.1328125 0.921875
vt 0.1328125 0.890625
vt 0.15625 0.890625
vt 0.1328125 0.890625
vt 0.1328125 0.8671875
vt 0.15625 0.8671875
vt 0.15625 0.890625
vt 0.15625 1
vt 0.1328125 1
vt 0.1328125 0.984375
vt 0.15625 0.984375
vt 0.15625 0.984375
vt 0.1328125 0.984375
vt 0.1328125 0.96875
vt 0.15625 0.96875
vt 0 0.890625
vt 0 0.8671875
vt 0.0234375 0.8671875
vt 0.0234375 0.890625
vt 0 0.890625
vt 0.0234375 0.890625
vt 0.0234375 0.921875
vt 0 0.921875
vt 0 1
vt 0 0.9609375
vt 0.0234375 0.9609375
vt 0.0234375 1
vt 0.15625 1
vt 0.1328125 1
vt 0.1328125 0.984375
vt 0.15625 0.984375
vt 0.15625 0.984375
vt 0.1328125 0.984375
vt 0.1328125 0.96875
vt 0.15625 0.96875
vt 0.1328125 1
vt 0.1328125 0.9609375
vt 0.15625 0.9609375
vt 0.15625 1
vt 0.109375 0.921875
vt 0.109375 0.9609375
vt 0.078125 0.9609375
vt 0.078125 0.921875
vt 0.078125 0.9609375
vt 0.0390625 0.9609375
vt 0.0390625 0.921875
vt 0.078125 0.921875
vt 0.03125 0.921875
vt 0.03125 0.9609375
vt 0.015625 0.9609375
vt 0.015625 0.921875
vt 0.015625 0.921875
vt 0.015625 0.9609375
vt 0 0.9609375
vt 0 0.921875
vt 0.078125 0.921875
vt 0.1171875 0.921875
vt 0.1171875 0.9609375
vt 0.078125 0.9609375
vt 0.078125 0.921875
vt 0.078125 0.9609375
vt 0.046875 0.9609375
vt 0.046875 0.921875
vt 0.046875 0.921875
vt 0.046875 0.9609375
vt 0.0234375 0.9609375
vt 0.0234375 0.921875
vt 0.0234375 0.921875
vt 0.0234375 0.9609375
vt 0 0.9609375
vt 0 0.921875
vt 0.03125 0.921875
vt 0.03125 0.9609375
vt 0.015625 0.9609375
vt 0.015625 0.921875
vt 0.015625 0.921875
vt 0.015625 0.9609375
vt 0 0.9609375
vt 0 0.921875
vt 0.15625 0.921875
vt 0.15625 0.9609375
vt 0.1328125 0.9609375
vt 0.1328125 0.921875
vt 0.1328125 0.921875
vt 0.1328125 0.9609375
vt 0.109375 0.9609375
vt 0.109375 0.921875
vt 0.109375 0.84375
vt 0.109375 0.8671875
vt 0.078125 0.8671875
vt 0.078125 0.84375
vt 0.078125 0.8671875
vt 0.0390625 0.8671875
vt 0.0390625 0.84375
vt 0.078125 0.84375
vt 0.03125 0.84375
vt 0.03125 0.8671875
vt 0.015625 0.8671875
vt 0.015625 0.84375
vt 0.015625 0.84375
vt 0.015625 0.8671875
vt 0 0.8671875
vt 0 0.84375
vt 0.078125 0.84375
vt 0.1171875 0.84375
vt 0.1171875 0.8671875
vt 0.078125 0.8671875
vt 0.078125 0.84375
vt 0.078125 0.8671875
vt 0.046875 0.8671875
vt 0.046875 0.84375
vt 0.046875 0.84375
vt 0.046875 0.8671875
vt 0.0234375 0.8671875
vt 0.0234375 0.84375
vt 0.0234375 0.84375
vt 0.0234375 0.8671875
vt 0 0.8671875
vt 0 0.84375
vt 0.03125 0.84375
vt 0.03125 0.8671875
vt 0.015625 0.8671875
vt 0.015625 0.84375
vt 0.015625 0.84375
vt 0.015625 0.8671875
vt 0 0.8671875
vt 0 0.84375
vt 0.15625 0.84375
vt 0.15625 0.8671875
vt 0.1328125 0.8671875
vt 0.1328125 0.84375
vt 0.1328125 0.84375
vt 0.1328125 0.8671875
vt 0.109375 0.8671875
vt 0.109375 0.84375
vt 0 0.890625
vt 0.0390625 0.890625
vt 0.0390625 0.921875
vt 0 0.921875
vt 0 0.921875
vt 0.0390625 0.921875
vt 0.0390625 0.9609375
vt 0 0.9609375
vt 0 0.9609375
vt 0.0390625 0.9609375
vt 0.0390625 1
vt 0 1
vt 0 0.96875
vt 0.0390625 0.96875
vt 0.0390625 0.984375
vt 0 0.984375
vt 0 0.984375
vt 0.0390625 0.984375
vt 0.0390625 1
vt 0 1
vt 0.15625 1
vt 0.1171875 1
vt 0.1171875 0.9609375
vt 0.15625 0.9609375
vt 0.15625 0.9609375
vt 0.1171875 0.9609375
vt 0.1171875 0.921875
vt 0.15625 0.921875
vt 0.15625 0.921875
vt 0.1171875 0.921875
vt 0.1171875 0.890625
vt 0.15625 0.890625
vt 0.15625 0.890625
vt 0.1171875 0.890625
vt 0.1171875 0.8671875
vt 0.15625 0.8671875
vt 0.15625 0.8671875
vt 0.1171875 0.8671875
vt 0.1171875 0.84375
vt 0.15625 0.84375
vt 0 0.96875
vt 0.0390625 0.96875
vt 0.0390625 0.984375
vt 0 0.984375
vt 0 0.984375
vt 0.0390625 0.984375
vt 0.0390625 1
vt 0 1
vt 0 0.84375
vt 0.0390625 0.84375
vt 0.0390625 0.8671875
vt 0 0.8671875
vt 0 0.8671875
vt 0.0390625 0.8671875
vt 0.0390625 0.890625
vt 0 0.890625
vt 1 0
vt 1 1
vt 0 1
vt 0 0
vt 0.15625 0.875
vt 0.15625 1
vt 0 1
vt 0 0.875
vt 0.15625 0.875
vt 0.15625 1
vt 0 1
vt 0 0.875
vt 0.15625 0.84375
vt 0.15625 1
vt 0 1
vt 0 0.84375
vt 0.15625 0.84375
vt 0.15625 1
vt 0 1
vt 0 0.84375
vt 0.15625 0.875
vt 0.15625 1
vt 0 1
vt 0 0.875
vt 0.15625 0.875
vt 0.15625 1
vt 0 1
vt 0 0.875
vt 0 0.495685625
vt 0.13052875 0.512870625
vt 0 1
vt 0 0.495685625
vt 0.13052375 0.512869375
vt 0 1
vt 0 1
vt 0 0.833333125
vt 0.13165 0.833333125
vt 0.13165 1
vt 0 0.495685625
vt 0.130528125 0.512870625
vt 0 1
vt 0 0.86947625
vt 0.49661 0.927996875
vt 0.487130625 1
vt 0 1
vt 0.058520625 0.50339
vt 0.13052375 0.512869375
vt 0 0.86947125
vt 0.49178625 0.96462625
vt 0.487129375 1
vt 0 1
vt 0.095155 0.5082131249999999
vt 0.13052875 0.512870625
vt 0 1
vt 0 0.833333125
vt 0.13165 0.833333125
vt 0.13165 1
vt 0 1
vt 0 0.833333125
vt 0.13165 0.833333125
vt 0.13165 1
vt 0.13165 1
vt 0.059025625 1
vt 0.059025625 0.833333125
vt 0.13165 0.833333125
vt 0.13165 1
vt 0.0959725 1
vt 0.0959725 0.833333125
vt 0.13165 0.833333125
vt 0.504314375 0.869471875
vt 0.487129375 1
vt 0 0.869471875
vt 0.504314375 0.86947625
vt 0.487130625 1
vt 0 0.86947625
vt 0.504314375 0.86947125
vt 0.487129375 1
vt 0 0.86947125
vt 0.13165 0.666666875
vt 0.0959725 0.666666875
vt 0.0959725 0.5
vt 0.13165 0.5
vt 0.13165 0.833333125
vt 0.0959725 0.833333125
vt 0.0959725 0.666666875
vt 0.13165 0.666666875
vt 0.13165 0.666666875
vt 0.059025625 0.666666875
vt 0.059025625 0.5
vt 0.13165 0.5
vt 0 0.421875
vt 0 0.0703125
vt 1 0.0703125
vt 1 0.421875
vt 0.13165 0.5
vt 0.13165 0.666666875
vt 0 0.666666875
vt 0 0.5
vt 0.13165 0.666666875
vt 0.13165 0.833333125
vt 0 0.833333125
vt 0 0.666666875
vt 0.13165 0.5
vt 0.13165 0.666666875
vt 0 0.666666875
vt 0 0.5
vt 0.13165 0.666666875
vt 0.13165 0.833333125
vt 0 0.833333125
vt 0 0.666666875
vt 0.13165 0.5
vt 0.13165 0.666666875
vt 0 0.666666875
vt 0 0.5
vt 0.13165 0.666666875
vt 0.13165 0.833333125
vt 0 0.833333125
vt 0 0.666666875
vt 0 0.833333125
vt 0.0959725 0.833333125
vt 0.0959725 1
vt 0 1
vt 0 0.495685625
vt 0.095155 0.5082131249999999
vt 0 1
vt 1 0.4140625
vt 1 1
vt 0 1
vt 0 0.4140625
vt 0 0.5
vt 0.0959725 0.5
vt 0.0959725 0.666666875
vt 0 0.666666875
vt 0.504314375 0.86947125
vt 0.49178625 0.96462625
vt 0 0.86947125
vt 0 0.833333125
vt 0.059025625 0.833333125
vt 0.059025625 1
vt 0 1
vt 0 0.495685625
vt 0.058520625 0.50339
vt 0 1
vt 0 0.666666875
vt 0.059025625 0.666666875
vt 0.059025625 0.833333125
vt 0 0.833333125
vt 0 0.5
vt 0.059025625 0.5
vt 0.059025625 0.666666875
vt 0 0.666666875
vt 0.504314375 0.86947625
vt 0.49661 0.927996875
vt 0 0.86947625
vt 0.0625 0.68738125
vt 0.0625 0.593
vt 0.06265625 0.593
vt 0.06265625 0.6875
vt 0.06265625 0.74988125
vt 0.18713125 0.74988125
vt 0.1872875 0.75
vt 0.0625 0.75
vt 0.06265625 0.7805
vt 0.06265625 0.87488125
vt 0.0625 0.875
vt 0.0625 0.7805
vt 0.12515625 0.80834375
vt 0.12515625 0.875
vt 0.125 0.875
vt 0.125 0.8082625
vt 0.12463125 0.75
vt 0.00015625 0.75
vt 0 0.74991875
vt 0.1247875 0.74991875
vt 0.125 0.6875
vt 0.125 0.62084375
vt 0.12515625 0.6207625
vt 0.12515625 0.6875
vt 0.375 0.8125
vt 0.4375 0.875
vt 0.4375 0.8125
vt 0.375 0.75
vt 0.375 0.875
vt 0.4375 0.9375
vt 0.4375 0.875
vt 0.375 0.8125
vt 0.375 0.875
vt 0.4375 0.875
vt 0.375 0.75
vt 0.375 0.8125
vt 5.125 0.25
vt 5.125 1
vt 5 1
vt 5 0.25
vt 0.375 0.875
vt 0.4375 0.9375
vt 0.4375 0.875
vt 0.375 0.8125
vt 0.375 0.875
vt 0.4375 0.9375
vt 0.4375 0.875
vt 0.375 0.8125
vt 0.8125 0.625
vt 0.875 0.75
vt 0.875 0.6875
vt 0.875 0.625
vt 0.8125 0.8125
vt 0.75 0.875
vt 0.8125 0.875
vt 0.875 0.8125
vt 0.8125 0.625
vt 0.8125 0.5625
vt 0.8125 0.5
vt 0.8125 0.5625
vt 5.125 0.25
vt 5.125 1
vt 5 1
vt 5 0.25
vt 0.8125 0.75
vt 0.75 0.8125
vt 0.8125 0.8125
vt 0.875 0.75
vt 0.8125 1
vt 0.8125 1
vt 0.8125 1
vt 0.8125 1
vt 0.0625 0.9375
vt 0.0625 0.9375
vt 0.0625 0.9375
vt 0.0625 0.9375
vt 0.0625 0.9375
vt 0.0625 0.9375
vt 0.0625 0.9375
vt 0.0625 0.9375
vt 0.0625 1
vt 0.0625 0.9375
vt 0.0625 0.9375
vt 0.0625 1
vt 5.125 0.25
vt 5.125 1
vt 5 1
vt 5 0.25
vt 0.0625 0.9375
vt 0.0625 0.9375
vt 0.0625 0.9375
vt 0.0625 0.9375
vt 0.0625 0.9375
vt 0.0625 0.9375
vt 0.0625 0.9375
vt 0.0625 0.9375
vt 2.5 0.4375
vt 2.5 0.75
vt 2.5625 0.75
vt 2.5625 0.4375
vt 2.375 0.4375
vt 2.375 0.75
vt 2.4375 0.75
vt 2.4375 0.4375
vt 2.5 0.8125
vt 2.5 0.75
vt 2.4375 0.75
vt 2.4375 0.8125
vt 2.5625 0.75
vt 2.5625 0.8125
vt 2.5 0.8125
vt 2.5 0.75
vt 2.5625 0.4375
vt 2.5625 0.75
vt 2.625 0.75
vt 2.625 0.4375
vt 2.4375 0.4375
vt 2.4375 0.75
vt 2.5 0.75
vt 2.5 0.4375
vt 5 0.1875
vt 5 0.25
vt 5.75 0.25
vt 5.75 0.1875
vt 4.125 0.1875
vt 4.125 0.25
vt 4.875 0.25
vt 4.875 0.1875
vt 5 1
vt 5 0.25
vt 4.875 0.25
vt 4.875 1
vt 5.125 0.25
vt 5.125 1
vt 5 1
vt 5 0.25
vt 5.75 0.1875
vt 5.75 0.25
vt 5.875 0.25
vt 5.875 0.1875
vt 4.875 0.1875
vt 4.875 0.25
vt 5 0.25
vt 5 0.1875
vt 2.5 0.4375
vt 2.5 0.75
vt 2.5625 0.75
vt 2.5625 0.4375
vt 2.375 0.4375
vt 2.375 0.75
vt 2.4375 0.75
vt 2.4375 0.4375
vt 2.5 0.8125
vt 2.5 0.75
vt 2.4375 0.75
vt 2.4375 0.8125
vt 2.5625 0.75
vt 2.5625 0.8125
vt 2.5 0.8125
vt 2.5 0.75
vt 2.5625 0.4375
vt 2.5625 0.75
vt 2.625 0.75
vt 2.625 0.4375
vt 2.4375 0.4375
vt 2.4375 0.75
vt 2.5 0.75
vt 2.5 0.4375
vt 0.13052875 0.512870625
vt 0 0.495685625
vt 0 1
vt 0.13052375 0.512869375
vt 0 0.495685625
vt 0 1
vt 0.13165 0.833333125
vt 0 0.833333125
vt 0 1
vt 0.13165 1
vt 0.130528125 0.512870625
vt 0 0.495685625
vt 0 1
vt 0.49661 0.927996875
vt 0 0.86947625
vt 0.487130625 1
vt 0.058520625 0.50339
vt 0 1
vt 0.13052375 0.512869375
vt 0.49178625 0.96462625
vt 0 0.86947125
vt 0.487129375 1
vt 0.095155 0.5082131249999999
vt 0 1
vt 0.13052875 0.512870625
vt 0.13165 0.833333125
vt 0 0.833333125
vt 0 1
vt 0.13165 1
vt 0.13165 0.833333125
vt 0 0.833333125
vt 0 1
vt 0.13165 1
vt 0.059025625 0.833333125
vt 0.059025625 1
vt 0.13165 1
vt 0.13165 0.833333125
vt 0.0959725 0.833333125
vt 0.0959725 1
vt 0.13165 1
vt 0.13165 0.833333125
vt 0.487129375 1
vt 0.504314375 0.869471875
vt 0 0.869471875
vt 0.487130625 1
vt 0.504314375 0.86947625
vt 0 0.86947625
vt 0.487129375 1
vt 0.504314375 0.86947125
vt 0 0.86947125
vt 0.0959725 0.5
vt 0.0959725 0.666666875
vt 0.13165 0.666666875
vt 0.13165 0.5
vt 0.0959725 0.666666875
vt 0.0959725 0.833333125
vt 0.13165 0.833333125
vt 0.13165 0.666666875
vt 0.059025625 0.5
vt 0.059025625 0.666666875
vt 0.13165 0.666666875
vt 0.13165 0.5
vt 0 0.0703125
vt 1 0.0703125
vt 1 0.421875
vt 0 0.421875
vt 0 0.666666875
vt 0.13165 0.666666875
vt 0.13165 0.5
vt 0 0.5
vt 0 0.833333125
vt 0.13165 0.833333125
vt 0.13165 0.666666875
vt 0 0.666666875
vt 0 0.666666875
vt 0.13165 0.666666875
vt 0.13165 0.5
vt 0 0.5
vt 0 0.833333125
vt 0.13165 0.833333125
vt 0.13165 0.666666875
vt 0 0.666666875
vt 0 0.666666875
vt 0.13165 0.666666875
vt 0.13165 0.5
vt 0 0.5
vt 0 0.833333125
vt 0.13165 0.833333125
vt 0.13165 0.666666875
vt 0 0.666666875
vt 0.0959725 1
vt 0.0959725 0.833333125
vt 0 0.833333125
vt 0 1
vt 0.095155 0.5082131249999999
vt 0 0.495685625
vt 0 1
vt 1 1
vt 0 1
vt 0 0.4140625
vt 1 0.4140625
vt 0.0959725 0.666666875
vt 0.0959725 0.5
vt 0 0.5
vt 0 0.666666875
vt 0.49178625 0.96462625
vt 0.504314375 0.86947125
vt 0 0.86947125
vt 0.059025625 1
vt 0.059025625 0.833333125
vt 0 0.833333125
vt 0 1
vt 0.058520625 0.50339
vt 0 0.495685625
vt 0 1
vt 0.059025625 0.833333125
vt 0.059025625 0.666666875
vt 0 0.666666875
vt 0 0.833333125
vt 0.059025625 0.666666875
vt 0.059025625 0.5
vt 0 0.5
vt 0 0.666666875
vt 0.49661 0.927996875
vt 0.504314375 0.86947625
vt 0 0.86947625
vt 0.06265625 0.593
vt 0.0625 0.593
vt 0.0625 0.68738125
vt 0.06265625 0.6875
vt 0.1872875 0.75
vt 0.18713125 0.74988125
vt 0.06265625 0.74988125
vt 0.0625 0.75
vt 0.0625 0.875
vt 0.06265625 0.87488125
vt 0.06265625 0.7805
vt 0.0625 0.7805
vt 0.125 0.875
vt 0.12515625 0.875
vt 0.12515625 0.80834375
vt 0.125 0.8082625
vt 0 0.74991875
vt 0.00015625 0.75
vt 0.12463125 0.75
vt 0.1247875 0.74991875
vt 0.12515625 0.6207625
vt 0.125 0.62084375
vt 0.125 0.6875
vt 0.12515625 0.6875
vt 0.015625 0.9609375
vt 0 0.9609375
vt 0 1
vt 0.015625 1
vt 0.03125 0.9609375
vt 0.015625 0.9609375
vt 0.015625 1
vt 0.03125 1
vt 0.109375 0.984375
vt 0.109375 0.96875
vt 0.078125 0.96875
vt 0.078125 0.984375
vt 0.109375 1
vt 0.109375 0.984375
vt 0.078125 0.984375
vt 0.078125 1
vt 0.109375 0.9609375
vt 0.078125 0.9609375
vt 0.078125 1
vt 0.109375 1
vt 0.078125 0.9609375
vt 0.046875 0.9609375
vt 0.046875 1
vt 0.078125 1
vt 0.109375 0.921875
vt 0.109375 0.890625
vt 0.078125 0.890625
vt 0.078125 0.921875
vt 0.015625 0.890625
vt 0.015625 0.921875
vt 0.03125 0.921875
vt 0.03125 0.890625
vt 0.015625 0.921875
vt 0.015625 0.890625
vt 0 0.890625
vt 0 0.921875
vt 0.109375 0.8671875
vt 0.078125 0.8671875
vt 0.078125 0.890625
vt 0.109375 0.890625
vt 0.03125 0.8671875
vt 0.015625 0.8671875
vt 0.015625 0.890625
vt 0.03125 0.890625
vt 0.078125 0.8671875
vt 0.046875 0.8671875
vt 0.046875 0.890625
vt 0.078125 0.890625
vt 0.015625 0.8671875
vt 0 0.8671875
vt 0 0.890625
vt 0.015625 0.890625
vt 0.0390625 0.890625
vt 0.0390625 0.921875
vt 0.078125 0.921875
vt 0.078125 0.890625
vt 0.0390625 0.9609375
vt 0.0390625 1
vt 0.078125 1
vt 0.078125 0.9609375
vt 0.0390625 0.96875
vt 0.0390625 0.984375
vt 0.078125 0.984375
vt 0.078125 0.96875
vt 0.1171875 1
vt 0.1171875 0.9609375
vt 0.078125 0.9609375
vt 0.078125 1
vt 0.1171875 0.921875
vt 0.1171875 0.890625
vt 0.078125 0.890625
vt 0.078125 0.921875
vt 0.1171875 0.890625
vt 0.1171875 0.8671875
vt 0.078125 0.8671875
vt 0.078125 0.890625
vt 0.0390625 0.984375
vt 0.0390625 1
vt 0.078125 1
vt 0.078125 0.984375
vt 0.0390625 0.8671875
vt 0.0390625 0.890625
vt 0.078125 0.890625
vt 0.078125 0.8671875
vt 0.109375 1
vt 0.109375 0.984375
vt 0.078125 0.984375
vt 0.078125 1
vt 0.03125 0.9609375
vt 0.015625 0.9609375
vt 0.015625 1
vt 0.03125 1
vt 0.015625 0.890625
vt 0.015625 0.921875
vt 0.03125 0.921875
vt 0.03125 0.890625
vt 0.03125 0.8671875
vt 0.015625 0.8671875
vt 0.015625 0.890625
vt 0.03125 0.890625
vt 0.109375 0.984375
vt 0.109375 0.96875
vt 0.078125 0.96875
vt 0.078125 0.984375
vt 0.0390625 0.96875
vt 0.0390625 0.984375
vt 0.078125 0.984375
vt 0.078125 0.96875
vt 0.015625 0.8671875
vt 0 0.8671875
vt 0 0.890625
vt 0.015625 0.890625
vt 0.015625 0.921875
vt 0.015625 0.890625
vt 0 0.890625
vt 0 0.921875
vt 0.015625 0.9609375
vt 0 0.9609375
vt 0 1
vt 0.015625 1
vt 0.0390625 0.984375
vt 0.0390625 1
vt 0.078125 1
vt 0.078125 0.984375
vt 0.1328125 0.921875
vt 0.1328125 0.890625
vt 0.109375 0.890625
vt 0.109375 0.921875
vt 0.1328125 0.8671875
vt 0.109375 0.8671875
vt 0.109375 0.890625
vt 0.1328125 0.890625
vt 0.1328125 1
vt 0.1328125 0.984375
vt 0.109375 0.984375
vt 0.109375 1
vt 0.1328125 0.984375
vt 0.1328125 0.96875
vt 0.109375 0.96875
vt 0.109375 0.984375
vt 0.046875 0.8671875
vt 0.0234375 0.8671875
vt 0.0234375 0.890625
vt 0.046875 0.890625
vt 0.0234375 0.890625
vt 0.0234375 0.921875
vt 0.046875 0.921875
vt 0.046875 0.890625
vt 0.046875 0.9609375
vt 0.0234375 0.9609375
vt 0.0234375 1
vt 0.046875 1
vt 0.1328125 1
vt 0.1328125 0.984375
vt 0.109375 0.984375
vt 0.109375 1
vt 0.1328125 0.984375
vt 0.1328125 0.96875
vt 0.109375 0.96875
vt 0.109375 0.984375
vt 0.1328125 0.9609375
vt 0.109375 0.9609375
vt 0.109375 1
vt 0.1328125 1
vt 0.1328125 0.890625
vt 0.1328125 0.921875
vt 0.15625 0.921875
vt 0.15625 0.890625
vt 0.15625 0.8671875
vt 0.1328125 0.8671875
vt 0.1328125 0.890625
vt 0.15625 0.890625
vt 0.1328125 0.984375
vt 0.1328125 1
vt 0.15625 1
vt 0.15625 0.984375
vt 0.1328125 0.96875
vt 0.1328125 0.984375
vt 0.15625 0.984375
vt 0.15625 0.96875
vt 0.0234375 0.8671875
vt 0 0.8671875
vt 0 0.890625
vt 0.0234375 0.890625
vt 0.0234375 0.921875
vt 0.0234375 0.890625
vt 0 0.890625
vt 0 0.921875
vt 0.0234375 0.9609375
vt 0 0.9609375
vt 0 1
vt 0.0234375 1
vt 0.1328125 0.984375
vt 0.1328125 1
vt 0.15625 1
vt 0.15625 0.984375
vt 0.1328125 0.96875
vt 0.1328125 0.984375
vt 0.15625 0.984375
vt 0.15625 0.96875
vt 0.15625 0.9609375
vt 0.1328125 0.9609375
vt 0.1328125 1
vt 0.15625 1
vt 0.078125 0.9609375
vt 0.109375 0.9609375
vt 0.109375 0.921875
vt 0.078125 0.921875
vt 0.0390625 0.921875
vt 0.0390625 0.9609375
vt 0.078125 0.9609375
vt 0.078125 0.921875
vt 0.015625 0.9609375
vt 0.03125 0.9609375
vt 0.03125 0.921875
vt 0.015625 0.921875
vt 0 0.9609375
vt 0.015625 0.9609375
vt 0.015625 0.921875
vt 0 0.921875
vt 0.1171875 0.9609375
vt 0.1171875 0.921875
vt 0.078125 0.921875
vt 0.078125 0.9609375
vt 0.046875 0.9609375
vt 0.078125 0.9609375
vt 0.078125 0.921875
vt 0.046875 0.921875
vt 0.0234375 0.9609375
vt 0.046875 0.9609375
vt 0.046875 0.921875
vt 0.0234375 0.921875
vt 0 0.9609375
vt 0.0234375 0.9609375
vt 0.0234375 0.921875
vt 0 0.921875
vt 0.015625 0.9609375
vt 0.03125 0.9609375
vt 0.03125 0.921875
vt 0.015625 0.921875
vt 0 0.9609375
vt 0.015625 0.9609375
vt 0.015625 0.921875
vt 0 0.921875
vt 0.1328125 0.9609375
vt 0.15625 0.9609375
vt 0.15625 0.921875
vt 0.1328125 0.921875
vt 0.109375 0.9609375
vt 0.1328125 0.9609375
vt 0.1328125 0.921875
vt 0.109375 0.921875
vt 0.078125 0.8671875
vt 0.109375 0.8671875
vt 0.109375 0.84375
vt 0.078125 0.84375
vt 0.0390625 0.84375
vt 0.0390625 0.8671875
vt 0.078125 0.8671875
vt 0.078125 0.84375
vt 0.015625 0.8671875
vt 0.03125 0.8671875
vt 0.03125 0.84375
vt 0.015625 0.84375
vt 0 0.8671875
vt 0.015625 0.8671875
vt 0.015625 0.84375
vt 0 0.84375
vt 0.1171875 0.8671875
vt 0.1171875 0.84375
vt 0.078125 0.84375
vt 0.078125 0.8671875
vt 0.046875 0.8671875
vt 0.078125 0.8671875
vt 0.078125 0.84375
vt 0.046875 0.84375
vt 0.0234375 0.8671875
vt 0.046875 0.8671875
vt 0.046875 0.84375
vt 0.0234375 0.84375
vt 0 0.8671875
vt 0.0234375 0.8671875
vt 0.0234375 0.84375
vt 0 0.84375
vt 0.015625 0.8671875
vt 0.03125 0.8671875
vt 0.03125 0.84375
vt 0.015625 0.84375
vt 0 0.8671875
vt 0.015625 0.8671875
vt 0.015625 0.84375
vt 0 0.84375
vt 0.1328125 0.8671875
vt 0.15625 0.8671875
vt 0.15625 0.84375
vt 0.1328125 0.84375
vt 0.109375 0.8671875
vt 0.1328125 0.8671875
vt 0.1328125 0.84375
vt 0.109375 0.84375
vt 0.0390625 0.921875
vt 0.0390625 0.890625
vt 0 0.890625
vt 0 0.921875
vt 0.0390625 0.9609375
vt 0.0390625 0.921875
vt 0 0.921875
vt 0 0.9609375
vt 0.0390625 1
vt 0.0390625 0.9609375
vt 0 0.9609375
vt 0 1
vt 0.0390625 0.984375
vt 0.0390625 0.96875
vt 0 0.96875
vt 0 0.984375
vt 0.0390625 1
vt 0.0390625 0.984375
vt 0 0.984375
vt 0 1
vt 0.1171875 0.9609375
vt 0.1171875 1
vt 0.15625 1
vt 0.15625 0.9609375
vt 0.1171875 0.921875
vt 0.1171875 0.9609375
vt 0.15625 0.9609375
vt 0.15625 0.921875
vt 0.1171875 0.890625
vt 0.1171875 0.921875
vt 0.15625 0.921875
vt 0.15625 0.890625
vt 0.1171875 0.8671875
vt 0.1171875 0.890625
vt 0.15625 0.890625
vt 0.15625 0.8671875
vt 0.1171875 0.84375
vt 0.1171875 0.8671875
vt 0.15625 0.8671875
vt 0.15625 0.84375
vt 0.0390625 0.984375
vt 0.0390625 0.96875
vt 0 0.96875
vt 0 0.984375
vt 0.0390625 1
vt 0.0390625 0.984375
vt 0 0.984375
vt 0 1
vt 0.0390625 0.8671875
vt 0.0390625 0.84375
vt 0 0.84375
vt 0 0.8671875
vt 0.0390625 0.890625
vt 0.0390625 0.8671875
vt 0 0.8671875
vt 0 0.890625
vt 1 1
vt 0 1
vt 0 0
vt 1 0
vt 0 1
vt 0.15625 1
vt 0.15625 0.875
vt 0 0.875
vt 0 1
vt 0.15625 1
vt 0.15625 0.875
vt 0 0.875
vt 0 1
vt 0.15625 1
vt 0.15625 0.84375
vt 0 0.84375
vt 0 1
vt 0.15625 1
vt 0.15625 0.84375
vt 0 0.84375
vt 0 1
vt 0.15625 1
vt 0.15625 0.875
vt 0 0.875
vt 0 1
vt 0.15625 1
vt 0.15625 0.875
vt 0 0.875
vn 1 0 0
vn -1 0 0
vn 0 1 0
vn 0 -1 0
vn 0 0 1
vn 0 0 -1
vn 1 0 0
vn -1 0 0
vn 0 1 0
vn 0 -1 0
vn 0 0 1
vn 0 0 -1
vn 0 0 0
vn 0 0 0
vn 0 0 0
vn 0 0 0
vn 0 0 1
vn 0 0 -1
vn 1 0 0
vn -1 0 0
vn 0 1 0
vn 0 -1 0
vn 0 0 1
vn 0 0 -1
vn 1 0 0
vn -1 0 0
vn 0 1 0
vn 0 -1 0
vn 0 0 1
vn 0 0 -1
vn 1 0 0
vn -1 0 0
vn 0 1 0
vn 0 -1 0
vn 0 0 -1
vn 0 0 1
vn 1 0 0
vn -1 0 0
vn 0 1 0
vn 0 -1 0
vn 0 0 -1
vn 0 0 1
vn 0 0 0
vn 0 0 0
vn 0 0 0
vn 0 0 0
vn 0 0 -1
vn 0 0 1
vn 1 0 0
vn -1 0 0
vn 0 1 0
vn 0 -1 0
vn 0 0 -1
vn 0 0 1
vn 1 0 0
vn -1 0 0
vn 0 1 0
vn 0 -1 0
vn 0 0 -1
vn 0 0 1
vn 1 0 0
vn -1 0 0
vn 0 1 0
vn 0 -1 0
vn 0 0 1
vn 0 0 -1
vn -1 0 0
vn 0 1 0
vn 0 -1 0
vn -0.7071067811865476 0 0.7071067811865476
vn -0.7071067811865476 0 -0.7071067811865476
vn 1 0 0
vn -1 0 0
vn 0 1 0
vn 0 -1 0
vn 0 0 1
vn 0 0 1
vn 1 0 0
vn -1 0 0
vn 0 1 0
vn 0 -1 0
vn 0 0 1
vn 1 0 0
vn -1 0 0
vn 0 1 0
vn 0 -1 0
vn 0 0 1
vn 1 0 0
vn -1 0 0
vn 0 1 0
vn 0 -1 0
vn 0 0 1
vn 1 0 0
vn -1 0 0
vn 0 1 0
vn 0 -1 0
vn 0 0 1
vn 0 0 -1
vn 0 0.9417419115948374 -0.33633639699815626
vn 1 0 0
vn 0 0.9417419115948374 0.33633639699815626
vn -1 0 0
vn 1 0 0
vn -1 0 0
vn 0 1 0
vn 0 -1 0
vn 0 0 1
vn 0 0 -1
vn 1 0 0
vn -1 0 0
vn 0 1 0
vn 0 -1 0
vn 0 0 -1
vn 0 0 -1
vn 1 0 0
vn -1 0 0
vn 0 1 0
vn 0 -1 0
vn 0 0 -1
vn 1 0 0
vn -1 0 0
vn 0 1 0
vn 0 -1 0
vn 0 0 -1
vn 1 0 0
vn -1 0 0
vn 0 1 0
vn 0 -1 0
vn 0 0 -1
vn 0.7071067811865476 0 0.7071067811865476
vn -0.7071067811865476 0 0.7071067811865476
vn 0 0.7071067811865476 0.7071067811865476
vn 0 -0.7071067811865476 0.7071067811865476
vn 0 0 1
vn 0 0 -1
vn 0 0 1
vn -0.7071067811865476 0 0.7071067811865476
vn 0.7071067811865476 0 0.7071067811865476
vn 0 0.9996876464081228 0.024992191160202983
vn -0.7071067811865476 0 0.7071067811865476
vn 0 0 -1
vn 0.7071067811865476 0 0.7071067811865476
vn 0.9996876464081228 0 0.024992191160202983
vn 0 0 1
vn 0 0.7071067811865476 0.7071067811865476
vn 0 0 -1
vn 0 0 -1
vn 0 0 -1
vn 0 -0.7071067811865476 0.7071067811865476
vn 0.9996876464081228 0 0.024992191160202983
vn 0 0.7071067811865476 0.7071067811865476
vn 0.7071067811865476 0 0.7071067811865475
vn 0.7071067811865476 0 0.7071067811865475
vn 0.7071067811865476 0 0.7071067811865475
vn 0 -0.7071067811865476 0.7071067811865476
vn 0 -0.7071067811865476 0.7071067811865476
vn -0.7071067811865476 0 0.7071067811865476
vn -0.7071067811865476 0 0.7071067811865476
vn -0.7071067811865476 0 0.7071067811865476
vn 0 0.7071067811865476 0.7071067811865476
vn -0.9996876464081228 0 0.024992191160202983
vn 0 0.9996876464081228 0.024992191160202983
vn 0 -0.7071067811865476 0.7071067811865476
vn 0 -0.7071067811865476 0.7071067811865476
vn 0 0 -1
vn 0 0 -1
vn 0 0 -1
vn 0 0.7071067811865476 0.7071067811865476
vn 0 0.7071067811865476 0.7071067811865476
vn 0 0 1
vn 0 0 1
vn 0 0 1
vn 0 -0.7071067811865476 0.7071067811865476
vn 0 -0.7071067811865476 0.7071067811865476
vn 0 0 -1
vn 0 0 -1
vn 0 0 -1
vn 0 0.7071067811865476 0.7071067811865476
vn 0 0.7071067811865476 0.7071067811865476
vn 0 0 1
vn 0 -0.9996876464081228 0.024992191160203427
vn 0 0 1
vn -0.7071067811865476 0 0.7071067811865476
vn -0.7071067811865476 0 0.7071067811865476
vn 0 0 -1
vn 0 0 -1
vn 0 0 -1
vn 0 0 -1
vn 0.7071067811865476 0 0.7071067811865475
vn 0.7071067811865476 0 0.7071067811865476
vn 0 0 1
vn 0 0 1
vn 0 0 1
vn 0 0 1
vn -0.7071067811865476 0 0.7071067811865476
vn -0.7071067811865476 0 0.7071067811865476
vn 0 0 -1
vn 0 0 -1
vn 0 0 -1
vn 0 0 -1
vn 0.7071067811865476 0 0.7071067811865475
vn 0.7071067811865476 0 0.7071067811865476
vn 0 0 1
vn 0 0 1
vn 0 0 1
vn 0 0 1
vn 0 0 1
vn 0 0.7071067811865476 0.7071067811865476
vn 0 0.7071067811865476 0.7071067811865476
vn 0 0 -1
vn 0 0 -1
vn 0 0 -1
vn 0 0 -1
vn 0 0 -1
vn 0 -0.7071067811865476 0.7071067811865476
vn 0 -0.7071067811865476 0.7071067811865476
vn 0 0 1
vn 0 0 1
vn 0 0.9906788398452958 0.13621834047872836
vn 1 0 0
vn -1 0 0
vn 0 0.9899494936611667 0.14142135623730953
vn 0 -1 0
vn 0 0 1
vn 0 -0.3713906763541037 -0.9284766908852593
vn -1 0 0
vn -1 0 0
vn 0 0.8682420741433656 0.49614080731907806
vn -1 0 0
vn 1 0 0
vn -1 0 0
vn 1 0 0
vn -1 0 0
vn 0 0.4245520776030812 0.9054035196545833
vn 0 0.7107438848147276 0.7034508726261339
vn 0 0.9496518340181652 0.3133071881491632
vn 0 0.9884810637759369 0.15134459539868775
vn 1 0 0
vn 1 0 0
vn 1 0 0
vn 0 0.9884810637759368 0.15134459539868775
vn 0 0.9884810637759368 0.15134459539868775
vn 0 0.9496518340181652 0.3133071881491632
vn 0 0.9496521141797274 0.31330633896232357
vn 0 0.8682420741433655 0.49614080731907806
vn 0 0.8682420741433655 0.49614080731907806
vn 0 0.7107438848147276 0.7034508726261339
vn 0 0.7107438848147276 0.7034508726261339
vn 0 0.42455207760308133 0.9054035196545833
vn 0 0.4245520776030812 0.9054035196545832
vn 0 0.9884800909749586 0.15135094894363135
vn -1 0 0
vn 0 0.9884804550739508 0.15134857097705057
vn 0 0.9884800909749586 0.15135094894363135
vn 1 0 0
vn 0 0.9496536096558831 0.3133018060394028
vn -1 0 0
vn 0 0.9496536096558831 0.3133018060394028
vn 0 0.9496536096558831 0.31330180603940283
vn 1 0 0
vn -0.9949619688976508 0.09909821210220783 0.015173160694338406
vn 0 0.07374095662691327 0.9972774294627087
vn 0.9949634405405591 0.09908377396261885 0.01517095003677493
vn 0.994545001486893 0.0990566821480919 0.032680479483142226
vn 0 0.05159919448095452 -0.998667874284998
vn -0.9945445662619893 0.09906062286052982 0.03268177959101162
vn 0.9578262852211515 0.2873478855663453 0
vn -0.9578262852211513 0.28734788556634566 0
vn 0 1 0
vn 0 -1 0
vn 0 0.28734788556634294 0.9578262852211522
vn 0 0.28734788556634294 -0.9578262852211522
vn 0.9578262852211515 0.2873478855663453 0
vn -0.9578262852211513 0.28734788556634566 0
vn 0 1 0
vn 0 -1 0
vn 0 0.2873478855663461 0.9578262852211513
vn 0 0.2873478855663461 -0.9578262852211513
vn 0.9578262852211515 0.2873478855663453 0
vn -0.9578262852211513 0.28734788556634566 0
vn 0 1 0
vn 0 -1 0
vn 0 0.2873478855663461 0.9578262852211513
vn 0 0.2873478855663461 -0.9578262852211513
vn 1 0 0
vn -1 0 0
vn 0 0.9238808144936849 -0.3826803373711352
vn 0 -0.923880814493685 0.3826803373711343
vn 0 0.38268375158934237 0.9238794002842073
vn 0 -0.3826837515893425 -0.9238794002842075
vn 1 0 0
vn -1 0 0
vn 0 1 0
vn 0 -1 0
vn 0 0 1
vn 0 0 -1
vn 1 0 0
vn -1 0 0
vn 0 0.923880814493685 0.3826803373711345
vn 0 -0.9238808144936854 -0.3826803373711338
vn 0 -0.3826837515893422 0.9238794002842076
vn 0 0.3826837515893421 -0.9238794002842075
vn -1 0 0
vn -1 0 0
vn 0 0.8682420741433654 -0.4961408073190784
vn -1 0 0
vn 1 0 0
vn -1 0 0
vn 1 0 0
vn -1 0 0
vn 0 0.4245520776030812 -0.9054035196545833
vn 0 0.7107438848147275 -0.703450872626134
vn 0 0.9496518340181651 -0.3133071881491637
vn 0 0.9884810637759369 -0.1513445953986875
vn 1 0 0
vn 1 0 0
vn 1 0 0
vn 0 0.9884810637759369 -0.1513445953986875
vn 0 0.9884810637759368 -0.1513445953986875
vn 0 0.9496518340181651 -0.3133071881491637
vn 0 0.9496521141797274 -0.31330633896232357
vn 0 0.8682420741433654 -0.49614080731907834
vn 0 0.8682420741433653 -0.4961408073190784
vn 0 0.7107438848147274 -0.703450872626134
vn 0 0.7107438848147274 -0.703450872626134
vn 0 0.42455207760308133 -0.9054035196545833
vn 0 0.4245520776030812 -0.9054035196545832
vn 0 0.9884800909749586 -0.15135094894363127
vn -1 0 0
vn 0 0.9884804550739508 -0.15134857097705057
vn 0 0.9884800909749586 -0.15135094894363124
vn 1 0 0
vn 0 0.9496536096558834 -0.3133018060394019
vn -1 0 0
vn 0 0.9496536096558834 -0.3133018060394019
vn 0 0.9496536096558834 -0.3133018060394019
vn 1 0 0
vn -0.998733320509814 0.049736919361388764 -0.007615336885526813
vn 0 0.037158650596067426 -0.9993093788641633
vn 0.9987335065851138 0.049733268363864346 -0.007614777872695428
vn 0.9986278391880379 0.049731666391562096 -0.016407320212301554
vn 0 0.025606768012309124 0.9996720929544668
vn -0.9986277841137879 0.04973266373321977 -0.016407649252229754
vn 0.7071067811865476 0 -0.7071067811865476
vn -0.7071067811865476 0 -0.7071067811865476
vn 0 0.7071067811865476 -0.7071067811865476
vn 0 -0.7071067811865476 -0.7071067811865476
vn 0 0 -1
vn 0 0 1
vn 0 0 -1
vn -0.7071067811865476 0 -0.7071067811865476
vn 0.7071067811865476 0 -0.7071067811865476
vn 0 0.9996876464081228 -0.024992191160202983
vn -0.7071067811865476 0 -0.7071067811865476
vn 0 0 1
vn 0.7071067811865476 0 -0.7071067811865476
vn 0.9996876464081228 0 -0.024992191160202983
vn 0 0 -1
vn 0 0.7071067811865476 -0.7071067811865476
vn 0 0 1
vn 0 0 1
vn 0 0 1
vn 0 -0.7071067811865476 -0.7071067811865476
vn 0.9996876464081228 0 -0.024992191160202983
vn 0 0.7071067811865476 -0.7071067811865476
vn 0.7071067811865477 0 -0.7071067811865475
vn 0.7071067811865476 0 -0.7071067811865475
vn 0.7071067811865476 0 -0.7071067811865475
vn 0 -0.7071067811865476 -0.7071067811865476
vn 0 -0.7071067811865476 -0.7071067811865476
vn -0.7071067811865476 0 -0.7071067811865476
vn -0.7071067811865476 0 -0.7071067811865476
vn -0.7071067811865476 0 -0.7071067811865476
vn 0 0.7071067811865476 -0.7071067811865476
vn -0.9996876464081228 0 -0.024992191160202983
vn 0 0.9996876464081228 -0.024992191160202983
vn 0 -0.7071067811865476 -0.7071067811865476
vn 0 -0.7071067811865476 -0.7071067811865476
vn 0 0 1
vn 0 0 1
vn 0 0 1
vn 0 0.7071067811865476 -0.7071067811865476
vn 0 0.7071067811865476 -0.7071067811865476
vn 0 0 -1
vn 0 0 -1
vn 0 0 -1
vn 0 -0.7071067811865476 -0.7071067811865476
vn 0 -0.7071067811865476 -0.7071067811865476
vn 0 0 1
vn 0 0 1
vn 0 0 1
vn 0 0.7071067811865476 -0.7071067811865476
vn 0 0.7071067811865476 -0.7071067811865476
vn 0 0 -1
vn 0 -0.9996876464081228 -0.024992191160203427
vn 0 0 -1
vn -0.7071067811865476 0 -0.7071067811865476
vn -0.7071067811865476 0 -0.7071067811865476
vn 0 0 1
vn 0 0 1
vn 0 0 1
vn 0 0 1
vn 0.7071067811865476 0 -0.7071067811865475
vn 0.7071067811865476 0 -0.7071067811865476
vn 0 0 -1
vn 0 0 -1
vn 0 0 -1
vn 0 0 -1
vn -0.7071067811865476 0 -0.7071067811865476
vn -0.7071067811865476 0 -0.7071067811865476
vn 0 0 1
vn 0 0 1
vn 0 0 1
vn 0 0 1
vn 0.7071067811865476 0 -0.7071067811865475
vn 0.7071067811865476 0 -0.7071067811865476
vn 0 0 -1
vn 0 0 -1
vn 0 0 -1
vn 0 0 -1
vn 0 0 -1
vn 0 0.7071067811865476 -0.7071067811865476
vn 0 0.7071067811865476 -0.7071067811865476
vn 0 0 1
vn 0 0 1
vn 0 0 1
vn 0 0 1
vn 0 0 1
vn 0 -0.7071067811865476 -0.7071067811865476
vn 0 -0.7071067811865476 -0.7071067811865476
vn 0 0 -1
vn 0 0 -1
vn 0 0.9906788398452958 -0.13621834047872836
vn 1 0 0
vn -1 0 0
vn 0 0.9899494936611667 -0.14142135623730953
vn 0 -1 0
vn 0 0 -1
vn 0 -0.3713906763541037 0.9284766908852593
usemtl m_c9932871-0dc3-e34b-a15c-12b0783022f0
f 5/1/1 3/2/1 2/3/1
f 5/1/1 2/3/1 4/4/1
f 8/5/2 6/6/2 7/7/2
f 8/5/2 7/7/2 9/8/2
f 2/9/3 3/10/3 7/11/3
f 2/9/3 7/11/3 6/12/3
f 5/13/4 4/14/4 8/15/4
f 5/13/4 8/15/4 9/16/4
f 4/17/5 2/18/5 6/19/5
f 4/17/5 6/19/5 8/20/5
f 9/21/6 7/22/6 3/23/6
f 9/21/6 3/23/6 5/24/6
f 13/25/7 11/26/7 10/27/7
f 13/25/7 10/27/7 12/28/7
f 16/29/8 14/30/8 15/31/8
f 16/29/8 15/31/8 17/32/8
f 10/33/9 11/34/9 15/35/9
f 10/33/9 15/35/9 14/36/9
f 13/37/10 12/38/10 16/39/10
f 13/37/10 16/39/10 17/40/10
f 12/41/11 10/42/11 14/43/11
f 12/41/11 14/43/11 16/44/11
f 17/45/12 15/46/12 11/47/12
f 17/45/12 11/47/12 13/48/12
usemtl m_57816b9e-dd3c-e50c-8031-a4812e7c13c1
f 19/49/13 18/50/13 21/51/13
f 19/49/13 21/51/13 20/52/13
f 22/53/14 23/54/14 24/55/14
f 22/53/14 24/55/14 25/56/14
f 18/57/15 19/58/15 23/59/15
f 18/57/15 23/59/15 22/60/15
f 21/61/16 20/62/16 24/63/16
f 21/61/16 24/63/16 25/64/16
f 20/65/17 18/66/17 22/67/17
f 20/65/17 22/67/17 24/68/17
f 25/69/18 23/70/18 19/71/18
f 25/69/18 19/71/18 21/72/18
usemtl m_c9932871-0dc3-e34b-a15c-12b0783022f0
f 29/73/19 27/74/19 26/75/19
f 29/73/19 26/75/19 28/76/19
f 32/77/20 30/78/20 31/79/20
f 32/77/20 31/79/20 33/80/20
f 26/81/21 27/82/21 31/83/21
f 26/81/21 31/83/21 30/84/21
f 29/85/22 28/86/22 32/87/22
f 29/85/22 32/87/22 33/88/22
f 28/89/23 26/90/23 30/91/23
f 28/89/23 30/91/23 32/92/23
f 33/93/24 31/94/24 27/95/24
f 33/93/24 27/95/24 29/96/24
f 37/97/25 35/98/25 34/99/25
f 37/97/25 34/99/25 36/100/25
f 40/101/26 38/102/26 39/103/26
f 40/101/26 39/103/26 41/104/26
f 34/105/27 35/106/27 39/107/27
f 34/105/27 39/107/27 38/108/27
f 37/109/28 36/110/28 40/111/28
f 37/109/28 40/111/28 41/112/28
f 36/113/29 34/114/29 38/115/29
f 36/113/29 38/115/29 40/116/29
f 41/117/30 39/118/30 35/119/30
f 41/117/30 35/119/30 37/120/30
f 42/121/31 43/122/31 45/123/31
f 42/121/31 45/123/31 44/124/31
f 47/125/32 46/126/32 48/127/32
f 47/125/32 48/127/32 49/128/32
f 47/129/33 43/130/33 42/131/33
f 47/129/33 42/131/33 46/132/33
f 48/133/34 44/134/34 45/135/34
f 48/133/34 45/135/34 49/136/34
f 46/137/35 42/138/35 44/139/35
f 46/137/35 44/139/35 48/140/35
f 43/141/36 47/142/36 49/143/36
f 43/141/36 49/143/36 45/144/36
f 50/145/37 51/146/37 53/147/37
f 50/145/37 53/147/37 52/148/37
f 55/149/38 54/150/38 56/151/38
f 55/149/38 56/151/38 57/152/38
f 55/153/39 51/154/39 50/155/39
f 55/153/39 50/155/39 54/156/39
f 56/157/40 52/158/40 53/159/40
f 56/157/40 53/159/40 57/160/40
f 54/161/41 50/162/41 52/163/41
f 54/161/41 52/163/41 56/164/41
f 51/165/42 55/166/42 57/167/42
f 51/165/42 57/167/42 53/168/42
usemtl m_57816b9e-dd3c-e50c-8031-a4812e7c13c1
f 58/169/43 59/170/43 61/171/43
f 58/169/43 61/171/43 60/172/43
f 63/173/44 62/174/44 64/175/44
f 63/173/44 64/175/44 65/176/44
f 63/177/45 58/178/45 59/179/45
f 63/177/45 59/179/45 62/180/45
f 64/181/46 61/182/46 60/183/46
f 64/181/46 60/183/46 65/184/46
f 62/185/47 58/186/47 60/187/47
f 62/185/47 60/187/47 64/188/47
f 59/189/48 63/190/48 65/191/48
f 59/189/48 65/191/48 61/192/48
usemtl m_c9932871-0dc3-e34b-a15c-12b0783022f0
f 66/193/49 67/194/49 69/195/49
f 66/193/49 69/195/49 68/196/49
f 71/197/50 70/198/50 72/199/50
f 71/197/50 72/199/50 73/200/50
f 71/201/51 67/202/51 66/203/51
f 71/201/51 66/203/51 70/204/51
f 72/205/52 68/206/52 69/207/52
f 72/205/52 69/207/52 73/208/52
f 70/209/53 66/210/53 68/211/53
f 70/209/53 68/211/53 72/212/53
f 67/213/54 71/214/54 73/215/54
f 67/213/54 73/215/54 69/216/54
f 74/217/55 75/218/55 77/219/55
f 74/217/55 77/219/55 76/220/55
f 79/221/56 78/222/56 80/223/56
f 79/221/56 80/223/56 81/224/56
f 79/225/57 75/226/57 74/227/57
f 79/225/57 74/227/57 78/228/57
f 80/229/58 76/230/58 77/231/58
f 80/229/58 77/231/58 81/232/58
f 78/233/59 74/234/59 76/235/59
f 78/233/59 76/235/59 80/236/59
f 75/237/60 79/238/60 81/239/60
f 75/237/60 81/239/60 77/240/60
usemtl m_c4ef035f-6b10-f66f-55f4-3296f0e79dee
f 85/241/61 83/242/61 82/243/61
f 85/241/61 82/243/61 84/244/61
f 88/245/62 86/246/62 87/247/62
f 88/245/62 87/247/62 89/248/62
f 82/249/63 83/250/63 87/251/63
f 82/249/63 87/251/63 86/252/63
f 85/253/64 84/254/64 88/255/64
f 85/253/64 88/255/64 89/256/64
f 84/257/65 82/258/65 86/259/65
f 84/257/65 86/259/65 88/260/65
f 89/261/66 87/262/66 83/263/66
f 89/261/66 83/263/66 85/264/66
usemtl m_fae77e0a-5028-f195-caba-20d89c450eac
f 96/265/67 94/266/67 95/267/67
f 96/265/67 95/267/67 97/268/67
f 90/269/68 91/270/68 95/271/68
f 90/269/68 95/271/68 94/272/68
f 93/273/69 92/274/69 96/275/69
f 93/273/69 96/275/69 97/276/69
f 92/277/70 90/278/70 94/279/70
f 92/277/70 94/279/70 96/280/70
f 97/281/71 95/282/71 91/283/71
f 97/281/71 91/283/71 93/284/71
f 101/285/72 99/286/72 98/287/72
f 101/285/72 98/287/72 100/288/72
f 104/289/73 102/290/73 103/291/73
f 104/289/73 103/291/73 105/292/73
f 98/293/74 99/294/74 103/295/74
f 98/293/74 103/295/74 102/296/74
f 101/297/75 100/298/75 104/299/75
f 101/297/75 104/299/75 105/300/75
f 100/301/76 98/302/76 102/303/76
f 100/301/76 102/303/76 104/304/76
usemtl m_71832628-b987-49bd-a908-e68cdf6bb9d0
f 107/305/77 106/306/77 108/307/77
f 107/305/77 108/307/77 109/308/77
usemtl m_fae77e0a-5028-f195-caba-20d89c450eac
f 113/309/78 111/310/78 110/311/78
f 113/309/78 110/311/78 112/312/78
f 116/313/79 114/314/79 115/315/79
f 116/313/79 115/315/79 117/316/79
f 110/317/80 111/318/80 115/319/80
f 110/317/80 115/319/80 114/320/80
f 113/321/81 112/322/81 116/323/81
f 113/321/81 116/323/81 117/324/81
f 112/325/82 110/326/82 114/327/82
f 112/325/82 114/327/82 116/328/82
f 121/329/83 119/330/83 118/331/83
f 121/329/83 118/331/83 120/332/83
f 124/333/84 122/334/84 123/335/84
f 124/333/84 123/335/84 125/336/84
f 118/337/85 119/338/85 123/339/85
f 118/337/85 123/339/85 122/340/85
f 121/341/86 120/342/86 124/343/86
f 121/341/86 124/343/86 125/344/86
f 120/345/87 118/346/87 122/347/87
f 120/345/87 122/347/87 124/348/87
f 129/349/88 127/350/88 126/351/88
f 129/349/88 126/351/88 128/352/88
f 132/353/89 130/354/89 131/355/89
f 132/353/89 131/355/89 133/356/89
f 126/357/90 127/358/90 131/359/90
f 126/357/90 131/359/90 130/360/90
f 129/361/91 128/362/91 132/363/91
f 129/361/91 132/363/91 133/364/91
f 128/365/92 126/366/92 130/367/92
f 128/365/92 130/367/92 132/368/92
f 134/369/93 144/370/93 143/371/93
f 134/369/93 143/371/93 135/372/93
f 139/373/94 142/374/94 145/375/94
f 139/373/94 145/375/94 138/376/94
f 134/377/95 135/378/95 139/379/95
f 134/377/95 139/379/95 138/380/95
f 137/381/96 136/382/96 140/383/96
f 137/381/96 140/383/96 141/384/96
f 138/385/97 145/386/97 144/387/97
f 138/385/97 144/387/97 134/388/97
f 135/389/98 143/390/98 142/391/98
f 135/389/98 142/391/98 139/392/98
f 141/393/99 142/394/99 143/395/99
f 141/393/99 143/395/99 137/396/99
f 137/397/100 143/398/100 144/399/100
f 137/397/100 144/399/100 136/400/100
f 136/401/101 144/402/101 145/403/101
f 136/401/101 145/403/101 140/404/101
f 140/405/102 145/406/102 142/407/102
f 140/405/102 142/407/102 141/408/102
f 149/409/103 147/410/103 146/411/103
f 149/409/103 146/411/103 148/412/103
f 152/413/104 150/414/104 151/415/104
f 152/413/104 151/415/104 153/416/104
f 146/417/105 147/418/105 151/419/105
f 146/417/105 151/419/105 150/420/105
f 149/421/106 148/422/106 152/423/106
f 149/421/106 152/423/106 153/424/106
f 148/425/107 146/426/107 150/427/107
f 148/425/107 150/427/107 152/428/107
f 153/429/108 151/430/108 147/431/108
f 153/429/108 147/431/108 149/432/108
f 154/433/109 155/434/109 157/435/109
f 154/433/109 157/435/109 156/436/109
f 159/437/110 158/438/110 160/439/110
f 159/437/110 160/439/110 161/440/110
f 159/441/111 155/442/111 154/443/111
f 159/441/111 154/443/111 158/444/111
f 160/445/112 156/446/112 157/447/112
f 160/445/112 157/447/112 161/448/112
f 158/449/113 154/450/113 156/451/113
f 158/449/113 156/451/113 160/452/113
usemtl m_ce8b381d-1a9b-f02a-1bd0-823c7d8a42df
f 164/453/114 162/454/114 163/455/114
f 164/453/114 163/455/114 165/456/114
usemtl m_fae77e0a-5028-f195-caba-20d89c450eac
f 166/457/115 167/458/115 169/459/115
f 166/457/115 169/459/115 168/460/115
f 171/461/116 170/462/116 172/463/116
f 171/461/116 172/463/116 173/464/116
f 171/465/117 167/466/117 166/467/117
f 171/465/117 166/467/117 170/468/117
f 172/469/118 168/470/118 169/471/118
f 172/469/118 169/471/118 173/472/118
f 170/473/119 166/474/119 168/475/119
f 170/473/119 168/475/119 172/476/119
f 174/477/120 175/478/120 177/479/120
f 174/477/120 177/479/120 176/480/120
f 179/481/121 178/482/121 180/483/121
f 179/481/121 180/483/121 181/484/121
f 179/485/122 175/486/122 174/487/122
f 179/485/122 174/487/122 178/488/122
f 180/489/123 176/490/123 177/491/123
f 180/489/123 177/491/123 181/492/123
f 178/493/124 174/494/124 176/495/124
f 178/493/124 176/495/124 180/496/124
f 182/497/125 183/498/125 185/499/125
f 182/497/125 185/499/125 184/500/125
f 187/501/126 186/502/126 188/503/126
f 187/501/126 188/503/126 189/504/126
f 187/505/127 183/506/127 182/507/127
f 187/505/127 182/507/127 186/508/127
f 188/509/128 184/510/128 185/511/128
f 188/509/128 185/511/128 189/512/128
f 186/513/129 182/514/129 184/515/129
f 186/513/129 184/515/129 188/516/129
usemtl m_64769e19-dab8-745c-e937-981c8d8466c2
f 190/517/130 253/518/130 252/519/130
f 190/517/130 252/519/130 214/520/130
f 222/521/131 246/522/131 245/523/131
f 222/521/131 245/523/131 194/524/131
f 207/525/132 232/526/132 231/527/132
f 207/525/132 231/527/132 213/528/132
f 218/529/133 226/530/133 225/531/133
f 218/529/133 225/531/133 212/532/133
f 207/533/134 244/534/134 243/535/134
f 207/533/134 243/535/134 232/536/134
f 230/537/135 249/538/135 248/539/135
f 230/537/135 248/539/135 208/540/135
usemtl m_57816b9e-dd3c-e50c-8031-a4812e7c13c1
f 206/541/136 224/542/136 223/543/136
f 206/541/136 223/543/136 1/544/136
usemtl m_64769e19-dab8-745c-e937-981c8d8466c2
f 199/545/137 221/546/137 220/547/137
f 199/545/137 220/547/137 203/548/137
f 202/549/138 216/550/138 215/551/138
f 202/549/138 215/551/138 198/552/138
f 206/553/139 256/554/139 255/555/139
f 206/553/139 255/555/139 224/556/139
f 220/557/140 258/558/140 257/559/140
f 220/557/140 257/559/140 203/560/140
f 228/561/141 261/562/141 260/563/141
f 228/561/141 260/563/141 210/564/141
f 202/565/142 265/566/142 264/567/142
f 202/565/142 264/567/142 216/568/142
f 1/569/143 268/570/143 267/571/143
f 1/569/143 267/571/143 206/572/143
f 207/573/144 270/574/144 269/575/144
f 207/573/144 269/575/144 244/576/144
f 213/577/145 271/578/145 270/579/145
f 213/577/145 270/579/145 207/580/145
f 248/581/146 273/582/146 272/583/146
f 248/581/146 272/583/146 208/584/146
f 210/585/147 275/586/147 274/587/147
f 210/585/147 274/587/147 209/588/147
f 260/589/148 276/590/148 275/591/148
f 260/589/148 275/591/148 210/592/148
f 212/593/149 279/594/149 278/595/149
f 212/593/149 278/595/149 218/596/149
f 206/597/150 267/598/150 280/599/150
f 206/597/150 280/599/150 256/600/150
f 213/601/151 231/602/151 230/603/151
f 213/601/151 230/603/151 208/604/151
f 214/605/152 252/606/152 251/607/152
f 214/605/152 251/607/152 191/608/152
f 201/609/153 215/610/153 216/611/153
f 201/609/153 216/611/153 205/612/153
f 216/613/154 264/614/154 263/615/154
f 216/613/154 263/615/154 205/616/154
f 211/617/155 227/618/155 226/619/155
f 211/617/155 226/619/155 218/620/155
f 218/621/156 278/622/156 277/623/156
f 218/621/156 277/623/156 211/624/156
f 204/625/157 259/626/157 258/627/157
f 204/625/157 258/627/157 220/628/157
f 204/629/158 220/630/158 221/631/158
f 204/629/158 221/631/158 200/632/158
f 195/633/159 247/634/159 246/635/159
f 195/633/159 246/635/159 222/636/159
f 208/637/160 272/638/160 271/639/160
f 208/637/160 271/639/160 213/640/160
f 224/641/161 234/642/161 233/643/161
f 224/641/161 233/643/161 223/644/161
f 224/645/162 255/646/162 266/647/162
f 224/645/162 266/647/162 234/648/162
f 226/649/163 236/650/163 235/651/163
f 226/649/163 235/651/163 225/652/163
f 227/653/164 237/654/164 236/655/164
f 227/653/164 236/655/164 226/656/164
f 238/657/165 262/658/165 261/659/165
f 238/657/165 261/659/165 228/660/165
f 229/661/166 239/662/166 238/663/166
f 229/661/166 238/663/166 228/664/166
f 240/665/167 250/666/167 249/667/167
f 240/665/167 249/667/167 230/668/167
f 231/669/168 241/670/168 240/671/168
f 231/669/168 240/671/168 230/672/168
f 232/673/169 242/674/169 241/675/169
f 232/673/169 241/675/169 231/676/169
f 232/677/170 243/678/170 254/679/170
f 232/677/170 254/679/170 242/680/170
f 198/681/171 233/682/171 234/683/171
f 198/681/171 234/683/171 202/684/171
f 234/685/172 266/686/172 265/687/172
f 234/685/172 265/687/172 202/688/172
f 192/689/173 235/690/173 236/691/173
f 192/689/173 236/691/173 217/692/173
f 217/693/174 236/694/174 237/695/174
f 217/693/174 237/695/174 193/696/174
f 205/697/175 263/698/175 262/699/175
f 205/697/175 262/699/175 238/700/175
f 205/701/176 238/702/176 239/703/176
f 205/701/176 239/703/176 201/704/176
f 191/705/177 251/706/177 250/707/177
f 191/705/177 250/707/177 240/708/177
f 191/709/178 240/710/178 241/711/178
f 191/709/178 241/711/178 214/712/178
f 214/713/179 241/714/179 242/715/179
f 214/713/179 242/715/179 190/716/179
f 242/717/180 254/718/180 253/719/180
f 242/717/180 253/719/180 190/720/180
f 223/721/181 243/722/181 244/723/181
f 223/721/181 244/723/181 1/724/181
f 244/725/182 269/726/182 268/727/182
f 244/725/182 268/727/182 1/728/182
f 199/729/183 245/730/183 246/731/183
f 199/729/183 246/731/183 221/732/183
f 221/733/184 246/734/184 247/735/184
f 221/733/184 247/735/184 200/736/184
f 209/737/185 274/738/185 273/739/185
f 209/737/185 273/739/185 248/740/185
f 209/741/186 248/742/186 249/743/186
f 209/741/186 249/743/186 229/744/186
f 229/745/187 249/746/187 250/747/187
f 229/745/187 250/747/187 239/748/187
f 239/749/188 250/750/188 251/751/188
f 239/749/188 251/751/188 201/752/188
f 201/753/189 251/754/189 252/755/189
f 201/753/189 252/755/189 215/756/189
f 215/757/190 252/758/190 253/759/190
f 215/757/190 253/759/190 198/760/190
f 198/761/191 253/762/191 254/763/191
f 198/761/191 254/763/191 233/764/191
f 233/765/192 254/766/192 243/767/192
f 233/765/192 243/767/192 223/768/192
f 225/769/193 255/770/193 256/771/193
f 225/769/193 256/771/193 212/772/193
f 256/773/194 280/774/194 279/775/194
f 256/773/194 279/775/194 212/776/194
f 196/777/195 257/778/195 258/779/195
f 196/777/195 258/779/195 219/780/195
f 219/781/196 258/782/196 259/783/196
f 219/781/196 259/783/196 197/784/196
f 211/785/197 277/786/197 276/787/197
f 211/785/197 276/787/197 260/788/197
f 211/789/198 260/790/198 261/791/198
f 211/789/198 261/791/198 227/792/198
f 227/793/199 261/794/199 262/795/199
f 227/793/199 262/795/199 237/796/199
f 237/797/200 262/798/200 263/799/200
f 237/797/200 263/799/200 193/800/200
f 193/801/201 263/802/201 264/803/201
f 193/801/201 264/803/201 217/804/201
f 217/805/202 264/806/202 265/807/202
f 217/805/202 265/807/202 192/808/202
f 192/809/203 265/810/203 266/811/203
f 192/809/203 266/811/203 235/812/203
f 235/813/204 266/814/204 255/815/204
f 235/813/204 255/815/204 225/816/204
f 203/817/205 267/818/205 268/819/205
f 203/817/205 268/819/205 199/820/205
f 199/821/206 268/822/206 269/823/206
f 199/821/206 269/823/206 245/824/206
f 245/825/207 269/826/207 270/827/207
f 245/825/207 270/827/207 194/828/207
f 194/829/208 270/830/208 271/831/208
f 194/829/208 271/831/208 222/832/208
f 222/833/209 271/834/209 272/835/209
f 222/833/209 272/835/209 195/836/209
f 195/837/210 272/838/210 273/839/210
f 195/837/210 273/839/210 247/840/210
f 247/841/211 273/842/211 274/843/211
f 247/841/211 274/843/211 200/844/211
f 200/845/212 274/846/212 275/847/212
f 200/845/212 275/847/212 204/848/212
f 204/849/213 275/850/213 276/851/213
f 204/849/213 276/851/213 259/852/213
f 259/853/214 276/854/214 277/855/214
f 259/853/214 277/855/214 197/856/214
f 197/857/215 277/858/215 278/859/215
f 197/857/215 278/859/215 219/860/215
f 219/861/216 278/862/216 279/863/216
f 219/861/216 279/863/216 196/864/216
f 196/865/217 279/866/217 280/867/217
f 196/865/217 280/867/217 257/868/217
f 257/869/218 280/870/218 267/871/218
f 257/869/218 267/871/218 203/872/218
usemtl m_3decf1d4-bb79-7704-2ee4-3d3d928292c8
f 281/873/219 282/874/219 284/875/219
f 281/873/219 284/875/219 283/876/219
usemtl m_57816b9e-dd3c-e50c-8031-a4812e7c13c1
f 288/877/220 286/878/220 285/879/220
f 288/877/220 285/879/220 287/880/220
f 291/881/221 289/882/221 290/883/221
f 291/881/221 290/883/221 292/884/221
f 285/885/222 286/886/222 290/887/222
f 285/885/222 290/887/222 289/888/222
f 288/889/223 287/890/223 291/891/223
f 288/889/223 291/891/223 292/892/223
f 287/893/224 285/894/224 289/895/224
f 287/893/224 289/895/224 291/896/224
f 292/897/225 290/898/225 286/899/225
f 292/897/225 286/899/225 288/900/225
f 295/901/226 296/902/226 294/903/226
f 296/904/227 298/905/227 294/906/227
f 298/907/228 314/908/228 312/909/228
f 298/907/228 312/909/228 300/910/228
f 298/911/229 300/912/229 294/913/229
f 293/914/230 326/915/230 299/916/230
f 294/917/231 324/918/231 302/919/231
f 293/920/232 322/921/232 301/922/232
f 294/923/233 320/924/233 304/925/233
f 295/926/234 318/927/234 316/928/234
f 295/926/234 316/928/234 296/929/234
f 296/930/235 316/931/235 314/932/235
f 296/930/235 314/932/235 298/933/235
f 302/934/236 324/935/236 323/936/236
f 302/934/236 323/936/236 310/937/236
f 304/938/237 320/939/237 319/940/237
f 304/938/237 319/940/237 309/941/237
f 299/942/238 297/943/238 293/944/238
f 297/945/239 306/946/239 293/947/239
f 306/948/240 305/949/240 293/950/240
f 307/951/241 321/952/241 322/953/241
f 307/951/241 322/953/241 303/954/241
f 309/955/242 319/956/242 321/957/242
f 309/955/242 321/957/242 307/958/242
f 308/959/243 325/960/243 326/961/243
f 308/959/243 326/961/243 301/962/243
usemtl m_f2bc2a1e-3c88-e833-f071-66ee9283ff08
f 330/963/244 332/964/244 331/965/244
f 330/963/244 331/965/244 327/966/244
usemtl m_57816b9e-dd3c-e50c-8031-a4812e7c13c1
f 299/967/245 311/968/245 313/969/245
f 299/967/245 313/969/245 297/970/245
f 311/971/246 312/972/246 314/973/246
f 311/971/246 314/973/246 313/974/246
f 297/975/247 313/976/247 315/977/247
f 297/975/247 315/977/247 306/978/247
f 313/979/248 314/980/248 316/981/248
f 313/979/248 316/981/248 315/982/248
f 306/983/249 315/984/249 317/985/249
f 306/983/249 317/985/249 305/986/249
f 315/987/250 316/988/250 318/989/250
f 315/987/250 318/989/250 317/990/250
f 310/991/251 319/992/251 320/993/251
f 310/991/251 320/993/251 302/994/251
f 302/995/252 320/996/252 294/997/252
usemtl m_f2bc2a1e-3c88-e833-f071-66ee9283ff08
f 327/998/253 328/999/253 329/1000/253
f 327/998/253 329/1000/253 330/1001/253
usemtl m_57816b9e-dd3c-e50c-8031-a4812e7c13c1
f 301/1002/254 322/1003/254 321/1004/254
f 301/1002/254 321/1004/254 308/1005/254
f 303/1006/255 322/1007/255 293/1008/255
f 312/1009/256 323/1010/256 324/1011/256
f 312/1009/256 324/1011/256 300/1012/256
f 300/1013/257 324/1014/257 294/1015/257
f 311/1016/258 325/1017/258 323/1018/258
f 311/1016/258 323/1018/258 312/1019/258
f 299/1020/259 326/1021/259 325/1022/259
f 299/1020/259 325/1022/259 311/1023/259
f 301/1024/260 326/1025/260 293/1026/260
f 328/1027/261 327/1028/261 308/1029/261
f 328/1027/261 308/1029/261 321/1030/261
f 329/1031/262 328/1032/262 321/1033/262
f 329/1031/262 321/1033/262 319/1034/262
f 330/1035/263 329/1036/263 319/1037/263
f 330/1035/263 319/1037/263 310/1038/263
f 332/1039/264 330/1040/264 310/1041/264
f 332/1039/264 310/1041/264 323/1042/264
f 331/1043/265 332/1044/265 323/1045/265
f 331/1043/265 323/1045/265 325/1046/265
f 327/1047/266 331/1048/266 325/1049/266
f 327/1047/266 325/1049/266 308/1050/266
usemtl m_00b00bfa-9cdf-02ed-985a-b816b141a88f
f 336/1051/267 334/1052/267 333/1053/267
f 336/1051/267 333/1053/267 335/1054/267
f 339/1055/268 337/1056/268 338/1057/268
f 339/1055/268 338/1057/268 340/1058/268
f 333/1059/269 334/1060/269 338/1061/269
f 333/1059/269 338/1061/269 337/1062/269
f 336/1063/270 335/1064/270 339/1065/270
f 336/1063/270 339/1065/270 340/1066/270
f 335/1067/271 333/1068/271 337/1069/271
f 335/1067/271 337/1069/271 339/1070/271
f 340/1071/272 338/1072/272 334/1073/272
f 340/1071/272 334/1073/272 336/1074/272
f 344/1075/273 342/1076/273 341/1077/273
f 344/1075/273 341/1077/273 343/1078/273
f 347/1079/274 345/1080/274 346/1081/274
f 347/1079/274 346/1081/274 348/1082/274
f 341/1083/275 342/1084/275 346/1085/275
f 341/1083/275 346/1085/275 345/1086/275
f 344/1087/276 343/1088/276 347/1089/276
f 344/1087/276 347/1089/276 348/1090/276
f 343/1091/277 341/1092/277 345/1093/277
f 343/1091/277 345/1093/277 347/1094/277
f 348/1095/278 346/1096/278 342/1097/278
f 348/1095/278 342/1097/278 344/1098/278
f 352/1099/279 350/1100/279 349/1101/279
f 352/1099/279 349/1101/279 351/1102/279
f 355/1103/280 353/1104/280 354/1105/280
f 355/1103/280 354/1105/280 356/1106/280
f 349/1107/281 350/1108/281 354/1109/281
f 349/1107/281 354/1109/281 353/1110/281
f 352/1111/282 351/1112/282 355/1113/282
f 352/1111/282 355/1113/282 356/1114/282
f 351/1115/283 349/1116/283 353/1117/283
f 351/1115/283 353/1117/283 355/1118/283
f 356/1119/284 354/1120/284 350/1121/284
f 356/1119/284 350/1121/284 352/1122/284
usemtl m_fae77e0a-5028-f195-caba-20d89c450eac
f 360/1123/285 358/1124/285 357/1125/285
f 360/1123/285 357/1125/285 359/1126/285
f 363/1127/286 361/1128/286 362/1129/286
f 363/1127/286 362/1129/286 364/1130/286
f 357/1131/287 358/1132/287 362/1133/287
f 357/1131/287 362/1133/287 361/1134/287
f 360/1135/288 359/1136/288 363/1137/288
f 360/1135/288 363/1137/288 364/1138/288
f 359/1139/289 357/1140/289 361/1141/289
f 359/1139/289 361/1141/289 363/1142/289
f 364/1143/290 362/1144/290 358/1145/290
f 364/1143/290 358/1145/290 360/1146/290
f 368/1147/291 366/1148/291 365/1149/291
f 368/1147/291 365/1149/291 367/1150/291
f 371/1151/292 369/1152/292 370/1153/292
f 371/1151/292 370/1153/292 372/1154/292
f 365/1155/293 366/1156/293 370/1157/293
f 365/1155/293 370/1157/293 369/1158/293
f 368/1159/294 367/1160/294 371/1161/294
f 368/1159/294 371/1161/294 372/1162/294
f 367/1163/295 365/1164/295 369/1165/295
f 367/1163/295 369/1165/295 371/1166/295
f 372/1167/296 370/1168/296 366/1169/296
f 372/1167/296 366/1169/296 368/1170/296
f 376/1171/297 374/1172/297 373/1173/297
f 376/1171/297 373/1173/297 375/1174/297
f 379/1175/298 377/1176/298 378/1177/298
f 379/1175/298 378/1177/298 380/1178/298
f 373/1179/299 374/1180/299 378/1181/299
f 373/1179/299 378/1181/299 377/1182/299
f 376/1183/300 375/1184/300 379/1185/300
f 376/1183/300 379/1185/300 380/1186/300
f 375/1187/301 373/1188/301 377/1189/301
f 375/1187/301 377/1189/301 379/1190/301
f 380/1191/302 378/1192/302 374/1193/302
f 380/1191/302 374/1193/302 376/1194/302
usemtl m_57816b9e-dd3c-e50c-8031-a4812e7c13c1
f 384/1195/303 383/1196/303 382/1197/303
f 386/1198/304 384/1199/304 382/1200/304
f 400/1201/305 402/1202/305 386/1203/305
f 400/1201/305 386/1203/305 388/1204/305
f 388/1205/306 386/1206/306 382/1207/306
f 414/1208/307 381/1209/307 387/1210/307
f 412/1211/308 382/1212/308 390/1213/308
f 410/1214/309 381/1215/309 389/1216/309
f 408/1217/310 382/1218/310 392/1219/310
f 404/1220/311 406/1221/311 383/1222/311
f 404/1220/311 383/1222/311 384/1223/311
f 402/1224/312 404/1225/312 384/1226/312
f 402/1224/312 384/1226/312 386/1227/312
f 411/1228/313 412/1229/313 390/1230/313
f 411/1228/313 390/1230/313 398/1231/313
f 407/1232/314 408/1233/314 392/1234/314
f 407/1232/314 392/1234/314 397/1235/314
f 385/1236/315 387/1237/315 381/1238/315
f 394/1239/316 385/1240/316 381/1241/316
f 393/1242/317 394/1243/317 381/1244/317
f 410/1245/318 409/1246/318 395/1247/318
f 410/1245/318 395/1247/318 391/1248/318
f 409/1249/319 407/1250/319 397/1251/319
f 409/1249/319 397/1251/319 395/1252/319
f 414/1253/320 413/1254/320 396/1255/320
f 414/1253/320 396/1255/320 389/1256/320
usemtl m_83c5c9d6-2f1f-4d8b-9893-070f5a21dff2
f 419/1257/321 420/1258/321 418/1259/321
f 419/1257/321 418/1259/321 415/1260/321
usemtl m_57816b9e-dd3c-e50c-8031-a4812e7c13c1
f 401/1261/322 399/1262/322 387/1263/322
f 401/1261/322 387/1263/322 385/1264/322
f 402/1265/323 400/1266/323 399/1267/323
f 402/1265/323 399/1267/323 401/1268/323
f 403/1269/324 401/1270/324 385/1271/324
f 403/1269/324 385/1271/324 394/1272/324
f 404/1273/325 402/1274/325 401/1275/325
f 404/1273/325 401/1275/325 403/1276/325
f 405/1277/326 403/1278/326 394/1279/326
f 405/1277/326 394/1279/326 393/1280/326
f 406/1281/327 404/1282/327 403/1283/327
f 406/1281/327 403/1283/327 405/1284/327
f 408/1285/328 407/1286/328 398/1287/328
f 408/1285/328 398/1287/328 390/1288/328
f 408/1289/329 390/1290/329 382/1291/329
usemtl m_83c5c9d6-2f1f-4d8b-9893-070f5a21dff2
f 417/1292/330 416/1293/330 415/1294/330
f 417/1292/330 415/1294/330 418/1295/330
usemtl m_57816b9e-dd3c-e50c-8031-a4812e7c13c1
f 409/1296/331 410/1297/331 389/1298/331
f 409/1296/331 389/1298/331 396/1299/331
f 410/1300/332 391/1301/332 381/1302/332
f 412/1303/333 411/1304/333 400/1305/333
f 412/1303/333 400/1305/333 388/1306/333
f 412/1307/334 388/1308/334 382/1309/334
f 411/1310/335 413/1311/335 399/1312/335
f 411/1310/335 399/1312/335 400/1313/335
f 413/1314/336 414/1315/336 387/1316/336
f 413/1314/336 387/1316/336 399/1317/336
f 414/1318/337 389/1319/337 381/1320/337
f 396/1321/338 415/1322/338 416/1323/338
f 396/1321/338 416/1323/338 409/1324/338
f 409/1325/339 416/1326/339 417/1327/339
f 409/1325/339 417/1327/339 407/1328/339
f 407/1329/340 417/1330/340 418/1331/340
f 407/1329/340 418/1331/340 398/1332/340
f 398/1333/341 418/1334/341 420/1335/341
f 398/1333/341 420/1335/341 411/1336/341
f 411/1337/342 420/1338/342 419/1339/342
f 411/1337/342 419/1339/342 413/1340/342
f 413/1341/343 419/1342/343 415/1343/343
f 413/1341/343 415/1343/343 396/1344/343
usemtl m_64769e19-dab8-745c-e937-981c8d8466c2
f 484/1345/344 485/1346/344 421/1347/344
f 484/1345/344 421/1347/344 446/1348/344
f 477/1349/345 478/1350/345 454/1351/345
f 477/1349/345 454/1351/345 425/1352/345
f 463/1353/346 464/1354/346 439/1355/346
f 463/1353/346 439/1355/346 445/1356/346
f 457/1357/347 458/1358/347 450/1359/347
f 457/1357/347 450/1359/347 444/1360/347
f 475/1361/348 476/1362/348 439/1363/348
f 475/1361/348 439/1363/348 464/1364/348
f 480/1365/349 481/1366/349 462/1367/349
f 480/1365/349 462/1367/349 440/1368/349
usemtl m_57816b9e-dd3c-e50c-8031-a4812e7c13c1
f 455/1369/350 456/1370/350 437/1371/350
f 455/1369/350 437/1371/350 438/1372/350
usemtl m_64769e19-dab8-745c-e937-981c8d8466c2
f 452/1373/351 453/1374/351 430/1375/351
f 452/1373/351 430/1375/351 434/1376/351
f 447/1377/352 448/1378/352 433/1379/352
f 447/1377/352 433/1379/352 429/1380/352
f 487/1381/353 488/1382/353 437/1383/353
f 487/1381/353 437/1383/353 456/1384/353
f 489/1385/354 490/1386/354 452/1387/354
f 489/1385/354 452/1387/354 434/1388/354
f 492/1389/355 493/1390/355 460/1391/355
f 492/1389/355 460/1391/355 442/1392/355
f 496/1393/356 497/1394/356 433/1395/356
f 496/1393/356 433/1395/356 448/1396/356
f 499/1397/357 500/1398/357 438/1399/357
f 499/1397/357 438/1399/357 437/1400/357
f 501/1401/358 502/1402/358 439/1403/358
f 501/1401/358 439/1403/358 476/1404/358
f 502/1405/359 503/1406/359 445/1407/359
f 502/1405/359 445/1407/359 439/1408/359
f 504/1409/360 505/1410/360 480/1411/360
f 504/1409/360 480/1411/360 440/1412/360
f 506/1413/361 507/1414/361 442/1415/361
f 506/1413/361 442/1415/361 441/1416/361
f 507/1417/362 508/1418/362 492/1419/362
f 507/1417/362 492/1419/362 442/1420/362
f 510/1421/363 511/1422/363 444/1423/363
f 510/1421/363 444/1423/363 450/1424/363
f 512/1425/364 499/1426/364 437/1427/364
f 512/1425/364 437/1427/364 488/1428/364
f 462/1429/365 463/1430/365 445/1431/365
f 462/1429/365 445/1431/365 440/1432/365
f 483/1433/366 484/1434/366 446/1435/366
f 483/1433/366 446/1435/366 422/1436/366
f 448/1437/367 447/1438/367 432/1439/367
f 448/1437/367 432/1439/367 436/1440/367
f 495/1441/368 496/1442/368 448/1443/368
f 495/1441/368 448/1443/368 436/1444/368
f 458/1445/369 459/1446/369 443/1447/369
f 458/1445/369 443/1447/369 450/1448/369
f 509/1449/370 510/1450/370 450/1451/370
f 509/1449/370 450/1451/370 443/1452/370
f 490/1453/371 491/1454/371 435/1455/371
f 490/1453/371 435/1455/371 452/1456/371
f 453/1457/372 452/1458/372 435/1459/372
f 453/1457/372 435/1459/372 431/1460/372
f 478/1461/373 479/1462/373 426/1463/373
f 478/1461/373 426/1463/373 454/1464/373
f 503/1465/374 504/1466/374 440/1467/374
f 503/1465/374 440/1467/374 445/1468/374
f 465/1469/375 466/1470/375 456/1471/375
f 465/1469/375 456/1471/375 455/1472/375
f 498/1473/376 487/1474/376 456/1475/376
f 498/1473/376 456/1475/376 466/1476/376
f 467/1477/377 468/1478/377 458/1479/377
f 467/1477/377 458/1479/377 457/1480/377
f 468/1481/378 469/1482/378 459/1483/378
f 468/1481/378 459/1483/378 458/1484/378
f 493/1485/379 494/1486/379 470/1487/379
f 493/1485/379 470/1487/379 460/1488/379
f 470/1489/380 471/1490/380 461/1491/380
f 470/1489/380 461/1491/380 460/1492/380
f 481/1493/381 482/1494/381 472/1495/381
f 481/1493/381 472/1495/381 462/1496/381
f 472/1497/382 473/1498/382 463/1499/382
f 472/1497/382 463/1499/382 462/1500/382
f 473/1501/383 474/1502/383 464/1503/383
f 473/1501/383 464/1503/383 463/1504/383
f 486/1505/384 475/1506/384 464/1507/384
f 486/1505/384 464/1507/384 474/1508/384
f 466/1509/385 465/1510/385 429/1511/385
f 466/1509/385 429/1511/385 433/1512/385
f 497/1513/386 498/1514/386 466/1515/386
f 497/1513/386 466/1515/386 433/1516/386
f 468/1517/387 467/1518/387 423/1519/387
f 468/1517/387 423/1519/387 449/1520/387
f 469/1521/388 468/1522/388 449/1523/388
f 469/1521/388 449/1523/388 424/1524/388
f 494/1525/389 495/1526/389 436/1527/389
f 494/1525/389 436/1527/389 470/1528/389
f 471/1529/390 470/1530/390 436/1531/390
f 471/1529/390 436/1531/390 432/1532/390
f 482/1533/391 483/1534/391 422/1535/391
f 482/1533/391 422/1535/391 472/1536/391
f 473/1537/392 472/1538/392 422/1539/392
f 473/1537/392 422/1539/392 446/1540/392
f 474/1541/393 473/1542/393 446/1543/393
f 474/1541/393 446/1543/393 421/1544/393
f 485/1545/394 486/1546/394 474/1547/394
f 485/1545/394 474/1547/394 421/1548/394
f 476/1549/395 475/1550/395 455/1551/395
f 476/1549/395 455/1551/395 438/1552/395
f 500/1553/396 501/1554/396 476/1555/396
f 500/1553/396 476/1555/396 438/1556/396
f 478/1557/397 477/1558/397 430/1559/397
f 478/1557/397 430/1559/397 453/1560/397
f 479/1561/398 478/1562/398 453/1563/398
f 479/1561/398 453/1563/398 431/1564/398
f 505/1565/399 506/1566/399 441/1567/399
f 505/1565/399 441/1567/399 480/1568/399
f 481/1569/400 480/1570/400 441/1571/400
f 481/1569/400 441/1571/400 461/1572/400
f 482/1573/401 481/1574/401 461/1575/401
f 482/1573/401 461/1575/401 471/1576/401
f 483/1577/402 482/1578/402 471/1579/402
f 483/1577/402 471/1579/402 432/1580/402
f 484/1581/403 483/1582/403 432/1583/403
f 484/1581/403 432/1583/403 447/1584/403
f 485/1585/404 484/1586/404 447/1587/404
f 485/1585/404 447/1587/404 429/1588/404
f 486/1589/405 485/1590/405 429/1591/405
f 486/1589/405 429/1591/405 465/1592/405
f 475/1593/406 486/1594/406 465/1595/406
f 475/1593/406 465/1595/406 455/1596/406
f 488/1597/407 487/1598/407 457/1599/407
f 488/1597/407 457/1599/407 444/1600/407
f 511/1601/408 512/1602/408 488/1603/408
f 511/1601/408 488/1603/408 444/1604/408
f 490/1605/409 489/1606/409 427/1607/409
f 490/1605/409 427/1607/409 451/1608/409
f 491/1609/410 490/1610/410 451/1611/410
f 491/1609/410 451/1611/410 428/1612/410
f 508/1613/411 509/1614/411 443/1615/411
f 508/1613/411 443/1615/411 492/1616/411
f 493/1617/412 492/1618/412 443/1619/412
f 493/1617/412 443/1619/412 459/1620/412
f 494/1621/413 493/1622/413 459/1623/413
f 494/1621/413 459/1623/413 469/1624/413
f 495/1625/414 494/1626/414 469/1627/414
f 495/1625/414 469/1627/414 424/1628/414
f 496/1629/415 495/1630/415 424/1631/415
f 496/1629/415 424/1631/415 449/1632/415
f 497/1633/416 496/1634/416 449/1635/416
f 497/1633/416 449/1635/416 423/1636/416
f 498/1637/417 497/1638/417 423/1639/417
f 498/1637/417 423/1639/417 467/1640/417
f 487/1641/418 498/1642/418 467/1643/418
f 487/1641/418 467/1643/418 457/1644/418
f 500/1645/419 499/1646/419 434/1647/419
f 500/1645/419 434/1647/419 430/1648/419
f 501/1649/420 500/1650/420 430/1651/420
f 501/1649/420 430/1651/420 477/1652/420
f 502/1653/421 501/1654/421 477/1655/421
f 502/1653/421 477/1655/421 425/1656/421
f 503/1657/422 502/1658/422 425/1659/422
f 503/1657/422 425/1659/422 454/1660/422
f 504/1661/423 503/1662/423 454/1663/423
f 504/1661/423 454/1663/423 426/1664/423
f 505/1665/424 504/1666/424 426/1667/424
f 505/1665/424 426/1667/424 479/1668/424
f 506/1669/425 505/1670/425 479/1671/425
f 506/1669/425 479/1671/425 431/1672/425
f 507/1673/426 506/1674/426 431/1675/426
f 507/1673/426 431/1675/426 435/1676/426
f 508/1677/427 507/1678/427 435/1679/427
f 508/1677/427 435/1679/427 491/1680/427
f 509/1681/428 508/1682/428 491/1683/428
f 509/1681/428 491/1683/428 428/1684/428
f 510/1685/429 509/1686/429 428/1687/429
f 510/1685/429 428/1687/429 451/1688/429
f 511/1689/430 510/1690/430 451/1691/430
f 511/1689/430 451/1691/430 427/1692/430
f 512/1693/431 511/1694/431 427/1695/431
f 512/1693/431 427/1695/431 489/1696/431
f 499/1697/432 512/1698/432 489/1699/432
f 499/1697/432 489/1699/432 434/1700/432
usemtl m_3decf1d4-bb79-7704-2ee4-3d3d928292c8
f 516/1701/433 514/1702/433 513/1703/433
f 516/1701/433 513/1703/433 515/1704/433
usemtl m_57816b9e-dd3c-e50c-8031-a4812e7c13c1
f 517/1705/434 518/1706/434 520/1707/434
f 517/1705/434 520/1707/434 519/1708/434
f 522/1709/435 521/1710/435 523/1711/435
f 522/1709/435 523/1711/435 524/1712/435
f 522/1713/436 518/1714/436 517/1715/436
f 522/1713/436 517/1715/436 521/1716/436
f 523/1717/437 519/1718/437 520/1719/437
f 523/1717/437 520/1719/437 524/1720/437
f 521/1721/438 517/1722/438 519/1723/438
f 521/1721/438 519/1723/438 523/1724/438
f 518/1725/439 522/1726/439 524/1727/439
f 518/1725/439 524/1727/439 520/1728/439
o left
v -0.34375 0.875 0.03125
v -0.34375 0.875 -0.03125
v -0.34375 0.25 0.03125
v -0.34375 0.25 -0.03125
v -0.375 0.875 0.03125
v -0.375 0.875 -0.03125
v -0.375 0.25 0.03125
v -0.375 0.25 -0.03125
v -0.40625 0.875 0.875
v -0.40625 0.875 0.859375
v -0.40625 0.6875 0.875
v -0.40625 0.6875 0.859375
v -0.59375 0.875 0.875
v -0.59375 0.875 0.859375
v -0.59375 0.6875 0.875
v -0.59375 0.6875 0.859375
v -0.4375 0.6875 0.875
v -0.4375 0.5 0.875
v -0.5625 0.6875 0.875
v -0.5625 0.5 0.875
v -0.40625 0.6875 0.875
v -0.40625 0.6875 0.859375
v -0.40625 0.5 0.875
v -0.40625 0.5 0.859375
v -0.4375 0.6875 0.859375
v -0.4375 0.5 0.859375
v -0.5625 0.6875 0.859375
v -0.5625 0.5 0.859375
v -0.59375 0.6875 0.875
v -0.59375 0.6875 0.859375
v -0.59375 0.5 0.875
v -0.59375 0.5 0.859375
v -0.40625 0.5 0.875
v -0.40625 0.5 0.859375
v -0.40625 0 0.875
v -0.40625 0 0.859375
v -0.59375 0.5 0.875
v -0.59375 0.5 0.859375
v -0.59375 0 0.875
v -0.59375 0 0.859375
v -0.40625 1.125 0.4375
v -0.40625 1.125 -0.4375
v -0.40625 0.875 0.875
v -0.40625 0.875 -0.875
v -0.59375 1.125 0.4375
v -0.59375 1.125 -0.4375
v -0.59375 0.875 0.875
v -0.59375 0.875 -0.875
v -0.59375 1.03125 -0.4375
v -0.40625 1.03125 -0.4375
v -0.40625 1.03125 0.4375
v -0.59375 1.03125 0.4375
v -0.40625 0.875 0.859375
v -0.40625 0.875 -0.859375
v -0.40625 0 0.859375
v -0.40625 0 -0.859375
v -0.59375 0.875 0.859375
v -0.59375 0.875 -0.859375
v -0.59375 0 0.859375
v -0.59375 0 -0.859375
v -0.40625 0.875 -0.875
v -0.40625 0.875 -0.859375
v -0.40625 0.6875 -0.875
v -0.40625 0.6875 -0.859375
v -0.59375 0.875 -0.875
v -0.59375 0.875 -0.859375
v -0.59375 0.6875 -0.875
v -0.59375 0.6875 -0.859375
v -0.4375 0.6875 -0.875
v -0.4375 0.5 -0.875
v -0.5625 0.6875 -0.875
v -0.5625 0.5 -0.875
v -0.40625 0.6875 -0.875
v -0.40625 0.6875 -0.859375
v -0.40625 0.5 -0.875
v -0.40625 0.5 -0.859375
v -0.4375 0.6875 -0.859375
v -0.4375 0.5 -0.859375
v -0.5625 0.6875 -0.859375
v -0.5625 0.5 -0.859375
v -0.59375 0.6875 -0.875
v -0.59375 0.6875 -0.859375
v -0.59375 0.5 -0.875
v -0.59375 0.5 -0.859375
v -0.40625 0.5 -0.875
v -0.40625 0.5 -0.859375
v -0.40625 0 -0.875
v -0.40625 0 -0.859375
v -0.59375 0.5 -0.875
v -0.59375 0.5 -0.859375
v -0.59375 0 -0.875
v -0.59375 0 -0.859375
v -0.453125 1.375065 0.203451875
v -0.453125 1.3511475 0.145709375
v -0.453125 1.0863525 0.323040625
v -0.453125 1.062435 0.265298125
v -0.546875 1.375065 0.203451875
v -0.546875 1.3511475 0.145709375
v -0.546875 1.0863525 0.323040625
v -0.546875 1.062435 0.265298125
v -0.4375 1.390625 0.328125
v -0.4375 1.390625 -0.328125
v -0.4375 1.296875 0.328125
v -0.4375 1.296875 -0.328125
v -0.5625 1.390625 0.328125
v -0.5625 1.390625 -0.328125
v -0.5625 1.296875 0.328125
v -0.5625 1.296875 -0.328125
v -0.453125 1.3511475 -0.145709375
v -0.453125 1.375065 -0.203451875
v -0.453125 1.062435 -0.265298125
v -0.453125 1.0863525 -0.323040625
v -0.546875 1.3511475 -0.145709375
v -0.546875 1.375065 -0.203451875
v -0.546875 1.062435 -0.265298125
v -0.546875 1.0863525 -0.323040625
v -0.359375 0.9375 0.375
v -0.359375 0.9375 -0.375
v -0.359375 0 0.375
v -0.359375 0 -0.375
v -0.421875 0.9375 0.4375
v -0.421875 0.9375 -0.4375
v -0.421875 0 0.4375
v -0.421875 0 -0.4375
v -0.406875 0.875624375 0.438125
v -0.593125 0.875624375 0.438125
v -0.593125 0.875625 0.874375
v -0.593125 0.948481875 0.840138125
v -0.406875 1.0138037500000001 0.773996875
v -0.593125 1.0138037500000001 0.773996875
v -0.406875 1.06713875 0.68046
v -0.593125 1.06713875 0.68046
v -0.406875 1.1048525 0.565900625
v -0.593125 1.1048525 0.565900625
v -0.406875 1.124374375 0.43812625
v -0.593125 1.124374375 0.43812625
v -0.406875 0.875625 0.874375
v -0.406875 0.948481875 0.840138125
v -0.437813125 1.124374375 0.43812625
v -0.437813125 1.1048525 0.565900625
v -0.562186875 1.124374375 0.43812625
v -0.562186875 1.1048525 0.565900625
v -0.437813125 1.06713875 0.68046
v -0.562186875 1.06713875 0.68046
v -0.46895875 1.0138037500000001 0.773996875
v -0.53104125 1.0138037500000001 0.773996875
v -0.46895875 0.948481875 0.840138125
v -0.53104125 0.948481875 0.840138125
v -0.46895875 0.875625 0.874375
v -0.53104125 0.875625 0.874375
v -0.562186875 1.119084375 0.472753125
v -0.593125 1.119084375 0.472753125
v -0.437813125 1.119084375 0.472753125
v -0.406875 1.119084375 0.472753125
v -0.562186875 1.0840475 0.629096875
v -0.593125 1.0840475 0.629096875
v -0.437813125 1.0840475 0.629096875
v -0.406875 1.0840475 0.629096875
v -0.43796812500000004 1.0892275 0.565900625
v -0.43796812500000004 1.10344125 0.47287
v -0.562031875 1.10344125 0.47287
v -0.562031875 1.0892275 0.565900625
v -0.43796812500000004 1.06844875 0.629018125
v -0.562031875 1.06844875 0.629018125
v -0.406875 0.875624375 -0.438125
v -0.593125 0.875624375 -0.438125
v -0.593125 0.875625 -0.874375
v -0.593125 0.948481875 -0.840138125
v -0.406875 1.0138037500000001 -0.773996875
v -0.593125 1.0138037500000001 -0.773996875
v -0.406875 1.06713875 -0.68046
v -0.593125 1.06713875 -0.68046
v -0.406875 1.1048525 -0.565900625
v -0.593125 1.1048525 -0.565900625
v -0.406875 1.124374375 -0.43812625
v -0.593125 1.124374375 -0.43812625
v -0.406875 0.875625 -0.874375
v -0.406875 0.948481875 -0.840138125
v -0.437813125 1.124374375 -0.43812625
v -0.437813125 1.1048525 -0.565900625
v -0.562186875 1.124374375 -0.43812625
v -0.562186875 1.1048525 -0.565900625
v -0.437813125 1.06713875 -0.68046
v -0.562186875 1.06713875 -0.68046
v -0.46895875 1.0138037500000001 -0.773996875
v -0.53104125 1.0138037500000001 -0.773996875
v -0.46895875 0.948481875 -0.840138125
v -0.53104125 0.948481875 -0.840138125
v -0.46895875 0.875625 -0.874375
v -0.53104125 0.875625 -0.874375
v -0.562186875 1.119084375 -0.472753125
v -0.593125 1.119084375 -0.472753125
v -0.437813125 1.119084375 -0.472753125
v -0.406875 1.119084375 -0.472753125
v -0.562186875 1.0840475 -0.629096875
v -0.593125 1.0840475 -0.629096875
v -0.437813125 1.0840475 -0.629096875
v -0.406875 1.0840475 -0.629096875
v -0.43796812500000004 1.0986025000000001 -0.565900625
v -0.43796812500000004 1.11281625 -0.47287
v -0.562031875 1.11281625 -0.47287
v -0.562031875 1.0986025000000001 -0.565900625
v -0.43796812500000004 1.0778237499999999 -0.629018125
v -0.562031875 1.0778237499999999 -0.629018125
v -0.4375 0.5 0.8687499999999999
v -0.4375 0.6875 0.8687499999999999
v -0.5625 0.6875 0.8687499999999999
v -0.5625 0.5 0.8687499999999999
v -0.5625 0.6875 -0.8687499999999999
v -0.4375 0.6875 -0.8687499999999999
v -0.4375 0.5 -0.8687499999999999
v -0.5625 0.5 -0.8687499999999999
vt 0 0.375
vt 0 1
vt 0.0625 1
vt 0.0625 0.375
vt 0 0.375
vt 0 1
vt 0.0625 1
vt 0.0625 0.375
vt 0 0.9375
vt 0 1
vt 0.03125 1
vt 0.03125 0.9375
vt 0 0.9375
vt 0 1
vt 0.03125 1
vt 0.03125 0.9375
vt 0 0.375
vt 0 1
vt 0.03125 1
vt 0.03125 0.375
vt 0 0.375
vt 0 1
vt 0.03125 1
vt 0.03125 0.375
vt 4.375 -3.875
vt 4.375 -3
vt 3.75 -3
vt 3.75 -3.875
vt 5.1875 -3.875
vt 5.1875 -3
vt 4.5625 -3
vt 4.5625 -3.875
vt 4.375 -2.375
vt 4.375 -3
vt 4.5625 -3
vt 4.5625 -2.375
vt 4.5625 -3
vt 4.5625 -2.375
vt 4.75 -2.375
vt 4.75 -3
vt 5.375 -3.875
vt 5.375 -3
vt 5.1875 -3
vt 5.1875 -3.875
vt 1 -2.220446049250313e-16
vt 1 1
vt 0 1
vt 0 -2.220446049250313e-16
vt 4.375 -3.875
vt 4.375 -3
vt 3.75 -3
vt 3.75 -3.875
vt 5.1875 -3.875
vt 5.1875 -3
vt 4.5625 -3
vt 4.5625 -3.875
vt 4.375 -2.375
vt 4.375 -3
vt 4.5625 -3
vt 4.5625 -2.375
vt 4.5625 -3
vt 4.5625 -2.375
vt 4.75 -2.375
vt 4.75 -3
vt 5.375 -3.875
vt 5.375 -3
vt 5.1875 -3
vt 5.1875 -3.875
vt 4.375 -3.875
vt 4.375 -3
vt 3.75 -3
vt 3.75 -3.875
vt 5.1875 -3.875
vt 5.1875 -3
vt 4.5625 -3
vt 4.5625 -3.875
vt 4.375 -2.375
vt 4.375 -3
vt 4.5625 -3
vt 4.5625 -2.375
vt 4.5625 -3
vt 4.5625 -2.375
vt 4.75 -2.375
vt 4.75 -3
vt 5.375 -3.875
vt 5.375 -3
vt 5.1875 -3
vt 5.1875 -3.875
vt 4.375 -3.875
vt 4.375 -3
vt 3.75 -3
vt 3.75 -3.875
vt 5.1875 -3.875
vt 5.1875 -3
vt 4.5625 -3
vt 4.5625 -3.875
vt 4.375 -2.375
vt 4.375 -3
vt 4.5625 -3
vt 4.5625 -2.375
vt 4.5625 -3
vt 4.5625 -2.375
vt 4.75 -2.375
vt 4.75 -3
vt 5.375 -3.875
vt 5.375 -3
vt 5.1875 -3
vt 5.1875 -3.875
vt 1.25 -1
vt 1.25 -1.421875
vt 2.125 -1.421875
vt 2.125 -1
vt 2.3125 -1
vt 2.3125 -1.421875
vt 3.1875 -1.421875
vt 3.1875 -1
vt 2.125 -0.125
vt 2.125 -1
vt 2.3125 -1
vt 2.3125 -0.125
vt 2.3125 -1
vt 2.3125 -0.125
vt 2.5 -0.125
vt 2.5 -1
vt 3.1875 -1
vt 3.1875 -1.421875
vt 3.375 -1.421875
vt 3.375 -1
vt 2.125 -1
vt 2.125 -1.421875
vt 2.3125 -1.421875
vt 2.3125 -1
vt 2.3125 -2.125
vt 2.3125 -1.421875
vt 2.125 -1.421875
vt 2.125 -2.125
vt 2.125 -2.125
vt 2.125 -1.421875
vt 1.25 -1.421875
vt 1.25 -2.125
vt 3.375 -2.125
vt 3.375 -1.421875
vt 3.1875 -1.421875
vt 3.1875 -2.125
vt 3.1875 -2.125
vt 3.1875 -1.421875
vt 2.3125 -1.421875
vt 2.3125 -2.125
vt 4.375 -3.875
vt 4.375 -3
vt 3.75 -3
vt 3.75 -3.875
vt 5.1875 -3.875
vt 5.1875 -3
vt 4.5625 -3
vt 4.5625 -3.875
vt 4.375 -2.375
vt 4.375 -3
vt 4.5625 -3
vt 4.5625 -2.375
vt 4.5625 -3
vt 4.5625 -2.375
vt 4.75 -2.375
vt 4.75 -3
vt 5.375 -3.875
vt 5.375 -3
vt 5.1875 -3
vt 5.1875 -3.875
vt 4.5625 -3.875
vt 4.5625 -3
vt 4.375 -3
vt 4.375 -3.875
vt 3.75 -3
vt 4.375 -3
vt 4.375 -3.875
vt 3.75 -3.875
vt 4.5625 -3
vt 5.1875 -3
vt 5.1875 -3.875
vt 4.5625 -3.875
vt 4.5625 -3
vt 4.375 -3
vt 4.375 -2.375
vt 4.5625 -2.375
vt 4.75 -2.375
vt 4.5625 -2.375
vt 4.5625 -3
vt 4.75 -3
vt 5.1875 -3
vt 5.375 -3
vt 5.375 -3.875
vt 5.1875 -3.875
vt 1.0000000000000002 1
vt 0 1
vt 0 -2.220446049250313e-16
vt 1.0000000000000002 -2.220446049250313e-16
vt 3.75 -3
vt 4.375 -3
vt 4.375 -3.875
vt 3.75 -3.875
vt 4.5625 -3
vt 5.1875 -3
vt 5.1875 -3.875
vt 4.5625 -3.875
vt 4.5625 -3
vt 4.375 -3
vt 4.375 -2.375
vt 4.5625 -2.375
vt 4.75 -2.375
vt 4.5625 -2.375
vt 4.5625 -3
vt 4.75 -3
vt 5.1875 -3
vt 5.375 -3
vt 5.375 -3.875
vt 5.1875 -3.875
vt 3.75 -3
vt 4.375 -3
vt 4.375 -3.875
vt 3.75 -3.875
vt 4.5625 -3
vt 5.1875 -3
vt 5.1875 -3.875
vt 4.5625 -3.875
vt 4.5625 -3
vt 4.375 -3
vt 4.375 -2.375
vt 4.5625 -2.375
vt 4.75 -2.375
vt 4.5625 -2.375
vt 4.5625 -3
vt 4.75 -3
vt 5.1875 -3
vt 5.375 -3
vt 5.375 -3.875
vt 5.1875 -3.875
vt 3.75 -3
vt 4.375 -3
vt 4.375 -3.875
vt 3.75 -3.875
vt 4.5625 -3
vt 5.1875 -3
vt 5.1875 -3.875
vt 4.5625 -3.875
vt 4.5625 -3
vt 4.375 -3
vt 4.375 -2.375
vt 4.5625 -2.375
vt 4.75 -2.375
vt 4.5625 -2.375
vt 4.5625 -3
vt 4.75 -3
vt 5.1875 -3
vt 5.375 -3
vt 5.375 -3.875
vt 5.1875 -3.875
vt 2.5 0.4375
vt 2.5 0.75
vt 2.5625 0.75
vt 2.5625 0.4375
vt 2.375 0.4375
vt 2.375 0.75
vt 2.4375 0.75
vt 2.4375 0.4375
vt 2.5 0.8125
vt 2.5 0.75
vt 2.4375 0.75
vt 2.4375 0.8125
vt 2.5625 0.75
vt 2.5625 0.8125
vt 2.5 0.8125
vt 2.5 0.75
vt 2.5625 0.4375
vt 2.5625 0.75
vt 2.625 0.75
vt 2.625 0.4375
vt 2.4375 0.4375
vt 2.4375 0.75
vt 2.5 0.75
vt 2.5 0.4375
vt 5 0.1875
vt 5 0.25
vt 5.75 0.25
vt 5.75 0.1875
vt 4.125 0.1875
vt 4.125 0.25
vt 4.875 0.25
vt 4.875 0.1875
vt 5 1
vt 5 0.25
vt 4.875 0.25
vt 4.875 1
vt 5.125 0.25
vt 5.125 1
vt 5 1
vt 5 0.25
vt 5.75 0.1875
vt 5.75 0.25
vt 5.875 0.25
vt 5.875 0.1875
vt 4.875 0.1875
vt 4.875 0.25
vt 5 0.25
vt 5 0.1875
vt 2.5 0.4375
vt 2.5 0.75
vt 2.5625 0.75
vt 2.5625 0.4375
vt 2.375 0.4375
vt 2.375 0.75
vt 2.4375 0.75
vt 2.4375 0.4375
vt 2.5 0.8125
vt 2.5 0.75
vt 2.4375 0.75
vt 2.4375 0.8125
vt 2.5625 0.75
vt 2.5625 0.8125
vt 2.5 0.8125
vt 2.5 0.75
vt 2.5625 0.4375
vt 2.5625 0.75
vt 2.625 0.75
vt 2.625 0.4375
vt 2.4375 0.4375
vt 2.4375 0.75
vt 2.5 0.75
vt 2.5 0.4375
vt 3.25 -0.6875
vt 3.25 0.25
vt 2.5 0.25
vt 2.5 -0.6875
vt 3.25 1
vt 3.25 0.25
vt 3.3125 0.25
vt 3.3125 1
vt 3.3125 0.25
vt 3.3125 1
vt 3.375 1
vt 3.375 0.25
vt 4.125 -0.6875
vt 4.125 0.25
vt 4.0625 0.25
vt 4.0625 -0.6875
vt 3.3125 -0.6875
vt 3.3125 0.25
vt 3.25 0.25
vt 3.25 -0.6875
vt 0 0.495685625
vt 0.13052875 0.512870625
vt 0 1
vt 0 0.495685625
vt 0.13052375 0.512869375
vt 0 1
vt 0 1
vt 0 0.833333125
vt 0.13165 0.833333125
vt 0.13165 1
vt 0 0.495685625
vt 0.130528125 0.512870625
vt 0 1
vt 0 0.86947625
vt 0.49661 0.927996875
vt 0.487130625 1
vt 0 1
vt 0.058520625 0.50339
vt 0.13052375 0.512869375
vt 0 0.86947125
vt 0.49178625 0.96462625
vt 0.487129375 1
vt 0 1
vt 0.095155 0.5082131249999999
vt 0.13052875 0.512870625
vt 0 1
vt 0 0.833333125
vt 0.13165 0.833333125
vt 0.13165 1
vt 0 1
vt 0 0.833333125
vt 0.13165 0.833333125
vt 0.13165 1
vt 0.13165 1
vt 0.059025625 1
vt 0.059025625 0.833333125
vt 0.13165 0.833333125
vt 0.13165 1
vt 0.0959725 1
vt 0.0959725 0.833333125
vt 0.13165 0.833333125
vt 0.504314375 0.869471875
vt 0.487129375 1
vt 0 0.869471875
vt 0.504314375 0.86947625
vt 0.487130625 1
vt 0 0.86947625
vt 0.504314375 0.86947125
vt 0.487129375 1
vt 0 0.86947125
vt 0.13165 0.666666875
vt 0.0959725 0.666666875
vt 0.0959725 0.5
vt 0.13165 0.5
vt 0.13165 0.833333125
vt 0.0959725 0.833333125
vt 0.0959725 0.666666875
vt 0.13165 0.666666875
vt 0.13165 0.666666875
vt 0.059025625 0.666666875
vt 0.059025625 0.5
vt 0.13165 0.5
vt 0 0.421875
vt 0 0.0703125
vt 1 0.0703125
vt 1 0.421875
vt 0.13165 0.5
vt 0.13165 0.666666875
vt 0 0.666666875
vt 0 0.5
vt 0.13165 0.666666875
vt 0.13165 0.833333125
vt 0 0.833333125
vt 0 0.666666875
vt 0.13165 0.5
vt 0.13165 0.666666875
vt 0 0.666666875
vt 0 0.5
vt 0.13165 0.666666875
vt 0.13165 0.833333125
vt 0 0.833333125
vt 0 0.666666875
vt 0.13165 0.5
vt 0.13165 0.666666875
vt 0 0.666666875
vt 0 0.5
vt 0.13165 0.666666875
vt 0.13165 0.833333125
vt 0 0.833333125
vt 0 0.666666875
vt 0 0.833333125
vt 0.0959725 0.833333125
vt 0.0959725 1
vt 0 1
vt 0 0.495685625
vt 0.095155 0.5082131249999999
vt 0 1
vt 1 0.4140625
vt 1 1
vt 0 1
vt 0 0.4140625
vt 0 0.5
vt 0.0959725 0.5
vt 0.0959725 0.666666875
vt 0 0.666666875
vt 0.504314375 0.86947125
vt 0.49178625 0.96462625
vt 0 0.86947125
vt 0 0.833333125
vt 0.059025625 0.833333125
vt 0.059025625 1
vt 0 1
vt 0 0.495685625
vt 0.058520625 0.50339
vt 0 1
vt 0 0.666666875
vt 0.059025625 0.666666875
vt 0.059025625 0.833333125
vt 0 0.833333125
vt 0 0.5
vt 0.059025625 0.5
vt 0.059025625 0.666666875
vt 0 0.666666875
vt 0.504314375 0.86947625
vt 0.49661 0.927996875
vt 0 0.86947625
vt 0.0625 0.68738125
vt 0.0625 0.593
vt 0.06265625 0.593
vt 0.06265625 0.6875
vt 0.06265625 0.74988125
vt 0.18713125 0.74988125
vt 0.1872875 0.75
vt 0.0625 0.75
vt 0.06265625 0.7805
vt 0.06265625 0.87488125
vt 0.0625 0.875
vt 0.0625 0.7805
vt 0.12515625 0.80834375
vt 0.12515625 0.875
vt 0.125 0.875
vt 0.125 0.8082625
vt 0.12463125 0.75
vt 0.00015625 0.75
vt 0 0.74991875
vt 0.1247875 0.74991875
vt 0.125 0.6875
vt 0.125 0.62084375
vt 0.12515625 0.6207625
vt 0.12515625 0.6875
vt 0.13052875 0.512870625
vt 0 0.495685625
vt 0 1
vt 0.13052375 0.512869375
vt 0 0.495685625
vt 0 1
vt 0.13165 0.833333125
vt 0 0.833333125
vt 0 1
vt 0.13165 1
vt 0.130528125 0.512870625
vt 0 0.495685625
vt 0 1
vt 0.49661 0.927996875
vt 0 0.86947625
vt 0.487130625 1
vt 0.058520625 0.50339
vt 0 1
vt 0.13052375 0.512869375
vt 0.49178625 0.96462625
vt 0 0.86947125
vt 0.487129375 1
vt 0.095155 0.5082131249999999
vt 0 1
vt 0.13052875 0.512870625
vt 0.13165 0.833333125
vt 0 0.833333125
vt 0 1
vt 0.13165 1
vt 0.13165 0.833333125
vt 0 0.833333125
vt 0 1
vt 0.13165 1
vt 0.059025625 0.833333125
vt 0.059025625 1
vt 0.13165 1
vt 0.13165 0.833333125
vt 0.0959725 0.833333125
vt 0.0959725 1
vt 0.13165 1
vt 0.13165 0.833333125
vt 0.487129375 1
vt 0.504314375 0.869471875
vt 0 0.869471875
vt 0.487130625 1
vt 0.504314375 0.86947625
vt 0 0.86947625
vt 0.487129375 1
vt 0.504314375 0.86947125
vt 0 0.86947125
vt 0.0959725 0.5
vt 0.0959725 0.666666875
vt 0.13165 0.666666875
vt 0.13165 0.5
vt 0.0959725 0.666666875
vt 0.0959725 0.833333125
vt 0.13165 0.833333125
vt 0.13165 0.666666875
vt 0.059025625 0.5
vt 0.059025625 0.666666875
vt 0.13165 0.666666875
vt 0.13165 0.5
vt 0 0.0703125
vt 1 0.0703125
vt 1 0.421875
vt 0 0.421875
vt 0 0.666666875
vt 0.13165 0.666666875
vt 0.13165 0.5
vt 0 0.5
vt 0 0.833333125
vt 0.13165 0.833333125
vt 0.13165 0.666666875
vt 0 0.666666875
vt 0 0.666666875
vt 0.13165 0.666666875
vt 0.13165 0.5
vt 0 0.5
vt 0 0.833333125
vt 0.13165 0.833333125
vt 0.13165 0.666666875
vt 0 0.666666875
vt 0 0.666666875
vt 0.13165 0.666666875
vt 0.13165 0.5
vt 0 0.5
vt 0 0.833333125
vt 0.13165 0.833333125
vt 0.13165 0.666666875
vt 0 0.666666875
vt 0.0959725 1
vt 0.0959725 0.833333125
vt 0 0.833333125
vt 0 1
vt 0.095155 0.5082131249999999
vt 0 0.495685625
vt 0 1
vt 1 1
vt 0 1
vt 0 0.4140625
vt 1 0.4140625
vt 0.0959725 0.666666875
vt 0.0959725 0.5
vt 0 0.5
vt 0 0.666666875
vt 0.49178625 0.96462625
vt 0.504314375 0.86947125
vt 0 0.86947125
vt 0.059025625 1
vt 0.059025625 0.833333125
vt 0 0.833333125
vt 0 1
vt 0.058520625 0.50339
vt 0 0.495685625
vt 0 1
vt 0.059025625 0.833333125
vt 0.059025625 0.666666875
vt 0 0.666666875
vt 0 0.833333125
vt 0.059025625 0.666666875
vt 0.059025625 0.5
vt 0 0.5
vt 0 0.666666875
vt 0.49661 0.927996875
vt 0.504314375 0.86947625
vt 0 0.86947625
vt 0.06265625 0.593
vt 0.0625 0.593
vt 0.0625 0.68738125
vt 0.06265625 0.6875
vt 0.1872875 0.75
vt 0.18713125 0.74988125
vt 0.06265625 0.74988125
vt 0.0625 0.75
vt 0.0625 0.875
vt 0.06265625 0.87488125
vt 0.06265625 0.7805
vt 0.0625 0.7805
vt 0.125 0.875
vt 0.12515625 0.875
vt 0.12515625 0.80834375
vt 0.125 0.8082625
vt 0 0.74991875
vt 0.00015625 0.75
vt 0.12463125 0.75
vt 0.1247875 0.74991875
vt 0.12515625 0.6207625
vt 0.125 0.62084375
vt 0.125 0.6875
vt 0.12515625 0.6875
vt 1 0
vt 1 0
vt 1 0
vt 1 0
vt 0.875 1
vt 1 1
vt 1 1
vt 0.875 1
vt 0 0
vt 0 0
vt 0 0
vt 0 0
vt 1 0
vt 0.875 0
vt 0.875 0
vt 1 0
vt 1 1
vt 0.875 1
vt 0.875 1
vt 1 1
vt 1 0
vt 1 0
vt 1 0
vt 1 0
vt 0.875 0
vt 1 0
vt 1 0
vt 0.875 0
vt 0 0
vt 0 0
vt 0 0
vt 0 0
vn 1 0 0
vn -1 0 0
vn 0 1 0
vn 0 -1 0
vn 0 0 1
vn 0 0 -1
vn 1 0 0
vn -1 0 0
vn 0 1 0
vn 0 -1 0
vn 0 0 1
vn 0 0 1
vn 1 0 0
vn -1 0 0
vn 0 1 0
vn 0 -1 0
vn 0 0 1
vn 1 0 0
vn -1 0 0
vn 0 1 0
vn 0 -1 0
vn 0 0 1
vn 1 0 0
vn -1 0 0
vn 0 1 0
vn 0 -1 0
vn 0 0 1
vn 1 0 0
vn -1 0 0
vn 0 1 0
vn 0 -1 0
vn 0 0 1
vn 0 0 -1
vn 0 0.9417419115948374 -0.33633639699815626
vn 1 0 0
vn 0 0.9417419115948374 0.33633639699815626
vn -1 0 0
vn 1 0 0
vn -1 0 0
vn 0 1 0
vn 0 -1 0
vn 0 0 1
vn 0 0 -1
vn 1 0 0
vn -1 0 0
vn 0 1 0
vn 0 -1 0
vn 0 0 -1
vn 0 0 -1
vn 1 0 0
vn -1 0 0
vn 0 1 0
vn 0 -1 0
vn 0 0 -1
vn 1 0 0
vn -1 0 0
vn 0 1 0
vn 0 -1 0
vn 0 0 -1
vn 1 0 0
vn -1 0 0
vn 0 1 0
vn 0 -1 0
vn 0 0 -1
vn 1 0 0
vn -1 0 0
vn 0 0.923880814493685 -0.38268033737113466
vn 0 -0.923880814493685 0.38268033737113444
vn 0 0.3826837515893425 0.9238794002842072
vn 0 -0.38268375158934237 -0.9238794002842073
vn 1 0 0
vn -1 0 0
vn 0 1 0
vn 0 -1 0
vn 0 0 1
vn 0 0 -1
vn 1 0 0
vn -1 0 0
vn 0 0.923880814493685 0.38268033737113466
vn 0 -0.923880814493685 -0.38268033737113444
vn 0 -0.38268375158934237 0.9238794002842073
vn 0 0.3826837515893425 -0.9238794002842072
vn 1 0 0
vn 0 1 0
vn 0 -1 0
vn 0.7071067811865476 0 0.7071067811865476
vn 0.7071067811865476 0 -0.7071067811865476
vn -1 0 0
vn -1 0 0
vn 0 0.8687014189709803 0.49533609264599887
vn -1 0 0
vn 1 0 0
vn -1 0 0
vn 1 0 0
vn -1 0 0
vn 0 0.4253015531565592 0.9050517050879573
vn 0 0.7115001716461252 0.7026859225482851
vn 0 0.9498509904828341 0.3127028875446777
vn 0 0.9885308075733148 0.1510193447160003
vn 1 0 0
vn 1 0 0
vn 1 0 0
vn 0 0.9885308075733148 0.15101934471600026
vn 0 0.9885308075733149 0.1510193447160003
vn 0 0.949850990482834 0.31270288754467773
vn 0 0.9498524409860493 0.3126984815326804
vn 0 0.8687014189709803 0.4953360926459988
vn 0 0.8687014189709802 0.4953360926459988
vn 0 0.7115001716461252 0.7026859225482851
vn 0 0.7115001716461251 0.7026859225482851
vn 0 0.4253015531565592 0.9050517050879573
vn 0 0.42530155315655915 0.9050517050879572
vn 0 0.9885282872400257 0.1510358411977148
vn -1 0 0
vn 0 0.9885287121469605 0.15103306015926346
vn 0 0.9885282872400257 0.1510358411977148
vn 1 0 0
vn 0 0.9498544864996323 0.3126922680152483
vn -1 0 0
vn 0 0.9498544864996324 0.3126922680152483
vn 0 0.9498544864996323 0.3126922680152483
vn 1 0 0
vn -0.9999496520290679 0.009919500548129394 0.0015155579242424133
vn 0 0.007471124734180292 0.9999720907581403
vn 0.999949653757127 0.009919330320830849 0.001515531915943913
vn 0.999945468739412 0.009919459049896008 0.0032655596266174605
vn 0 0.005048417114325139 -0.9999872566611238
vn -0.9999454664716209 0.009919665302374047 0.0032656275264658077
vn -1 0 0
vn -1 0 0
vn 0 0.8687014189709803 -0.4953360926459988
vn -1 0 0
vn 1 0 0
vn -1 0 0
vn 1 0 0
vn -1 0 0
vn 0 0.4253015531565592 -0.9050517050879573
vn 0 0.7115001716461252 -0.7026859225482851
vn 0 0.9498509904828341 -0.3127028875446777
vn 0 0.9885308075733148 -0.1510193447160003
vn 1 0 0
vn 1 0 0
vn 1 0 0
vn 0 0.9885308075733148 -0.15101934471600026
vn 0 0.9885308075733149 -0.1510193447160003
vn 0 0.949850990482834 -0.31270288754467773
vn 0 0.9498524409860493 -0.3126984815326804
vn 0 0.8687014189709803 -0.4953360926459988
vn 0 0.8687014189709802 -0.4953360926459988
vn 0 0.7115001716461252 -0.7026859225482851
vn 0 0.7115001716461251 -0.7026859225482851
vn 0 0.4253015531565592 -0.9050517050879573
vn 0 0.42530155315655915 -0.9050517050879572
vn 0 0.9885282872400257 -0.1510358411977148
vn -1 0 0
vn 0 0.9885287121469605 -0.15103306015926346
vn 0 0.9885282872400257 -0.1510358411977148
vn 1 0 0
vn 0 0.9498544864996323 -0.3126922680152483
vn -1 0 0
vn 0 0.9498544864996324 -0.3126922680152483
vn 0 0.9498544864996323 -0.3126922680152483
vn 1 0 0
vn -0.9996854498901472 0.024792199157278334 -0.003787893726090364
vn 0 0.018642686337029105 -0.9998262100215914
vn 0.9996854768686323 0.024791136107079188 -0.003787731307211978
vn 0.9996593259086157 0.024791551282536357 -0.008161562897960226
vn 0 0.012652130426083034 0.9999199585945274
vn -0.9996592905031334 0.024792839294311367 -0.00816198692100724
vn -1 0 0
vn 0 -1 0
vn 1 0 0
vn 0 1 0
vn 0 -1 0
vn -1 0 0
vn 0 1 0
vn 1 0 0
usemtl m_c4ef035f-6b10-f66f-55f4-3296f0e79dee
f 528/1729/440 526/1730/440 525/1731/440
f 528/1729/440 525/1731/440 527/1732/440
f 531/1733/441 529/1734/441 530/1735/441
f 531/1733/441 530/1735/441 532/1736/441
f 525/1737/442 526/1738/442 530/1739/442
f 525/1737/442 530/1739/442 529/1740/442
f 528/1741/443 527/1742/443 531/1743/443
f 528/1741/443 531/1743/443 532/1744/443
f 527/1745/444 525/1746/444 529/1747/444
f 527/1745/444 529/1747/444 531/1748/444
f 532/1749/445 530/1750/445 526/1751/445
f 532/1749/445 526/1751/445 528/1752/445
usemtl m_fae77e0a-5028-f195-caba-20d89c450eac
f 536/1753/446 534/1754/446 533/1755/446
f 536/1753/446 533/1755/446 535/1756/446
f 539/1757/447 537/1758/447 538/1759/447
f 539/1757/447 538/1759/447 540/1760/447
f 533/1761/448 534/1762/448 538/1763/448
f 533/1761/448 538/1763/448 537/1764/448
f 536/1765/449 535/1766/449 539/1767/449
f 536/1765/449 539/1767/449 540/1768/449
f 535/1769/450 533/1770/450 537/1771/450
f 535/1769/450 537/1771/450 539/1772/450
usemtl m_ce8b381d-1a9b-f02a-1bd0-823c7d8a42df
f 729/1773/451 730/1774/451 731/1775/451
f 729/1773/451 731/1775/451 732/1776/451
usemtl m_fae77e0a-5028-f195-caba-20d89c450eac
f 548/1777/452 546/1778/452 545/1779/452
f 548/1777/452 545/1779/452 547/1780/452
f 542/1781/453 541/1782/453 549/1783/453
f 542/1781/453 549/1783/453 550/1784/453
f 545/1785/454 546/1786/454 549/1787/454
f 545/1785/454 549/1787/454 541/1788/454
f 548/1789/455 547/1790/455 542/1791/455
f 548/1789/455 542/1791/455 550/1792/455
f 547/1793/456 545/1794/456 541/1795/456
f 547/1793/456 541/1795/456 542/1796/456
f 552/1797/457 551/1798/457 543/1799/457
f 552/1797/457 543/1799/457 544/1800/457
f 555/1801/458 553/1802/458 554/1803/458
f 555/1801/458 554/1803/458 556/1804/458
f 543/1805/459 551/1806/459 554/1807/459
f 543/1805/459 554/1807/459 553/1808/459
f 552/1809/460 544/1810/460 555/1811/460
f 552/1809/460 555/1811/460 556/1812/460
f 544/1813/461 543/1814/461 553/1815/461
f 544/1813/461 553/1815/461 555/1816/461
f 560/1817/462 558/1818/462 557/1819/462
f 560/1817/462 557/1819/462 559/1820/462
f 563/1821/463 561/1822/463 562/1823/463
f 563/1821/463 562/1823/463 564/1824/463
f 557/1825/464 558/1826/464 562/1827/464
f 557/1825/464 562/1827/464 561/1828/464
f 560/1829/465 559/1830/465 563/1831/465
f 560/1829/465 563/1831/465 564/1832/465
f 559/1833/466 557/1834/466 561/1835/466
f 559/1833/466 561/1835/466 563/1836/466
f 565/1837/467 575/1838/467 574/1839/467
f 565/1837/467 574/1839/467 566/1840/467
f 570/1841/468 573/1842/468 576/1843/468
f 570/1841/468 576/1843/468 569/1844/468
f 565/1845/469 566/1846/469 570/1847/469
f 565/1845/469 570/1847/469 569/1848/469
f 568/1849/470 567/1850/470 571/1851/470
f 568/1849/470 571/1851/470 572/1852/470
f 569/1853/471 576/1854/471 575/1855/471
f 569/1853/471 575/1855/471 565/1856/471
f 566/1857/472 574/1858/472 573/1859/472
f 566/1857/472 573/1859/472 570/1860/472
f 572/1861/473 573/1862/473 574/1863/473
f 572/1861/473 574/1863/473 568/1864/473
f 568/1865/474 574/1866/474 575/1867/474
f 568/1865/474 575/1867/474 567/1868/474
f 567/1869/475 575/1870/475 576/1871/475
f 567/1869/475 576/1871/475 571/1872/475
f 571/1873/476 576/1874/476 573/1875/476
f 571/1873/476 573/1875/476 572/1876/476
f 580/1877/477 578/1878/477 577/1879/477
f 580/1877/477 577/1879/477 579/1880/477
f 583/1881/478 581/1882/478 582/1883/478
f 583/1881/478 582/1883/478 584/1884/478
f 577/1885/479 578/1886/479 582/1887/479
f 577/1885/479 582/1887/479 581/1888/479
f 580/1889/480 579/1890/480 583/1891/480
f 580/1889/480 583/1891/480 584/1892/480
f 579/1893/481 577/1894/481 581/1895/481
f 579/1893/481 581/1895/481 583/1896/481
f 584/1897/482 582/1898/482 578/1899/482
f 584/1897/482 578/1899/482 580/1900/482
f 585/1901/483 586/1902/483 588/1903/483
f 585/1901/483 588/1903/483 587/1904/483
f 590/1905/484 589/1906/484 591/1907/484
f 590/1905/484 591/1907/484 592/1908/484
f 590/1909/485 586/1910/485 585/1911/485
f 590/1909/485 585/1911/485 589/1912/485
f 591/1913/486 587/1914/486 588/1915/486
f 591/1913/486 588/1915/486 592/1916/486
f 589/1917/487 585/1918/487 587/1919/487
f 589/1917/487 587/1919/487 591/1920/487
usemtl m_ce8b381d-1a9b-f02a-1bd0-823c7d8a42df
f 733/1921/488 734/1922/488 735/1923/488
f 733/1921/488 735/1923/488 736/1924/488
usemtl m_fae77e0a-5028-f195-caba-20d89c450eac
f 597/1925/489 598/1926/489 600/1927/489
f 597/1925/489 600/1927/489 599/1928/489
f 601/1929/490 593/1930/490 594/1931/490
f 601/1929/490 594/1931/490 602/1932/490
f 601/1933/491 598/1934/491 597/1935/491
f 601/1933/491 597/1935/491 593/1936/491
f 594/1937/492 599/1938/492 600/1939/492
f 594/1937/492 600/1939/492 602/1940/492
f 593/1941/493 597/1942/493 599/1943/493
f 593/1941/493 599/1943/493 594/1944/493
f 595/1945/494 603/1946/494 604/1947/494
f 595/1945/494 604/1947/494 596/1948/494
f 606/1949/495 605/1950/495 607/1951/495
f 606/1949/495 607/1951/495 608/1952/495
f 606/1953/496 603/1954/496 595/1955/496
f 606/1953/496 595/1955/496 605/1956/496
f 607/1957/497 596/1958/497 604/1959/497
f 607/1957/497 604/1959/497 608/1960/497
f 605/1961/498 595/1962/498 596/1963/498
f 605/1961/498 596/1963/498 607/1964/498
f 609/1965/499 610/1966/499 612/1967/499
f 609/1965/499 612/1967/499 611/1968/499
f 614/1969/500 613/1970/500 615/1971/500
f 614/1969/500 615/1971/500 616/1972/500
f 614/1973/501 610/1974/501 609/1975/501
f 614/1973/501 609/1975/501 613/1976/501
f 615/1977/502 611/1978/502 612/1979/502
f 615/1977/502 612/1979/502 616/1980/502
f 613/1981/503 609/1982/503 611/1983/503
f 613/1981/503 611/1983/503 615/1984/503
f 620/1985/504 618/1986/504 617/1987/504
f 620/1985/504 617/1987/504 619/1988/504
f 623/1989/505 621/1990/505 622/1991/505
f 623/1989/505 622/1991/505 624/1992/505
f 617/1993/506 618/1994/506 622/1995/506
f 617/1993/506 622/1995/506 621/1996/506
f 620/1997/507 619/1998/507 623/1999/507
f 620/1997/507 623/1999/507 624/2000/507
f 619/2001/508 617/2002/508 621/2003/508
f 619/2001/508 621/2003/508 623/2004/508
f 624/2005/509 622/2006/509 618/2007/509
f 624/2005/509 618/2007/509 620/2008/509
f 628/2009/510 626/2010/510 625/2011/510
f 628/2009/510 625/2011/510 627/2012/510
f 631/2013/511 629/2014/511 630/2015/511
f 631/2013/511 630/2015/511 632/2016/511
f 625/2017/512 626/2018/512 630/2019/512
f 625/2017/512 630/2019/512 629/2020/512
f 628/2021/513 627/2022/513 631/2023/513
f 628/2021/513 631/2023/513 632/2024/513
f 627/2025/514 625/2026/514 629/2027/514
f 627/2025/514 629/2027/514 631/2028/514
f 632/2029/515 630/2030/515 626/2031/515
f 632/2029/515 626/2031/515 628/2032/515
f 636/2033/516 634/2034/516 633/2035/516
f 636/2033/516 633/2035/516 635/2036/516
f 639/2037/517 637/2038/517 638/2039/517
f 639/2037/517 638/2039/517 640/2040/517
f 633/2041/518 634/2042/518 638/2043/518
f 633/2041/518 638/2043/518 637/2044/518
f 636/2045/519 635/2046/519 639/2047/519
f 636/2045/519 639/2047/519 640/2048/519
f 635/2049/520 633/2050/520 637/2051/520
f 635/2049/520 637/2051/520 639/2052/520
f 640/2053/521 638/2054/521 634/2055/521
f 640/2053/521 634/2055/521 636/2056/521
f 644/2057/522 642/2058/522 641/2059/522
f 644/2057/522 641/2059/522 643/2060/522
f 641/2061/523 642/2062/523 646/2063/523
f 641/2061/523 646/2063/523 645/2064/523
f 644/2065/524 643/2066/524 647/2067/524
f 644/2065/524 647/2067/524 648/2068/524
f 643/2069/525 641/2070/525 645/2071/525
f 643/2069/525 645/2071/525 647/2072/525
f 648/2073/526 646/2074/526 642/2075/526
f 648/2073/526 642/2075/526 644/2076/526
usemtl m_98c56db7-14fd-b5be-a261-db7625093511
f 651/2077/527 652/2078/527 650/2079/527
f 652/2080/528 654/2081/528 650/2082/528
f 654/2083/529 670/2084/529 668/2085/529
f 654/2083/529 668/2085/529 656/2086/529
f 654/2087/530 656/2088/530 650/2089/530
f 649/2090/531 682/2091/531 655/2092/531
f 650/2093/532 680/2094/532 658/2095/532
f 649/2096/533 678/2097/533 657/2098/533
f 650/2099/534 676/2100/534 660/2101/534
f 651/2102/535 674/2103/535 672/2104/535
f 651/2102/535 672/2104/535 652/2105/535
f 652/2106/536 672/2107/536 670/2108/536
f 652/2106/536 670/2108/536 654/2109/536
f 658/2110/537 680/2111/537 679/2112/537
f 658/2110/537 679/2112/537 666/2113/537
f 660/2114/538 676/2115/538 675/2116/538
f 660/2114/538 675/2116/538 665/2117/538
f 655/2118/539 653/2119/539 649/2120/539
f 653/2121/540 662/2122/540 649/2123/540
f 662/2124/541 661/2125/541 649/2126/541
f 663/2127/542 677/2128/542 678/2129/542
f 663/2127/542 678/2129/542 659/2130/542
f 665/2131/543 675/2132/543 677/2133/543
f 665/2131/543 677/2133/543 663/2134/543
f 664/2135/544 681/2136/544 682/2137/544
f 664/2135/544 682/2137/544 657/2138/544
usemtl m_83c5c9d6-2f1f-4d8b-9893-070f5a21dff2
f 686/2139/545 688/2140/545 687/2141/545
f 686/2139/545 687/2141/545 683/2142/545
usemtl m_98c56db7-14fd-b5be-a261-db7625093511
f 655/2143/546 667/2144/546 669/2145/546
f 655/2143/546 669/2145/546 653/2146/546
f 667/2147/547 668/2148/547 670/2149/547
f 667/2147/547 670/2149/547 669/2150/547
f 653/2151/548 669/2152/548 671/2153/548
f 653/2151/548 671/2153/548 662/2154/548
f 669/2155/549 670/2156/549 672/2157/549
f 669/2155/549 672/2157/549 671/2158/549
f 662/2159/550 671/2160/550 673/2161/550
f 662/2159/550 673/2161/550 661/2162/550
f 671/2163/551 672/2164/551 674/2165/551
f 671/2163/551 674/2165/551 673/2166/551
f 666/2167/552 675/2168/552 676/2169/552
f 666/2167/552 676/2169/552 658/2170/552
f 658/2171/553 676/2172/553 650/2173/553
usemtl m_83c5c9d6-2f1f-4d8b-9893-070f5a21dff2
f 683/2174/554 684/2175/554 685/2176/554
f 683/2174/554 685/2176/554 686/2177/554
usemtl m_98c56db7-14fd-b5be-a261-db7625093511
f 657/2178/555 678/2179/555 677/2180/555
f 657/2178/555 677/2180/555 664/2181/555
f 659/2182/556 678/2183/556 649/2184/556
f 668/2185/557 679/2186/557 680/2187/557
f 668/2185/557 680/2187/557 656/2188/557
f 656/2189/558 680/2190/558 650/2191/558
f 667/2192/559 681/2193/559 679/2194/559
f 667/2192/559 679/2194/559 668/2195/559
f 655/2196/560 682/2197/560 681/2198/560
f 655/2196/560 681/2198/560 667/2199/560
f 657/2200/561 682/2201/561 649/2202/561
f 684/2203/562 683/2204/562 664/2205/562
f 684/2203/562 664/2205/562 677/2206/562
f 685/2207/563 684/2208/563 677/2209/563
f 685/2207/563 677/2209/563 675/2210/563
f 686/2211/564 685/2212/564 675/2213/564
f 686/2211/564 675/2213/564 666/2214/564
f 688/2215/565 686/2216/565 666/2217/565
f 688/2215/565 666/2217/565 679/2218/565
f 687/2219/566 688/2220/566 679/2221/566
f 687/2219/566 679/2221/566 681/2222/566
f 683/2223/567 687/2224/567 681/2225/567
f 683/2223/567 681/2225/567 664/2226/567
f 692/2227/568 691/2228/568 690/2229/568
f 694/2230/569 692/2231/569 690/2232/569
f 708/2233/570 710/2234/570 694/2235/570
f 708/2233/570 694/2235/570 696/2236/570
f 696/2237/571 694/2238/571 690/2239/571
f 722/2240/572 689/2241/572 695/2242/572
f 720/2243/573 690/2244/573 698/2245/573
f 718/2246/574 689/2247/574 697/2248/574
f 716/2249/575 690/2250/575 700/2251/575
f 712/2252/576 714/2253/576 691/2254/576
f 712/2252/576 691/2254/576 692/2255/576
f 710/2256/577 712/2257/577 692/2258/577
f 710/2256/577 692/2258/577 694/2259/577
f 719/2260/578 720/2261/578 698/2262/578
f 719/2260/578 698/2262/578 706/2263/578
f 715/2264/579 716/2265/579 700/2266/579
f 715/2264/579 700/2266/579 705/2267/579
f 693/2268/580 695/2269/580 689/2270/580
f 702/2271/581 693/2272/581 689/2273/581
f 701/2274/582 702/2275/582 689/2276/582
f 718/2277/583 717/2278/583 703/2279/583
f 718/2277/583 703/2279/583 699/2280/583
f 717/2281/584 715/2282/584 705/2283/584
f 717/2281/584 705/2283/584 703/2284/584
f 722/2285/585 721/2286/585 704/2287/585
f 722/2285/585 704/2287/585 697/2288/585
usemtl m_83c5c9d6-2f1f-4d8b-9893-070f5a21dff2
f 727/2289/586 728/2290/586 726/2291/586
f 727/2289/586 726/2291/586 723/2292/586
usemtl m_98c56db7-14fd-b5be-a261-db7625093511
f 709/2293/587 707/2294/587 695/2295/587
f 709/2293/587 695/2295/587 693/2296/587
f 710/2297/588 708/2298/588 707/2299/588
f 710/2297/588 707/2299/588 709/2300/588
f 711/2301/589 709/2302/589 693/2303/589
f 711/2301/589 693/2303/589 702/2304/589
f 712/2305/590 710/2306/590 709/2307/590
f 712/2305/590 709/2307/590 711/2308/590
f 713/2309/591 711/2310/591 702/2311/591
f 713/2309/591 702/2311/591 701/2312/591
f 714/2313/592 712/2314/592 711/2315/592
f 714/2313/592 711/2315/592 713/2316/592
f 716/2317/593 715/2318/593 706/2319/593
f 716/2317/593 706/2319/593 698/2320/593
f 716/2321/594 698/2322/594 690/2323/594
usemtl m_83c5c9d6-2f1f-4d8b-9893-070f5a21dff2
f 725/2324/595 724/2325/595 723/2326/595
f 725/2324/595 723/2326/595 726/2327/595
usemtl m_98c56db7-14fd-b5be-a261-db7625093511
f 717/2328/596 718/2329/596 697/2330/596
f 717/2328/596 697/2330/596 704/2331/596
f 718/2332/597 699/2333/597 689/2334/597
f 720/2335/598 719/2336/598 708/2337/598
f 720/2335/598 708/2337/598 696/2338/598
f 720/2339/599 696/2340/599 690/2341/599
f 719/2342/600 721/2343/600 707/2344/600
f 719/2342/600 707/2344/600 708/2345/600
f 721/2346/601 722/2347/601 695/2348/601
f 721/2346/601 695/2348/601 707/2349/601
f 722/2350/602 697/2351/602 689/2352/602
f 704/2353/603 723/2354/603 724/2355/603
f 704/2353/603 724/2355/603 717/2356/603
f 717/2357/604 724/2358/604 725/2359/604
f 717/2357/604 725/2359/604 715/2360/604
f 715/2361/605 725/2362/605 726/2363/605
f 715/2361/605 726/2363/605 706/2364/605
f 706/2365/606 726/2366/606 728/2367/606
f 706/2365/606 728/2367/606 719/2368/606
f 719/2369/607 728/2370/607 727/2371/607
f 719/2369/607 727/2371/607 721/2372/607
f 721/2373/608 727/2374/608 723/2375/608
f 721/2373/608 723/2375/608 704/2376/608
usemtl m_fae77e0a-5028-f195-caba-20d89c450eac
f 730/2377/609 729/2378/609 542/2379/609
f 730/2377/609 542/2379/609 541/2380/609
f 731/2381/610 730/2382/610 541/2383/610
f 731/2381/610 541/2383/610 543/2384/610
f 732/2385/611 731/2386/611 543/2387/611
f 732/2385/611 543/2387/611 544/2388/611
f 729/2389/612 732/2390/612 544/2391/612
f 729/2389/612 544/2391/612 542/2392/612
f 734/2393/613 733/2394/613 595/2395/613
f 734/2393/613 595/2395/613 593/2396/613
f 735/2397/614 734/2398/614 593/2399/614
f 735/2397/614 593/2399/614 594/2400/614
f 736/2401/615 735/2402/615 594/2403/615
f 736/2401/615 594/2403/615 596/2404/615
f 733/2405/616 736/2406/616 596/2407/616
f 733/2405/616 596/2407/616 595/2408/616