# Made in Blockbench 5.1.4
mtllib beijing_1_positive.mtl

o left
v -0.4375 0.875 0.03125
v -0.4375 0.875 -0.03125
v -0.4375 0.25 0.03125
v -0.4375 0.25 -0.03125
v -0.46875 0.875 0.03125
v -0.46875 0.875 -0.03125
v -0.46875 0.25 0.03125
v -0.46875 0.25 -0.03125
v -0.5 0.875 0.875
v -0.5 0.875 0.859375
v -0.5 0.6875 0.875
v -0.5 0.6875 0.859375
v -0.6875 0.875 0.875
v -0.6875 0.875 0.859375
v -0.6875 0.6875 0.875
v -0.6875 0.6875 0.859375
v -0.53125 0.6875 0.875
v -0.53125 0.5 0.875
v -0.65625 0.6875 0.875
v -0.65625 0.5 0.875
v -0.5 0.6875 0.875
v -0.5 0.6875 0.859375
v -0.5 0.5 0.875
v -0.5 0.5 0.859375
v -0.53125 0.6875 0.859375
v -0.53125 0.5 0.859375
v -0.65625 0.6875 0.859375
v -0.65625 0.5 0.859375
v -0.6875 0.6875 0.875
v -0.6875 0.6875 0.859375
v -0.6875 0.5 0.875
v -0.6875 0.5 0.859375
v -0.5 0.5 0.875
v -0.5 0.5 0.859375
v -0.5 0 0.875
v -0.5 0 0.859375
v -0.6875 0.5 0.875
v -0.6875 0.5 0.859375
v -0.6875 0 0.875
v -0.6875 0 0.859375
v -0.5 1.125 0.4375
v -0.5 1.125 -0.4375
v -0.5 0.875 0.875
v -0.5 0.875 -0.875
v -0.6875 1.125 0.4375
v -0.6875 1.125 -0.4375
v -0.6875 0.875 0.875
v -0.6875 0.875 -0.875
v -0.6875 1.03125 -0.4375
v -0.5 1.03125 -0.4375
v -0.5 1.03125 0.4375
v -0.6875 1.03125 0.4375
v -0.5 0.875 0.859375
v -0.5 0.875 -0.859375
v -0.5 0 0.859375
v -0.5 0 -0.859375
v -0.6875 0.875 0.859375
v -0.6875 0.875 -0.859375
v -0.6875 0 0.859375
v -0.6875 0 -0.859375
v -0.5 0.875 -0.875
v -0.5 0.875 -0.859375
v -0.5 0.6875 -0.875
v -0.5 0.6875 -0.859375
v -0.6875 0.875 -0.875
v -0.6875 0.875 -0.859375
v -0.6875 0.6875 -0.875
v -0.6875 0.6875 -0.859375
v -0.53125 0.6875 -0.875
v -0.53125 0.5 -0.875
v -0.65625 0.6875 -0.875
v -0.65625 0.5 -0.875
v -0.5 0.6875 -0.875
v -0.5 0.6875 -0.859375
v -0.5 0.5 -0.875
v -0.5 0.5 -0.859375
v -0.53125 0.6875 -0.859375
v -0.53125 0.5 -0.859375
v -0.65625 0.6875 -0.859375
v -0.65625 0.5 -0.859375
v -0.6875 0.6875 -0.875
v -0.6875 0.6875 -0.859375
v -0.6875 0.5 -0.875
v -0.6875 0.5 -0.859375
v -0.5 0.5 -0.875
v -0.5 0.5 -0.859375
v -0.5 0 -0.875
v -0.5 0 -0.859375
v -0.6875 0.5 -0.875
v -0.6875 0.5 -0.859375
v -0.6875 0 -0.875
v -0.6875 0 -0.859375
v -0.546875 1.375065 0.203451875
v -0.546875 1.3511475 0.145709375
v -0.546875 1.0863525 0.323040625
v -0.546875 1.062435 0.265298125
v -0.640625 1.375065 0.203451875
v -0.640625 1.3511475 0.145709375
v -0.640625 1.0863525 0.323040625
v -0.640625 1.062435 0.265298125
v -0.53125 1.390625 0.328125
v -0.53125 1.390625 -0.328125
v -0.53125 1.296875 0.328125
v -0.53125 1.296875 -0.328125
v -0.65625 1.390625 0.328125
v -0.65625 1.390625 -0.328125
v -0.65625 1.296875 0.328125
v -0.65625 1.296875 -0.328125
v -0.546875 1.3511475 -0.145709375
v -0.546875 1.375065 -0.203451875
v -0.546875 1.062435 -0.265298125
v -0.546875 1.0863525 -0.323040625
v -0.640625 1.3511475 -0.145709375
v -0.640625 1.375065 -0.203451875
v -0.640625 1.062435 -0.265298125
v -0.640625 1.0863525 -0.323040625
v -0.453125 0.9375 0.375
v -0.453125 0.9375 -0.375
v -0.453125 0 0.375
v -0.453125 0 -0.375
v -0.515625 0.9375 0.4375
v -0.515625 0.9375 -0.4375
v -0.515625 0 0.4375
v -0.515625 0 -0.4375
v -0.500625 0.875624375 0.438125
v -0.686875 0.875624375 0.438125
v -0.686875 0.875625 0.874375
v -0.686875 0.948481875 0.840138125
v -0.500625 1.0138037500000001 0.773996875
v -0.686875 1.0138037500000001 0.773996875
v -0.500625 1.06713875 0.68046
v -0.686875 1.06713875 0.68046
v -0.500625 1.1048525 0.565900625
v -0.686875 1.1048525 0.565900625
v -0.500625 1.124374375 0.43812625
v -0.686875 1.124374375 0.43812625
v -0.500625 0.875625 0.874375
v -0.500625 0.948481875 0.840138125
v -0.531563125 1.124374375 0.43812625
v -0.531563125 1.1048525 0.565900625
v -0.655936875 1.124374375 0.43812625
v -0.655936875 1.1048525 0.565900625
v -0.531563125 1.06713875 0.68046
v -0.655936875 1.06713875 0.68046
v -0.56270875 1.0138037500000001 0.773996875
v -0.62479125 1.0138037500000001 0.773996875
v -0.56270875 0.948481875 0.840138125
v -0.62479125 0.948481875 0.840138125
v -0.56270875 0.875625 0.874375
v -0.62479125 0.875625 0.874375
v -0.655936875 1.119084375 0.472753125
v -0.686875 1.119084375 0.472753125
v -0.531563125 1.119084375 0.472753125
v -0.500625 1.119084375 0.472753125
v -0.655936875 1.0840475 0.629096875
v -0.686875 1.0840475 0.629096875
v -0.531563125 1.0840475 0.629096875
v -0.500625 1.0840475 0.629096875
v -0.531718125 1.0892275 0.565900625
v -0.531718125 1.10344125 0.47287
v -0.655781875 1.10344125 0.47287
v -0.655781875 1.0892275 0.565900625
v -0.531718125 1.06844875 0.629018125
v -0.655781875 1.06844875 0.629018125
v -0.500625 0.875624375 -0.438125
v -0.686875 0.875624375 -0.438125
v -0.686875 0.875625 -0.874375
v -0.686875 0.948481875 -0.840138125
v -0.500625 1.0138037500000001 -0.773996875
v -0.686875 1.0138037500000001 -0.773996875
v -0.500625 1.06713875 -0.68046
v -0.686875 1.06713875 -0.68046
v -0.500625 1.1048525 -0.565900625
v -0.686875 1.1048525 -0.565900625
v -0.500625 1.124374375 -0.43812625
v -0.686875 1.124374375 -0.43812625
v -0.500625 0.875625 -0.874375
v -0.500625 0.948481875 -0.840138125
v -0.531563125 1.124374375 -0.43812625
v -0.531563125 1.1048525 -0.565900625
v -0.655936875 1.124374375 -0.43812625
v -0.655936875 1.1048525 -0.565900625
v -0.531563125 1.06713875 -0.68046
v -0.655936875 1.06713875 -0.68046
v -0.56270875 1.0138037500000001 -0.773996875
v -0.62479125 1.0138037500000001 -0.773996875
v -0.56270875 0.948481875 -0.840138125
v -0.62479125 0.948481875 -0.840138125
v -0.56270875 0.875625 -0.874375
v -0.62479125 0.875625 -0.874375
v -0.655936875 1.119084375 -0.472753125
v -0.686875 1.119084375 -0.472753125
v -0.531563125 1.119084375 -0.472753125
v -0.500625 1.119084375 -0.472753125
v -0.655936875 1.0840475 -0.629096875
v -0.686875 1.0840475 -0.629096875
v -0.531563125 1.0840475 -0.629096875
v -0.500625 1.0840475 -0.629096875
v -0.531718125 1.0986025000000001 -0.565900625
v -0.531718125 1.11281625 -0.47287
v -0.655781875 1.11281625 -0.47287
v -0.655781875 1.0986025000000001 -0.565900625
v -0.531718125 1.0778237499999999 -0.629018125
v -0.655781875 1.0778237499999999 -0.629018125
v -0.53125 0.5 0.8687499999999999
v -0.53125 0.6875 0.8687499999999999
v -0.65625 0.6875 0.8687499999999999
v -0.65625 0.5 0.8687499999999999
v -0.65625 0.6875 -0.8687499999999999
v -0.53125 0.6875 -0.8687499999999999
v -0.53125 0.5 -0.8687499999999999
v -0.65625 0.5 -0.8687499999999999
vt 0 0.375
vt 0 1
vt 0.0625 1
vt 0.0625 0.375
vt 0 0.375
vt 0 1
vt 0.0625 1
vt 0.0625 0.375
vt 0 0.9375
vt 0 1
vt 0.03125 1
vt 0.03125 0.9375
vt 0 0.9375
vt 0 1
vt 0.03125 1
vt 0.03125 0.9375
vt 0 0.375
vt 0 1
vt 0.03125 1
vt 0.03125 0.375
vt 0 0.375
vt 0 1
vt 0.03125 1
vt 0.03125 0.375
vt 4.375 -3.875
vt 4.375 -3
vt 3.75 -3
vt 3.75 -3.875
vt 5.1875 -3.875
vt 5.1875 -3
vt 4.5625 -3
vt 4.5625 -3.875
vt 4.375 -2.375
vt 4.375 -3
vt 4.5625 -3
vt 4.5625 -2.375
vt 4.5625 -3
vt 4.5625 -2.375
vt 4.75 -2.375
vt 4.75 -3
vt 5.375 -3.875
vt 5.375 -3
vt 5.1875 -3
vt 5.1875 -3.875
vt 1 -2.220446049250313e-16
vt 1 1
vt 0 1
vt 0 -2.220446049250313e-16
vt 4.375 -3.875
vt 4.375 -3
vt 3.75 -3
vt 3.75 -3.875
vt 5.1875 -3.875
vt 5.1875 -3
vt 4.5625 -3
vt 4.5625 -3.875
vt 4.375 -2.375
vt 4.375 -3
vt 4.5625 -3
vt 4.5625 -2.375
vt 4.5625 -3
vt 4.5625 -2.375
vt 4.75 -2.375
vt 4.75 -3
vt 5.375 -3.875
vt 5.375 -3
vt 5.1875 -3
vt 5.1875 -3.875
vt 4.375 -3.875
vt 4.375 -3
vt 3.75 -3
vt 3.75 -3.875
vt 5.1875 -3.875
vt 5.1875 -3
vt 4.5625 -3
vt 4.5625 -3.875
vt 4.375 -2.375
vt 4.375 -3
vt 4.5625 -3
vt 4.5625 -2.375
vt 4.5625 -3
vt 4.5625 -2.375
vt 4.75 -2.375
vt 4.75 -3
vt 5.375 -3.875
vt 5.375 -3
vt 5.1875 -3
vt 5.1875 -3.875
vt 4.375 -3.875
vt 4.375 -3
vt 3.75 -3
vt 3.75 -3.875
vt 5.1875 -3.875
vt 5.1875 -3
vt 4.5625 -3
vt 4.5625 -3.875
vt 4.375 -2.375
vt 4.375 -3
vt 4.5625 -3
vt 4.5625 -2.375
vt 4.5625 -3
vt 4.5625 -2.375
vt 4.75 -2.375
vt 4.75 -3
vt 5.375 -3.875
vt 5.375 -3
vt 5.1875 -3
vt 5.1875 -3.875
vt 1.25 -1
vt 1.25 -1.421875
vt 2.125 -1.421875
vt 2.125 -1
vt 2.3125 -1
vt 2.3125 -1.421875
vt 3.1875 -1.421875
vt 3.1875 -1
vt 2.125 -0.125
vt 2.125 -1
vt 2.3125 -1
vt 2.3125 -0.125
vt 2.3125 -1
vt 2.3125 -0.125
vt 2.5 -0.125
vt 2.5 -1
vt 3.1875 -1
vt 3.1875 -1.421875
vt 3.375 -1.421875
vt 3.375 -1
vt 2.125 -1
vt 2.125 -1.421875
vt 2.3125 -1.421875
vt 2.3125 -1
vt 2.3125 -2.125
vt 2.3125 -1.421875
vt 2.125 -1.421875
vt 2.125 -2.125
vt 2.125 -2.125
vt 2.125 -1.421875
vt 1.25 -1.421875
vt 1.25 -2.125
vt 3.375 -2.125
vt 3.375 -1.421875
vt 3.1875 -1.421875
vt 3.1875 -2.125
vt 3.1875 -2.125
vt 3.1875 -1.421875
vt 2.3125 -1.421875
vt 2.3125 -2.125
vt 4.375 -3.875
vt 4.375 -3
vt 3.75 -3
vt 3.75 -3.875
vt 5.1875 -3.875
vt 5.1875 -3
vt 4.5625 -3
vt 4.5625 -3.875
vt 4.375 -2.375
vt 4.375 -3
vt 4.5625 -3
vt 4.5625 -2.375
vt 4.5625 -3
vt 4.5625 -2.375
vt 4.75 -2.375
vt 4.75 -3
vt 5.375 -3.875
vt 5.375 -3
vt 5.1875 -3
vt 5.1875 -3.875
vt 4.5625 -3.875
vt 4.5625 -3
vt 4.375 -3
vt 4.375 -3.875
vt 3.75 -3
vt 4.375 -3
vt 4.375 -3.875
vt 3.75 -3.875
vt 4.5625 -3
vt 5.1875 -3
vt 5.1875 -3.875
vt 4.5625 -3.875
vt 4.5625 -3
vt 4.375 -3
vt 4.375 -2.375
vt 4.5625 -2.375
vt 4.75 -2.375
vt 4.5625 -2.375
vt 4.5625 -3
vt 4.75 -3
vt 5.1875 -3
vt 5.375 -3
vt 5.375 -3.875
vt 5.1875 -3.875
vt 1.0000000000000002 1
vt 0 1
vt 0 -2.220446049250313e-16
vt 1.0000000000000002 -2.220446049250313e-16
vt 3.75 -3
vt 4.375 -3
vt 4.375 -3.875
vt 3.75 -3.875
vt 4.5625 -3
vt 5.1875 -3
vt 5.1875 -3.875
vt 4.5625 -3.875
vt 4.5625 -3
vt 4.375 -3
vt 4.375 -2.375
vt 4.5625 -2.375
vt 4.75 -2.375
vt 4.5625 -2.375
vt 4.5625 -3
vt 4.75 -3
vt 5.1875 -3
vt 5.375 -3
vt 5.375 -3.875
vt 5.1875 -3.875
vt 3.75 -3
vt 4.375 -3
vt 4.375 -3.875
vt 3.75 -3.875
vt 4.5625 -3
vt 5.1875 -3
vt 5.1875 -3.875
vt 4.5625 -3.875
vt 4.5625 -3
vt 4.375 -3
vt 4.375 -2.375
vt 4.5625 -2.375
vt 4.75 -2.375
vt 4.5625 -2.375
vt 4.5625 -3
vt 4.75 -3
vt 5.1875 -3
vt 5.375 -3
vt 5.375 -3.875
vt 5.1875 -3.875
vt 3.75 -3
vt 4.375 -3
vt 4.375 -3.875
vt 3.75 -3.875
vt 4.5625 -3
vt 5.1875 -3
vt 5.1875 -3.875
vt 4.5625 -3.875
vt 4.5625 -3
vt 4.375 -3
vt 4.375 -2.375
vt 4.5625 -2.375
vt 4.75 -2.375
vt 4.5625 -2.375
vt 4.5625 -3
vt 4.75 -3
vt 5.1875 -3
vt 5.375 -3
vt 5.375 -3.875
vt 5.1875 -3.875
vt 2.5 0.4375
vt 2.5 0.75
vt 2.5625 0.75
vt 2.5625 0.4375
vt 2.375 0.4375
vt 2.375 0.75
vt 2.4375 0.75
vt 2.4375 0.4375
vt 2.5 0.8125
vt 2.5 0.75
vt 2.4375 0.75
vt 2.4375 0.8125
vt 2.5625 0.75
vt 2.5625 0.8125
vt 2.5 0.8125
vt 2.5 0.75
vt 2.5625 0.4375
vt 2.5625 0.75
vt 2.625 0.75
vt 2.625 0.4375
vt 2.4375 0.4375
vt 2.4375 0.75
vt 2.5 0.75
vt 2.5 0.4375
vt 5 0.1875
vt 5 0.25
vt 5.75 0.25
vt 5.75 0.1875
vt 4.125 0.1875
vt 4.125 0.25
vt 4.875 0.25
vt 4.875 0.1875
vt 5 1
vt 5 0.25
vt 4.875 0.25
vt 4.875 1
vt 5.125 0.25
vt 5.125 1
vt 5 1
vt 5 0.25
vt 5.75 0.1875
vt 5.75 0.25
vt 5.875 0.25
vt 5.875 0.1875
vt 4.875 0.1875
vt 4.875 0.25
vt 5 0.25
vt 5 0.1875
vt 2.5 0.4375
vt 2.5 0.75
vt 2.5625 0.75
vt 2.5625 0.4375
vt 2.375 0.4375
vt 2.375 0.75
vt 2.4375 0.75
vt 2.4375 0.4375
vt 2.5 0.8125
vt 2.5 0.75
vt 2.4375 0.75
vt 2.4375 0.8125
vt 2.5625 0.75
vt 2.5625 0.8125
vt 2.5 0.8125
vt 2.5 0.75
vt 2.5625 0.4375
vt 2.5625 0.75
vt 2.625 0.75
vt 2.625 0.4375
vt 2.4375 0.4375
vt 2.4375 0.75
vt 2.5 0.75
vt 2.5 0.4375
vt 3.25 -0.6875
vt 3.25 0.25
vt 2.5 0.25
vt 2.5 -0.6875
vt 3.25 1
vt 3.25 0.25
vt 3.3125 0.25
vt 3.3125 1
vt 3.3125 0.25
vt 3.3125 1
vt 3.375 1
vt 3.375 0.25
vt 4.125 -0.6875
vt 4.125 0.25
vt 4.0625 0.25
vt 4.0625 -0.6875
vt 3.3125 -0.6875
vt 3.3125 0.25
vt 3.25 0.25
vt 3.25 -0.6875
vt 0 0.495685625
vt 0.13052875 0.512870625
vt 0 1
vt 0 0.495685625
vt 0.13052375 0.512869375
vt 0 1
vt 0 1
vt 0 0.833333125
vt 0.13165 0.833333125
vt 0.13165 1
vt 0 0.495685625
vt 0.130528125 0.512870625
vt 0 1
vt 0 0.86947625
vt 0.49661 0.927996875
vt 0.487130625 1
vt 0 1
vt 0.058520625 0.50339
vt 0.13052375 0.512869375
vt 0 0.86947125
vt 0.49178625 0.96462625
vt 0.487129375 1
vt 0 1
vt 0.095155 0.5082131249999999
vt 0.13052875 0.512870625
vt 0 1
vt 0 0.833333125
vt 0.13165 0.833333125
vt 0.13165 1
vt 0 1
vt 0 0.833333125
vt 0.13165 0.833333125
vt 0.13165 1
vt 0.13165 1
vt 0.059025625 1
vt 0.059025625 0.833333125
vt 0.13165 0.833333125
vt 0.13165 1
vt 0.0959725 1
vt 0.0959725 0.833333125
vt 0.13165 0.833333125
vt 0.504314375 0.869471875
vt 0.487129375 1
vt 0 0.869471875
vt 0.504314375 0.86947625
vt 0.487130625 1
vt 0 0.86947625
vt 0.504314375 0.86947125
vt 0.487129375 1
vt 0 0.86947125
vt 0.13165 0.666666875
vt 0.0959725 0.666666875
vt 0.0959725 0.5
vt 0.13165 0.5
vt 0.13165 0.833333125
vt 0.0959725 0.833333125
vt 0.0959725 0.666666875
vt 0.13165 0.666666875
vt 0.13165 0.666666875
vt 0.059025625 0.666666875
vt 0.059025625 0.5
vt 0.13165 0.5
vt 0 0.421875
vt 0 0.0703125
vt 1 0.0703125
vt 1 0.421875
vt 0.13165 0.5
vt 0.13165 0.666666875
vt 0 0.666666875
vt 0 0.5
vt 0.13165 0.666666875
vt 0.13165 0.833333125
vt 0 0.833333125
vt 0 0.666666875
vt 0.13165 0.5
vt 0.13165 0.666666875
vt 0 0.666666875
vt 0 0.5
vt 0.13165 0.666666875
vt 0.13165 0.833333125
vt 0 0.833333125
vt 0 0.666666875
vt 0.13165 0.5
vt 0.13165 0.666666875
vt 0 0.666666875
vt 0 0.5
vt 0.13165 0.666666875
vt 0.13165 0.833333125
vt 0 0.833333125
vt 0 0.666666875
vt 0 0.833333125
vt 0.0959725 0.833333125
vt 0.0959725 1
vt 0 1
vt 0 0.495685625
vt 0.095155 0.5082131249999999
vt 0 1
vt 1 0.4140625
vt 1 1
vt 0 1
vt 0 0.4140625
vt 0 0.5
vt 0.0959725 0.5
vt 0.0959725 0.666666875
vt 0 0.666666875
vt 0.504314375 0.86947125
vt 0.49178625 0.96462625
vt 0 0.86947125
vt 0 0.833333125
vt 0.059025625 0.833333125
vt 0.059025625 1
vt 0 1
vt 0 0.495685625
vt 0.058520625 0.50339
vt 0 1
vt 0 0.666666875
vt 0.059025625 0.666666875
vt 0.059025625 0.833333125
vt 0 0.833333125
vt 0 0.5
vt 0.059025625 0.5
vt 0.059025625 0.666666875
vt 0 0.666666875
vt 0.504314375 0.86947625
vt 0.49661 0.927996875
vt 0 0.86947625
vt 0.0625 0.68738125
vt 0.0625 0.593
vt 0.06265625 0.593
vt 0.06265625 0.6875
vt 0.06265625 0.74988125
vt 0.18713125 0.74988125
vt 0.1872875 0.75
vt 0.0625 0.75
vt 0.06265625 0.7805
vt 0.06265625 0.87488125
vt 0.0625 0.875
vt 0.0625 0.7805
vt 0.12515625 0.80834375
vt 0.12515625 0.875
vt 0.125 0.875
vt 0.125 0.8082625
vt 0.12463125 0.75
vt 0.00015625 0.75
vt 0 0.74991875
vt 0.1247875 0.74991875
vt 0.125 0.6875
vt 0.125 0.62084375
vt 0.12515625 0.6207625
vt 0.12515625 0.6875
vt 0.13052875 0.512870625
vt 0 0.495685625
vt 0 1
vt 0.13052375 0.512869375
vt 0 0.495685625
vt 0 1
vt 0.13165 0.833333125
vt 0 0.833333125
vt 0 1
vt 0.13165 1
vt 0.130528125 0.512870625
vt 0 0.495685625
vt 0 1
vt 0.49661 0.927996875
vt 0 0.86947625
vt 0.487130625 1
vt 0.058520625 0.50339
vt 0 1
vt 0.13052375 0.512869375
vt 0.49178625 0.96462625
vt 0 0.86947125
vt 0.487129375 1
vt 0.095155 0.5082131249999999
vt 0 1
vt 0.13052875 0.512870625
vt 0.13165 0.833333125
vt 0 0.833333125
vt 0 1
vt 0.13165 1
vt 0.13165 0.833333125
vt 0 0.833333125
vt 0 1
vt 0.13165 1
vt 0.059025625 0.833333125
vt 0.059025625 1
vt 0.13165 1
vt 0.13165 0.833333125
vt 0.0959725 0.833333125
vt 0.0959725 1
vt 0.13165 1
vt 0.13165 0.833333125
vt 0.487129375 1
vt 0.504314375 0.869471875
vt 0 0.869471875
vt 0.487130625 1
vt 0.504314375 0.86947625
vt 0 0.86947625
vt 0.487129375 1
vt 0.504314375 0.86947125
vt 0 0.86947125
vt 0.0959725 0.5
vt 0.0959725 0.666666875
vt 0.13165 0.666666875
vt 0.13165 0.5
vt 0.0959725 0.666666875
vt 0.0959725 0.833333125
vt 0.13165 0.833333125
vt 0.13165 0.666666875
vt 0.059025625 0.5
vt 0.059025625 0.666666875
vt 0.13165 0.666666875
vt 0.13165 0.5
vt 0 0.0703125
vt 1 0.0703125
vt 1 0.421875
vt 0 0.421875
vt 0 0.666666875
vt 0.13165 0.666666875
vt 0.13165 0.5
vt 0 0.5
vt 0 0.833333125
vt 0.13165 0.833333125
vt 0.13165 0.666666875
vt 0 0.666666875
vt 0 0.666666875
vt 0.13165 0.666666875
vt 0.13165 0.5
vt 0 0.5
vt 0 0.833333125
vt 0.13165 0.833333125
vt 0.13165 0.666666875
vt 0 0.666666875
vt 0 0.666666875
vt 0.13165 0.666666875
vt 0.13165 0.5
vt 0 0.5
vt 0 0.833333125
vt 0.13165 0.833333125
vt 0.13165 0.666666875
vt 0 0.666666875
vt 0.0959725 1
vt 0.0959725 0.833333125
vt 0 0.833333125
vt 0 1
vt 0.095155 0.5082131249999999
vt 0 0.495685625
vt 0 1
vt 1 1
vt 0 1
vt 0 0.4140625
vt 1 0.4140625
vt 0.0959725 0.666666875
vt 0.0959725 0.5
vt 0 0.5
vt 0 0.666666875
vt 0.49178625 0.96462625
vt 0.504314375 0.86947125
vt 0 0.86947125
vt 0.059025625 1
vt 0.059025625 0.833333125
vt 0 0.833333125
vt 0 1
vt 0.058520625 0.50339
vt 0 0.495685625
vt 0 1
vt 0.059025625 0.833333125
vt 0.059025625 0.666666875
vt 0 0.666666875
vt 0 0.833333125
vt 0.059025625 0.666666875
vt 0.059025625 0.5
vt 0 0.5
vt 0 0.666666875
vt 0.49661 0.927996875
vt 0.504314375 0.86947625
vt 0 0.86947625
vt 0.06265625 0.593
vt 0.0625 0.593
vt 0.0625 0.68738125
vt 0.06265625 0.6875
vt 0.1872875 0.75
vt 0.18713125 0.74988125
vt 0.06265625 0.74988125
vt 0.0625 0.75
vt 0.0625 0.875
vt 0.06265625 0.87488125
vt 0.06265625 0.7805
vt 0.0625 0.7805
vt 0.125 0.875
vt 0.12515625 0.875
vt 0.12515625 0.80834375
vt 0.125 0.8082625
vt 0 0.74991875
vt 0.00015625 0.75
vt 0.12463125 0.75
vt 0.1247875 0.74991875
vt 0.12515625 0.6207625
vt 0.125 0.62084375
vt 0.125 0.6875
vt 0.12515625 0.6875
vt 1 0
vt 1 0
vt 1 0
vt 1 0
vt 0.875 1
vt 1 1
vt 1 1
vt 0.875 1
vt 0 0
vt 0 0
vt 0 0
vt 0 0
vt 1 0
vt 0.875 0
vt 0.875 0
vt 1 0
vt 1 1
vt 0.875 1
vt 0.875 1
vt 1 1
vt 1 0
vt 1 0
vt 1 0
vt 1 0
vt 0.875 0
vt 1 0
vt 1 0
vt 0.875 0
vt 0 0
vt 0 0
vt 0 0
vt 0 0
vn 1 0 0
vn -1 0 0
vn 0 1 0
vn 0 -1 0
vn 0 0 1
vn 0 0 -1
vn 1 0 0
vn -1 0 0
vn 0 1 0
vn 0 -1 0
vn 0 0 1
vn 0 0 1
vn 1 0 0
vn -1 0 0
vn 0 1 0
vn 0 -1 0
vn 0 0 1
vn 1 0 0
vn -1 0 0
vn 0 1 0
vn 0 -1 0
vn 0 0 1
vn 1 0 0
vn -1 0 0
vn 0 1 0
vn 0 -1 0
vn 0 0 1
vn 1 0 0
vn -1 0 0
vn 0 1 0
vn 0 -1 0
vn 0 0 1
vn 0 0 -1
vn 0 0.9417419115948374 -0.33633639699815626
vn 1 0 0
vn 0 0.9417419115948374 0.33633639699815626
vn -1 0 0
vn 1 0 0
vn -1 0 0
vn 0 1 0
vn 0 -1 0
vn 0 0 1
vn 0 0 -1
vn 1 0 0
vn -1 0 0
vn 0 1 0
vn 0 -1 0
vn 0 0 -1
vn 0 0 -1
vn 1 0 0
vn -1 0 0
vn 0 1 0
vn 0 -1 0
vn 0 0 -1
vn 1 0 0
vn -1 0 0
vn 0 1 0
vn 0 -1 0
vn 0 0 -1
vn 1 0 0
vn -1 0 0
vn 0 1 0
vn 0 -1 0
vn 0 0 -1
vn 1 0 0
vn -1 0 0
vn 0 0.923880814493685 -0.38268033737113466
vn 0 -0.923880814493685 0.38268033737113444
vn 0 0.3826837515893425 0.9238794002842072
vn 0 -0.38268375158934237 -0.9238794002842073
vn 1 0 0
vn -1 0 0
vn 0 1 0
vn 0 -1 0
vn 0 0 1
vn 0 0 -1
vn 1 0 0
vn -1 0 0
vn 0 0.923880814493685 0.38268033737113466
vn 0 -0.923880814493685 -0.38268033737113444
vn 0 -0.38268375158934237 0.9238794002842073
vn 0 0.3826837515893425 -0.9238794002842072
vn 1 0 0
vn 0 1 0
vn 0 -1 0
vn 0.7071067811865476 0 0.7071067811865476
vn 0.7071067811865476 0 -0.7071067811865476
vn -1 0 0
vn -1 0 0
vn 0 0.8687014189709803 0.49533609264599887
vn -1 0 0
vn 1 0 0
vn -1 0 0
vn 1 0 0
vn -1 0 0
vn 0 0.4253015531565592 0.9050517050879573
vn 0 0.7115001716461252 0.7026859225482851
vn 0 0.9498509904828341 0.3127028875446777
vn 0 0.9885308075733148 0.1510193447160003
vn 1 0 0
vn 1 0 0
vn 1 0 0
vn 0 0.9885308075733148 0.15101934471600026
vn 0 0.9885308075733149 0.1510193447160003
vn 0 0.949850990482834 0.31270288754467773
vn 0 0.9498524409860493 0.3126984815326804
vn 0 0.8687014189709803 0.4953360926459988
vn 0 0.8687014189709802 0.4953360926459988
vn 0 0.7115001716461252 0.7026859225482851
vn 0 0.7115001716461251 0.7026859225482851
vn 0 0.4253015531565592 0.9050517050879573
vn 0 0.42530155315655915 0.9050517050879572
vn 0 0.9885282872400257 0.1510358411977148
vn -1 0 0
vn 0 0.9885287121469605 0.15103306015926346
vn 0 0.9885282872400257 0.1510358411977148
vn 1 0 0
vn 0 0.9498544864996323 0.3126922680152483
vn -1 0 0
vn 0 0.9498544864996324 0.3126922680152483
vn 0 0.9498544864996323 0.3126922680152483
vn 1 0 0
vn -0.9999496520290679 0.009919500548129394 0.0015155579242424133
vn 0 0.007471124734180292 0.9999720907581403
vn 0.999949653757127 0.009919330320830849 0.001515531915943913
vn 0.999945468739412 0.009919459049896008 0.0032655596266174605
vn 0 0.005048417114325139 -0.9999872566611238
vn -0.9999454664716209 0.009919665302374047 0.0032656275264658077
vn -1 0 0
vn -1 0 0
vn 0 0.8687014189709803 -0.4953360926459988
vn -1 0 0
vn 1 0 0
vn -1 0 0
vn 1 0 0
vn -1 0 0
vn 0 0.4253015531565592 -0.9050517050879573
vn 0 0.7115001716461252 -0.7026859225482851
vn 0 0.9498509904828341 -0.3127028875446777
vn 0 0.9885308075733148 -0.1510193447160003
vn 1 0 0
vn 1 0 0
vn 1 0 0
vn 0 0.9885308075733148 -0.15101934471600026
vn 0 0.9885308075733149 -0.1510193447160003
vn 0 0.949850990482834 -0.31270288754467773
vn 0 0.9498524409860493 -0.3126984815326804
vn 0 0.8687014189709803 -0.4953360926459988
vn 0 0.8687014189709802 -0.4953360926459988
vn 0 0.7115001716461252 -0.7026859225482851
vn 0 0.7115001716461251 -0.7026859225482851
vn 0 0.4253015531565592 -0.9050517050879573
vn 0 0.42530155315655915 -0.9050517050879572
vn 0 0.9885282872400257 -0.1510358411977148
vn -1 0 0
vn 0 0.9885287121469605 -0.15103306015926346
vn 0 0.9885282872400257 -0.1510358411977148
vn 1 0 0
vn 0 0.9498544864996323 -0.3126922680152483
vn -1 0 0
vn 0 0.9498544864996324 -0.3126922680152483
vn 0 0.9498544864996323 -0.3126922680152483
vn 1 0 0
vn -0.9996854498901472 0.024792199157278334 -0.003787893726090364
vn 0 0.018642686337029105 -0.9998262100215914
vn 0.9996854768686323 0.024791136107079188 -0.003787731307211978
vn 0.9996593259086157 0.024791551282536357 -0.008161562897960226
vn 0 0.012652130426083034 0.9999199585945274
vn -0.9996592905031334 0.024792839294311367 -0.00816198692100724
vn -1 0 0
vn 0 -1 0
vn 1 0 0
vn 0 1 0
vn 0 -1 0
vn -1 0 0
vn 0 1 0
vn 1 0 0
usemtl m_c4ef035f-6b10-f66f-55f4-3296f0e79dee
f 4/1/1 2/2/1 1/3/1
f 4/1/1 1/3/1 3/4/1
f 7/5/2 5/6/2 6/7/2
f 7/5/2 6/7/2 8/8/2
f 1/9/3 2/10/3 6/11/3
f 1/9/3 6/11/3 5/12/3
f 4/13/4 3/14/4 7/15/4
f 4/13/4 7/15/4 8/16/4
f 3/17/5 1/18/5 5/19/5
f 3/17/5 5/19/5 7/20/5
f 8/21/6 6/22/6 2/23/6
f 8/21/6 2/23/6 4/24/6
usemtl m_fae77e0a-5028-f195-caba-20d89c450eac
f 12/25/7 10/26/7 9/27/7
f 12/25/7 9/27/7 11/28/7
f 15/29/8 13/30/8 14/31/8
f 15/29/8 14/31/8 16/32/8
f 9/33/9 10/34/9 14/35/9
f 9/33/9 14/35/9 13/36/9
f 12/37/10 11/38/10 15/39/10
f 12/37/10 15/39/10 16/40/10
f 11/41/11 9/42/11 13/43/11
f 11/41/11 13/43/11 15/44/11
usemtl m_ce8b381d-1a9b-f02a-1bd0-823c7d8a42df
f 205/45/12 206/46/12 207/47/12
f 205/45/12 207/47/12 208/48/12
usemtl m_fae77e0a-5028-f195-caba-20d89c450eac
f 24/49/13 22/50/13 21/51/13
f 24/49/13 21/51/13 23/52/13
f 18/53/14 17/54/14 25/55/14
f 18/53/14 25/55/14 26/56/14
f 21/57/15 22/58/15 25/59/15
f 21/57/15 25/59/15 17/60/15
f 24/61/16 23/62/16 18/63/16
f 24/61/16 18/63/16 26/64/16
f 23/65/17 21/66/17 17/67/17
f 23/65/17 17/67/17 18/68/17
f 28/69/18 27/70/18 19/71/18
f 28/69/18 19/71/18 20/72/18
f 31/73/19 29/74/19 30/75/19
f 31/73/19 30/75/19 32/76/19
f 19/77/20 27/78/20 30/79/20
f 19/77/20 30/79/20 29/80/20
f 28/81/21 20/82/21 31/83/21
f 28/81/21 31/83/21 32/84/21
f 20/85/22 19/86/22 29/87/22
f 20/85/22 29/87/22 31/88/22
f 36/89/23 34/90/23 33/91/23
f 36/89/23 33/91/23 35/92/23
f 39/93/24 37/94/24 38/95/24
f 39/93/24 38/95/24 40/96/24
f 33/97/25 34/98/25 38/99/25
f 33/97/25 38/99/25 37/100/25
f 36/101/26 35/102/26 39/103/26
f 36/101/26 39/103/26 40/104/26
f 35/105/27 33/106/27 37/107/27
f 35/105/27 37/107/27 39/108/27
f 41/109/28 51/110/28 50/111/28
f 41/109/28 50/111/28 42/112/28
f 46/113/29 49/114/29 52/115/29
f 46/113/29 52/115/29 45/116/29
f 41/117/30 42/118/30 46/119/30
f 41/117/30 46/119/30 45/120/30
f 44/121/31 43/122/31 47/123/31
f 44/121/31 47/123/31 48/124/31
f 45/125/32 52/126/32 51/127/32
f 45/125/32 51/127/32 41/128/32
f 42/129/33 50/130/33 49/131/33
f 42/129/33 49/131/33 46/132/33
f 48/133/34 49/134/34 50/135/34
f 48/133/34 50/135/34 44/136/34
f 44/137/35 50/138/35 51/139/35
f 44/137/35 51/139/35 43/140/35
f 43/141/36 51/142/36 52/143/36
f 43/141/36 52/143/36 47/144/36
f 47/145/37 52/146/37 49/147/37
f 47/145/37 49/147/37 48/148/37
f 56/149/38 54/150/38 53/151/38
f 56/149/38 53/151/38 55/152/38
f 59/153/39 57/154/39 58/155/39
f 59/153/39 58/155/39 60/156/39
f 53/157/40 54/158/40 58/159/40
f 53/157/40 58/159/40 57/160/40
f 56/161/41 55/162/41 59/163/41
f 56/161/41 59/163/41 60/164/41
f 55/165/42 53/166/42 57/167/42
f 55/165/42 57/167/42 59/168/42
f 60/169/43 58/170/43 54/171/43
f 60/169/43 54/171/43 56/172/43
f 61/173/44 62/174/44 64/175/44
f 61/173/44 64/175/44 63/176/44
f 66/177/45 65/178/45 67/179/45
f 66/177/45 67/179/45 68/180/45
f 66/181/46 62/182/46 61/183/46
f 66/181/46 61/183/46 65/184/46
f 67/185/47 63/186/47 64/187/47
f 67/185/47 64/187/47 68/188/47
f 65/189/48 61/190/48 63/191/48
f 65/189/48 63/191/48 67/192/48
usemtl m_ce8b381d-1a9b-f02a-1bd0-823c7d8a42df
f 209/193/49 210/194/49 211/195/49
f 209/193/49 211/195/49 212/196/49
usemtl m_fae77e0a-5028-f195-caba-20d89c450eac
f 73/197/50 74/198/50 76/199/50
f 73/197/50 76/199/50 75/200/50
f 77/201/51 69/202/51 70/203/51
f 77/201/51 70/203/51 78/204/51
f 77/205/52 74/206/52 73/207/52
f 77/205/52 73/207/52 69/208/52
f 70/209/53 75/210/53 76/211/53
f 70/209/53 76/211/53 78/212/53
f 69/213/54 73/214/54 75/215/54
f 69/213/54 75/215/54 70/216/54
f 71/217/55 79/218/55 80/219/55
f 71/217/55 80/219/55 72/220/55
f 82/221/56 81/222/56 83/223/56
f 82/221/56 83/223/56 84/224/56
f 82/225/57 79/226/57 71/227/57
f 82/225/57 71/227/57 81/228/57
f 83/229/58 72/230/58 80/231/58
f 83/229/58 80/231/58 84/232/58
f 81/233/59 71/234/59 72/235/59
f 81/233/59 72/235/59 83/236/59
f 85/237/60 86/238/60 88/239/60
f 85/237/60 88/239/60 87/240/60
f 90/241/61 89/242/61 91/243/61
f 90/241/61 91/243/61 92/244/61
f 90/245/62 86/246/62 85/247/62
f 90/245/62 85/247/62 89/248/62
f 91/249/63 87/250/63 88/251/63
f 91/249/63 88/251/63 92/252/63
f 89/253/64 85/254/64 87/255/64
f 89/253/64 87/255/64 91/256/64
f 96/257/65 94/258/65 93/259/65
f 96/257/65 93/259/65 95/260/65
f 99/261/66 97/262/66 98/263/66
f 99/261/66 98/263/66 100/264/66
f 93/265/67 94/266/67 98/267/67
f 93/265/67 98/267/67 97/268/67
f 96/269/68 95/270/68 99/271/68
f 96/269/68 99/271/68 100/272/68
f 95/273/69 93/274/69 97/275/69
f 95/273/69 97/275/69 99/276/69
f 100/277/70 98/278/70 94/279/70
f 100/277/70 94/279/70 96/280/70
f 104/281/71 102/282/71 101/283/71
f 104/281/71 101/283/71 103/284/71
f 107/285/72 105/286/72 106/287/72
f 107/285/72 106/287/72 108/288/72
f 101/289/73 102/290/73 106/291/73
f 101/289/73 106/291/73 105/292/73
f 104/293/74 103/294/74 107/295/74
f 104/293/74 107/295/74 108/296/74
f 103/297/75 101/298/75 105/299/75
f 103/297/75 105/299/75 107/300/75
f 108/301/76 106/302/76 102/303/76
f 108/301/76 102/303/76 104/304/76
f 112/305/77 110/306/77 109/307/77
f 112/305/77 109/307/77 111/308/77
f 115/309/78 113/310/78 114/311/78
f 115/309/78 114/311/78 116/312/78
f 109/313/79 110/314/79 114/315/79
f 109/313/79 114/315/79 113/316/79
f 112/317/80 111/318/80 115/319/80
f 112/317/80 115/319/80 116/320/80
f 111/321/81 109/322/81 113/323/81
f 111/321/81 113/323/81 115/324/81
f 116/325/82 114/326/82 110/327/82
f 116/325/82 110/327/82 112/328/82
f 120/329/83 118/330/83 117/331/83
f 120/329/83 117/331/83 119/332/83
f 117/333/84 118/334/84 122/335/84
f 117/333/84 122/335/84 121/336/84
f 120/337/85 119/338/85 123/339/85
f 120/337/85 123/339/85 124/340/85
f 119/341/86 117/342/86 121/343/86
f 119/341/86 121/343/86 123/344/86
f 124/345/87 122/346/87 118/347/87
f 124/345/87 118/347/87 120/348/87
usemtl m_98c56db7-14fd-b5be-a261-db7625093511
f 127/349/88 128/350/88 126/351/88
f 128/352/89 130/353/89 126/354/89
f 130/355/90 146/356/90 144/357/90
f 130/355/90 144/357/90 132/358/90
f 130/359/91 132/360/91 126/361/91
f 125/362/92 158/363/92 131/364/92
f 126/365/93 156/366/93 134/367/93
f 125/368/94 154/369/94 133/370/94
f 126/371/95 152/372/95 136/373/95
f 127/374/96 150/375/96 148/376/96
f 127/374/96 148/376/96 128/377/96
f 128/378/97 148/379/97 146/380/97
f 128/378/97 146/380/97 130/381/97
f 134/382/98 156/383/98 155/384/98
f 134/382/98 155/384/98 142/385/98
f 136/386/99 152/387/99 151/388/99
f 136/386/99 151/388/99 141/389/99
f 131/390/100 129/391/100 125/392/100
f 129/393/101 138/394/101 125/395/101
f 138/396/102 137/397/102 125/398/102
f 139/399/103 153/400/103 154/401/103
f 139/399/103 154/401/103 135/402/103
f 141/403/104 151/404/104 153/405/104
f 141/403/104 153/405/104 139/406/104
f 140/407/105 157/408/105 158/409/105
f 140/407/105 158/409/105 133/410/105
usemtl m_83c5c9d6-2f1f-4d8b-9893-070f5a21dff2
f 162/411/106 164/412/106 163/413/106
f 162/411/106 163/413/106 159/414/106
usemtl m_98c56db7-14fd-b5be-a261-db7625093511
f 131/415/107 143/416/107 145/417/107
f 131/415/107 145/417/107 129/418/107
f 143/419/108 144/420/108 146/421/108
f 143/419/108 146/421/108 145/422/108
f 129/423/109 145/424/109 147/425/109
f 129/423/109 147/425/109 138/426/109
f 145/427/110 146/428/110 148/429/110
f 145/427/110 148/429/110 147/430/110
f 138/431/111 147/432/111 149/433/111
f 138/431/111 149/433/111 137/434/111
f 147/435/112 148/436/112 150/437/112
f 147/435/112 150/437/112 149/438/112
f 142/439/113 151/440/113 152/441/113
f 142/439/113 152/441/113 134/442/113
f 134/443/114 152/444/114 126/445/114
usemtl m_83c5c9d6-2f1f-4d8b-9893-070f5a21dff2
f 159/446/115 160/447/115 161/448/115
f 159/446/115 161/448/115 162/449/115
usemtl m_98c56db7-14fd-b5be-a261-db7625093511
f 133/450/116 154/451/116 153/452/116
f 133/450/116 153/452/116 140/453/116
f 135/454/117 154/455/117 125/456/117
f 144/457/118 155/458/118 156/459/118
f 144/457/118 156/459/118 132/460/118
f 132/461/119 156/462/119 126/463/119
f 143/464/120 157/465/120 155/466/120
f 143/464/120 155/466/120 144/467/120
f 131/468/121 158/469/121 157/470/121
f 131/468/121 157/470/121 143/471/121
f 133/472/122 158/473/122 125/474/122
f 160/475/123 159/476/123 140/477/123
f 160/475/123 140/477/123 153/478/123
f 161/479/124 160/480/124 153/481/124
f 161/479/124 153/481/124 151/482/124
f 162/483/125 161/484/125 151/485/125
f 162/483/125 151/485/125 142/486/125
f 164/487/126 162/488/126 142/489/126
f 164/487/126 142/489/126 155/490/126
f 163/491/127 164/492/127 155/493/127
f 163/491/127 155/493/127 157/494/127
f 159/495/128 163/496/128 157/497/128
f 159/495/128 157/497/128 140/498/128
f 168/499/129 167/500/129 166/501/129
f 170/502/130 168/503/130 166/504/130
f 184/505/131 186/506/131 170/507/131
f 184/505/131 170/507/131 172/508/131
f 172/509/132 170/510/132 166/511/132
f 198/512/133 165/513/133 171/514/133
f 196/515/134 166/516/134 174/517/134
f 194/518/135 165/519/135 173/520/135
f 192/521/136 166/522/136 176/523/136
f 188/524/137 190/525/137 167/526/137
f 188/524/137 167/526/137 168/527/137
f 186/528/138 188/529/138 168/530/138
f 186/528/138 168/530/138 170/531/138
f 195/532/139 196/533/139 174/534/139
f 195/532/139 174/534/139 182/535/139
f 191/536/140 192/537/140 176/538/140
f 191/536/140 176/538/140 181/539/140
f 169/540/141 171/541/141 165/542/141
f 178/543/142 169/544/142 165/545/142
f 177/546/143 178/547/143 165/548/143
f 194/549/144 193/550/144 179/551/144
f 194/549/144 179/551/144 175/552/144
f 193/553/145 191/554/145 181/555/145
f 193/553/145 181/555/145 179/556/145
f 198/557/146 197/558/146 180/559/146
f 198/557/146 180/559/146 173/560/146
usemtl m_83c5c9d6-2f1f-4d8b-9893-070f5a21dff2
f 203/561/147 204/562/147 202/563/147
f 203/561/147 202/563/147 199/564/147
usemtl m_98c56db7-14fd-b5be-a261-db7625093511
f 185/565/148 183/566/148 171/567/148
f 185/565/148 171/567/148 169/568/148
f 186/569/149 184/570/149 183/571/149
f 186/569/149 183/571/149 185/572/149
f 187/573/150 185/574/150 169/575/150
f 187/573/150 169/575/150 178/576/150
f 188/577/151 186/578/151 185/579/151
f 188/577/151 185/579/151 187/580/151
f 189/581/152 187/582/152 178/583/152
f 189/581/152 178/583/152 177/584/152
f 190/585/153 188/586/153 187/587/153
f 190/585/153 187/587/153 189/588/153
f 192/589/154 191/590/154 182/591/154
f 192/589/154 182/591/154 174/592/154
f 192/593/155 174/594/155 166/595/155
usemtl m_83c5c9d6-2f1f-4d8b-9893-070f5a21dff2
f 201/596/156 200/597/156 199/598/156
f 201/596/156 199/598/156 202/599/156
usemtl m_98c56db7-14fd-b5be-a261-db7625093511
f 193/600/157 194/601/157 173/602/157
f 193/600/157 173/602/157 180/603/157
f 194/604/158 175/605/158 165/606/158
f 196/607/159 195/608/159 184/609/159
f 196/607/159 184/609/159 172/610/159
f 196/611/160 172/612/160 166/613/160
f 195/614/161 197/615/161 183/616/161
f 195/614/161 183/616/161 184/617/161
f 197/618/162 198/619/162 171/620/162
f 197/618/162 171/620/162 183/621/162
f 198/622/163 173/623/163 165/624/163
f 180/625/164 199/626/164 200/627/164
f 180/625/164 200/627/164 193/628/164
f 193/629/165 200/630/165 201/631/165
f 193/629/165 201/631/165 191/632/165
f 191/633/166 201/634/166 202/635/166
f 191/633/166 202/635/166 182/636/166
f 182/637/167 202/638/167 204/639/167
f 182/637/167 204/639/167 195/640/167
f 195/641/168 204/642/168 203/643/168
f 195/641/168 203/643/168 197/644/168
f 197/645/169 203/646/169 199/647/169
f 197/645/169 199/647/169 180/648/169
usemtl m_fae77e0a-5028-f195-caba-20d89c450eac
f 206/649/170 205/650/170 18/651/170
f 206/649/170 18/651/170 17/652/170
f 207/653/171 206/654/171 17/655/171
f 207/653/171 17/655/171 19/656/171
f 208/657/172 207/658/172 19/659/172
f 208/657/172 19/659/172 20/660/172
f 205/661/173 208/662/173 20/663/173
f 205/661/173 20/663/173 18/664/173
f 210/665/174 209/666/174 71/667/174
f 210/665/174 71/667/174 69/668/174
f 211/669/175 210/670/175 69/671/175
f 211/669/175 69/671/175 70/672/175
f 212/673/176 211/674/176 70/675/176
f 212/673/176 70/675/176 72/676/176
f 209/677/177 212/678/177 72/679/177
f 209/677/177 72/679/177 71/680/177
o right
v 0.37499999999999994 1 0.8125
v 0.46874999999999994 0.81875 0.890625
v 0.46874999999999994 0.81875 0.875
v 0.46874999999999994 0.8062499999999999 0.890625
v 0.46874999999999994 0.8062499999999999 0.875
v 0.44999999999999996 0.81875 0.890625
v 0.44999999999999996 0.81875 0.875
v 0.44999999999999996 0.8062499999999999 0.890625
v 0.44999999999999996 0.8062499999999999 0.875
v 0.46874999999999994 0.8109375 0.890625
v 0.46874999999999994 0.8109375 0.875
v 0.46874999999999994 0.78125 0.890625
v 0.46874999999999994 0.78125 0.875
v 0.34374999999999994 0.8109375 0.890625
v 0.34374999999999994 0.8109375 0.875
v 0.34374999999999994 0.78125 0.890625
v 0.34374999999999994 0.78125 0.875
v 0.46874999999999994 0.8421875 0.88125
v 0.46874999999999994 0.8421875 0.88125
v 0.46874999999999994 0.78125 0.88125
v 0.46874999999999994 0.78125 0.88125
v 0.34374999999999994 0.8421875 0.88125
v 0.34374999999999994 0.8421875 0.88125
v 0.34374999999999994 0.78125 0.88125
v 0.34374999999999994 0.78125 0.88125
v 0.46874999999999994 0.84375 0.890625
v 0.46874999999999994 0.84375 0.875
v 0.46874999999999994 0.8156249999999999 0.890625
v 0.46874999999999994 0.8156249999999999 0.875
v 0.34374999999999994 0.84375 0.890625
v 0.34374999999999994 0.84375 0.875
v 0.34374999999999994 0.8156249999999999 0.890625
v 0.34374999999999994 0.8156249999999999 0.875
v 0.36249999999999993 0.81875 0.890625
v 0.36249999999999993 0.81875 0.875
v 0.36249999999999993 0.8062499999999999 0.890625
v 0.36249999999999993 0.8062499999999999 0.875
v 0.34374999999999994 0.81875 0.890625
v 0.34374999999999994 0.81875 0.875
v 0.34374999999999994 0.8062499999999999 0.890625
v 0.34374999999999994 0.8062499999999999 0.875
v 0.46874999999999994 0.81875 -0.890625
v 0.46874999999999994 0.81875 -0.875
v 0.46874999999999994 0.8062499999999999 -0.890625
v 0.46874999999999994 0.8062499999999999 -0.875
v 0.44999999999999996 0.81875 -0.890625
v 0.44999999999999996 0.81875 -0.875
v 0.44999999999999996 0.8062499999999999 -0.890625
v 0.44999999999999996 0.8062499999999999 -0.875
v 0.46874999999999994 0.8109375 -0.890625
v 0.46874999999999994 0.8109375 -0.875
v 0.46874999999999994 0.78125 -0.890625
v 0.46874999999999994 0.78125 -0.875
v 0.34374999999999994 0.8109375 -0.890625
v 0.34374999999999994 0.8109375 -0.875
v 0.34374999999999994 0.78125 -0.890625
v 0.34374999999999994 0.78125 -0.875
v 0.46874999999999994 0.8421875 -0.8812500000000001
v 0.46874999999999994 0.8421875 -0.8812500000000001
v 0.46874999999999994 0.78125 -0.8812500000000001
v 0.46874999999999994 0.78125 -0.8812500000000001
v 0.34374999999999994 0.8421875 -0.8812500000000001
v 0.34374999999999994 0.8421875 -0.8812500000000001
v 0.34374999999999994 0.78125 -0.8812500000000001
v 0.34374999999999994 0.78125 -0.8812500000000001
v 0.46874999999999994 0.84375 -0.890625
v 0.46874999999999994 0.84375 -0.875
v 0.46874999999999994 0.8156249999999999 -0.890625
v 0.46874999999999994 0.8156249999999999 -0.875
v 0.34374999999999994 0.84375 -0.890625
v 0.34374999999999994 0.84375 -0.875
v 0.34374999999999994 0.8156249999999999 -0.890625
v 0.34374999999999994 0.8156249999999999 -0.875
v 0.36249999999999993 0.81875 -0.890625
v 0.36249999999999993 0.81875 -0.875
v 0.36249999999999993 0.8062499999999999 -0.890625
v 0.36249999999999993 0.8062499999999999 -0.875
v 0.34374999999999994 0.81875 -0.890625
v 0.34374999999999994 0.81875 -0.875
v 0.34374999999999994 0.8062499999999999 -0.890625
v 0.34374999999999994 0.8062499999999999 -0.875
v 0.28124999999999994 0.875 0.03125
v 0.28124999999999994 0.875 -0.03125
v 0.28124999999999994 0.24999999999999994 0.03125
v 0.28124999999999994 0.24999999999999994 -0.03125
v 0.24999999999999994 0.875 0.03125
v 0.24999999999999994 0.875 -0.03125
v 0.24999999999999994 0.24999999999999994 0.03125
v 0.24999999999999994 0.24999999999999994 -0.03125
v 0.32812499999999994 0.9375 0.4375
v 0.32812499999999994 0.9375 -0.4375
v 0.32812499999999994 0 0.4375
v 0.32812499999999994 0 -0.4375
v 0.26562499999999994 0.9375 0.375
v 0.26562499999999994 0.9375 -0.375
v 0.26562499999999994 0 0.375
v 0.26562499999999994 0 -0.375
v 0.49999999999999994 0.875 0.875
v 0.49999999999999994 0.875 0.859375
v 0.49999999999999994 0.6875 0.875
v 0.49999999999999994 0.6875 0.859375
v 0.31249999999999994 0.875 0.875
v 0.31249999999999994 0.875 0.859375
v 0.31249999999999994 0.6875 0.875
v 0.31249999999999994 0.6875 0.859375
v 0.46874999999999994 0.6875 0.871875
v 0.46874999999999994 0.49999999999999994 0.871875
v 0.34374999999999994 0.6875 0.871875
v 0.34374999999999994 0.49999999999999994 0.871875
v 0.49999999999999994 0.6875 0.875
v 0.49999999999999994 0.6875 0.859375
v 0.49999999999999994 0.49999999999999994 0.875
v 0.49999999999999994 0.49999999999999994 0.859375
v 0.46874999999999994 0.6875 0.875
v 0.46874999999999994 0.6875 0.859375
v 0.46874999999999994 0.49999999999999994 0.875
v 0.46874999999999994 0.49999999999999994 0.859375
v 0.34374999999999994 0.6875 0.875
v 0.34374999999999994 0.6875 0.859375
v 0.34374999999999994 0.49999999999999994 0.875
v 0.34374999999999994 0.49999999999999994 0.859375
v 0.31249999999999994 0.6875 0.875
v 0.31249999999999994 0.6875 0.859375
v 0.31249999999999994 0.49999999999999994 0.875
v 0.31249999999999994 0.49999999999999994 0.859375
v 0.49999999999999994 0.49999999999999994 0.875
v 0.49999999999999994 0.49999999999999994 0.859375
v 0.49999999999999994 0 0.875
v 0.49999999999999994 0 0.859375
v 0.31249999999999994 0.49999999999999994 0.875
v 0.31249999999999994 0.49999999999999994 0.859375
v 0.31249999999999994 0 0.875
v 0.31249999999999994 0 0.859375
v 0.49999999999999994 1.125 0.4375
v 0.49999999999999994 1.125 -0.4375
v 0.49999999999999994 0.875 0.875
v 0.49999999999999994 0.875 -0.875
v 0.31249999999999994 1.125 0.4375
v 0.31249999999999994 1.125 -0.4375
v 0.31249999999999994 0.875 0.875
v 0.31249999999999994 0.875 -0.875
v 0.31249999999999994 1.03125 -0.4375
v 0.49999999999999994 1.03125 -0.4375
v 0.49999999999999994 1.03125 0.4375
v 0.31249999999999994 1.03125 0.4375
v 0.49999999999999994 0.875 0.859375
v 0.49999999999999994 0.875 -0.859375
v 0.49999999999999994 0 0.859375
v 0.49999999999999994 0 -0.859375
v 0.31249999999999994 0.875 0.859375
v 0.31249999999999994 0.875 -0.859375
v 0.31249999999999994 0 0.859375
v 0.31249999999999994 0 -0.859375
v 0.49999999999999994 0.875 -0.875
v 0.49999999999999994 0.875 -0.859375
v 0.49999999999999994 0.6875 -0.875
v 0.49999999999999994 0.6875 -0.859375
v 0.31249999999999994 0.875 -0.875
v 0.31249999999999994 0.875 -0.859375
v 0.31249999999999994 0.6875 -0.875
v 0.31249999999999994 0.6875 -0.859375
v 0.46874999999999994 0.6875 -0.8656250000000001
v 0.46874999999999994 0.49999999999999994 -0.8656250000000001
v 0.34374999999999994 0.6875 -0.8656250000000001
v 0.34374999999999994 0.49999999999999994 -0.8656250000000001
v 0.49999999999999994 0.6875 -0.875
v 0.49999999999999994 0.6875 -0.859375
v 0.49999999999999994 0.49999999999999994 -0.875
v 0.49999999999999994 0.49999999999999994 -0.859375
v 0.46874999999999994 0.6875 -0.875
v 0.46874999999999994 0.6875 -0.859375
v 0.46874999999999994 0.49999999999999994 -0.875
v 0.46874999999999994 0.49999999999999994 -0.859375
v 0.34374999999999994 0.6875 -0.875
v 0.34374999999999994 0.6875 -0.859375
v 0.34374999999999994 0.49999999999999994 -0.875
v 0.34374999999999994 0.49999999999999994 -0.859375
v 0.31249999999999994 0.6875 -0.875
v 0.31249999999999994 0.6875 -0.859375
v 0.31249999999999994 0.49999999999999994 -0.875
v 0.31249999999999994 0.49999999999999994 -0.859375
v 0.49999999999999994 0.49999999999999994 -0.875
v 0.49999999999999994 0.49999999999999994 -0.859375
v 0.49999999999999994 0 -0.875
v 0.49999999999999994 0 -0.859375
v 0.31249999999999994 0.49999999999999994 -0.875
v 0.31249999999999994 0.49999999999999994 -0.859375
v 0.31249999999999994 0 -0.875
v 0.31249999999999994 0 -0.859375
v 0.45312499999999994 1.015625 0.875
v 0.48437499999999994 1.046875 0.84375
v 0.45312499999999994 0.921875 0.875
v 0.48437499999999994 0.890625 0.84375
v 0.35937499999999994 1.015625 0.875
v 0.32812499999999994 1.046875 0.84375
v 0.35937499999999994 0.921875 0.875
v 0.32812499999999994 0.890625 0.84375
v 0.45312499999999994 1 0.875
v 0.35937499999999994 1 0.875
v 0.32812499999999994 1 0.84375
v 0.48437499999999994 1 0.84375
v 0.45312499999999994 0.9375 0.875
v 0.35937499999999994 0.9375 0.875
v 0.32812499999999994 0.9249999999999999 0.84375
v 0.48437499999999994 0.9249999999999999 0.84375
v 0.37499999999999994 0.9375 0.8125
v 0.37499999999999994 1.015625 0.875
v 0.37499999999999994 1.046875 0.84375
v 0.37499999999999994 1 0.84375
v 0.37499999999999994 0.9249999999999999 0.84375
v 0.37499999999999994 0.890625 0.84375
v 0.37499999999999994 0.921875 0.875
v 0.37499999999999994 1.03125 0.859375
v 0.46874999999999994 1.03125 0.859375
v 0.46874999999999994 1 0.859375
v 0.46874999999999994 0.9312499999999999 0.859375
v 0.46874999999999994 0.90625 0.859375
v 0.37499999999999994 0.90625 0.859375
v 0.34374999999999994 0.90625 0.859375
v 0.34374999999999994 0.9312499999999999 0.859375
v 0.34374999999999994 1 0.859375
v 0.34374999999999994 1.03125 0.859375
v 0.43749999999999994 1 0.8125
v 0.43749999999999994 0.9375 0.8125
v 0.43749999999999994 0.921875 0.875
v 0.44375 0.90625 0.859375
v 0.44999999999999996 0.890625 0.84375
v 0.44999999999999996 0.9249999999999999 0.84375
v 0.44999999999999996 1 0.84375
v 0.44999999999999996 1.046875 0.84375
v 0.44375 1.03125 0.859375
v 0.43749999999999994 1.015625 0.875
v 0.43906249999999997 1 0.875
v 0.43906249999999997 0.9375 0.875
v 0.43906249999999997 0.921875 0.875
v 0.44999999999999996 0.90625 0.859375
v 0.46093749999999994 0.890625 0.84375
v 0.46093749999999994 0.9249999999999999 0.84375
v 0.46093749999999994 1 0.84375
v 0.46093749999999994 1.046875 0.84375
v 0.44999999999999996 1.03125 0.859375
v 0.43906249999999997 1.015625 0.875
v 0.43749999999999994 1.0015625 0.875
v 0.37499999999999994 1.0015625 0.875
v 0.35937499999999994 1.0015625 0.875
v 0.34374999999999994 1.009375 0.859375
v 0.32812499999999994 1.0171875 0.84375
v 0.37499999999999994 1.0171875 0.84375
v 0.44999999999999996 1.0171875 0.84375
v 0.46093749999999994 1.0171875 0.84375
v 0.48437499999999994 1.0171875 0.84375
v 0.46874999999999994 1.009375 0.859375
v 0.45312499999999994 1.0015625 0.875
v 0.43906249999999997 1.0015625 0.875
v 0.43749999999999994 0.9359375 0.875
v 0.37499999999999994 0.9359375 0.875
v 0.35937499999999994 0.9359375 0.875
v 0.34374999999999994 0.9249999999999999 0.859375
v 0.32812499999999994 0.9140625 0.84375
v 0.37499999999999994 0.9140625 0.84375
v 0.44999999999999996 0.9140625 0.84375
v 0.46093749999999994 0.9140625 0.84375
v 0.48437499999999994 0.9140625 0.84375
v 0.46874999999999994 0.9249999999999999 0.859375
v 0.45312499999999994 0.9359375 0.875
v 0.43906249999999997 0.9359375 0.875
v 0.3734375 0.9375 0.875
v 0.3734375 1 0.875
v 0.3734375 1.0015625 0.875
v 0.3734375 1.015625 0.875
v 0.365625 1.03125 0.859375
v 0.3578125 1.046875 0.84375
v 0.3578125 1.0171875 0.84375
v 0.3578125 1 0.84375
v 0.3578125 0.9249999999999999 0.84375
v 0.3578125 0.9140625 0.84375
v 0.3578125 0.890625 0.84375
v 0.365625 0.90625 0.859375
v 0.3734375 0.921875 0.875
v 0.3734375 0.9359375 0.875
v 0.46874999999999994 1.0546875 0.796875
v 0.46874999999999994 1.071875 0.671875
v 0.34374999999999994 1.0546875 0.796875
v 0.34374999999999994 1.071875 0.671875
v 0.48437499999999994 1.046875 0.84375
v 0.48437499999999994 1.078125 0.625
v 0.48437499999999994 0.921875 0.84375
v 0.48437499999999994 0.921875 0.6875
v 0.32812499999999994 1.046875 0.84375
v 0.32812499999999994 1.078125 0.625
v 0.32812499999999994 0.921875 0.84375
v 0.32812499999999994 0.921875 0.6875
v 0.49968749999999995 0.874999375 0.4375
v 0.31281249999999994 0.874999375 0.4375
v 0.31281249999999994 0.875 0.875
v 0.31281249999999994 0.948223125 0.840665
v 0.49968749999999995 1.013873125 0.774334375
v 0.31281249999999994 1.013873125 0.774334375
v 0.49968749999999995 1.06747625 0.680529375
v 0.31281249999999994 1.06747625 0.680529375
v 0.49968749999999995 1.105379375 0.5656418750000001
v 0.31281249999999994 1.105379375 0.5656418750000001
v 0.49968749999999995 1.124999375 0.43750125
v 0.31281249999999994 1.124999375 0.43750125
v 0.49968749999999995 0.875 0.875
v 0.49968749999999995 0.948223125 0.840665
v 0.46864562499999995 1.124999375 0.43750125
v 0.46864562499999995 1.105379375 0.5656418750000001
v 0.34385437499999993 1.124999375 0.43750125
v 0.34385437499999993 1.105379375 0.5656418750000001
v 0.46864562499999995 1.06747625 0.680529375
v 0.34385437499999993 1.06747625 0.680529375
v 0.43739562499999995 1.013873125 0.774334375
v 0.37510437499999993 1.013873125 0.774334375
v 0.43739562499999995 0.948223125 0.840665
v 0.37510437499999993 0.948223125 0.840665
v 0.43739562499999995 0.875 0.875
v 0.37510437499999993 0.875 0.875
v 0.34385437499999993 1.1196825 0.4722275
v 0.31281249999999994 1.1196825 0.4722275
v 0.46864562499999995 1.1196825 0.4722275
v 0.49968749999999995 1.1196825 0.4722275
v 0.34385437499999993 1.08447 0.6290193749999999
v 0.31281249999999994 1.08447 0.6290193749999999
v 0.46864562499999995 1.08447 0.6290193749999999
v 0.49968749999999995 1.08447 0.6290193749999999
v 0.46848999999999996 1.103816875 0.5656418750000001
v 0.46848999999999996 1.118101875 0.472344375
v 0.3440099999999999 1.118101875 0.472344375
v 0.3440099999999999 1.103816875 0.5656418750000001
v 0.46848999999999996 1.08293375 0.62894
v 0.3440099999999999 1.08293375 0.62894
v 0.42187499999999994 1.40625 -0.09375
v 0.42187499999999994 1.40625 -0.15625
v 0.43124999999999997 1.375 -0.08437500000000009
v 0.43124999999999997 1.375 -0.1656249999999999
v 0.39062499999999994 1.40625 -0.09375
v 0.39062499999999994 1.40625 -0.15625
v 0.38125 1.375 -0.08437500000000009
v 0.38125 1.375 -0.1656249999999999
v 0.42187499999999994 1.40625 0.15625
v 0.42187499999999994 1.40625 0.09375
v 0.43124999999999997 1.375 0.16562500000000002
v 0.43124999999999997 1.375 0.08437499999999998
v 0.39062499999999994 1.40625 0.15625
v 0.39062499999999994 1.40625 0.09375
v 0.38125 1.375 0.16562500000000002
v 0.38125 1.375 0.08437499999999998
v 0.42187499999999994 1.40625 0.03125
v 0.42187499999999994 1.40625 -0.03125
v 0.43124999999999997 1.375 0.04062500000000002
v 0.43124999999999997 1.375 -0.04062500000000002
v 0.39062499999999994 1.40625 0.03125
v 0.39062499999999994 1.40625 -0.03125
v 0.38125 1.375 0.04062500000000002
v 0.38125 1.375 -0.04062500000000002
v 0.45312499999999994 1.375065 0.20345187499999995
v 0.45312499999999994 1.3511475 0.14570937500000003
v 0.45312499999999994 1.0863524999999998 0.32304062499999997
v 0.45312499999999994 1.062435 0.26529812500000005
v 0.35937499999999994 1.375065 0.20345187499999995
v 0.35937499999999994 1.3511475 0.14570937500000003
v 0.35937499999999994 1.0863524999999998 0.32304062499999997
v 0.35937499999999994 1.062435 0.26529812500000005
v 0.46874999999999994 1.390625 0.328125
v 0.46874999999999994 1.390625 -0.328125
v 0.46874999999999994 1.296875 0.328125
v 0.46874999999999994 1.296875 -0.328125
v 0.34374999999999994 1.390625 0.328125
v 0.34374999999999994 1.390625 -0.328125
v 0.34374999999999994 1.296875 0.328125
v 0.34374999999999994 1.296875 -0.328125
v 0.45312499999999994 1.3511475 -0.14570937500000003
v 0.45312499999999994 1.375065 -0.20345187500000006
v 0.45312499999999994 1.062435 -0.26529812499999994
v 0.45312499999999994 1.0863524999999998 -0.32304062499999997
v 0.35937499999999994 1.3511475 -0.14570937500000003
v 0.35937499999999994 1.375065 -0.20345187500000006
v 0.35937499999999994 1.062435 -0.26529812499999994
v 0.35937499999999994 1.0863524999999998 -0.32304062499999997
v 0.49968749999999995 0.874999375 -0.4375
v 0.31281249999999994 0.874999375 -0.4375
v 0.31281249999999994 0.875 -0.875
v 0.31281249999999994 0.948223125 -0.840665
v 0.49968749999999995 1.013873125 -0.774334375
v 0.31281249999999994 1.013873125 -0.774334375
v 0.49968749999999995 1.06747625 -0.6805293750000001
v 0.31281249999999994 1.06747625 -0.6805293750000001
v 0.49968749999999995 1.105379375 -0.5656418750000001
v 0.31281249999999994 1.105379375 -0.5656418750000001
v 0.49968749999999995 1.124999375 -0.43750124999999995
v 0.31281249999999994 1.124999375 -0.43750124999999995
v 0.49968749999999995 0.875 -0.875
v 0.49968749999999995 0.948223125 -0.840665
v 0.46864562499999995 1.124999375 -0.43750124999999995
v 0.46864562499999995 1.105379375 -0.5656418750000001
v 0.34385437499999993 1.124999375 -0.43750124999999995
v 0.34385437499999993 1.105379375 -0.5656418750000001
v 0.46864562499999995 1.06747625 -0.6805293750000001
v 0.34385437499999993 1.06747625 -0.6805293750000001
v 0.43739562499999995 1.013873125 -0.774334375
v 0.37510437499999993 1.013873125 -0.774334375
v 0.43739562499999995 0.948223125 -0.840665
v 0.37510437499999993 0.948223125 -0.840665
v 0.43739562499999995 0.875 -0.875
v 0.37510437499999993 0.875 -0.875
v 0.34385437499999993 1.1196825 -0.4722275
v 0.31281249999999994 1.1196825 -0.4722275
v 0.46864562499999995 1.1196825 -0.4722275
v 0.49968749999999995 1.1196825 -0.4722275
v 0.34385437499999993 1.08447 -0.6290193749999999
v 0.31281249999999994 1.08447 -0.6290193749999999
v 0.46864562499999995 1.08447 -0.6290193749999999
v 0.49968749999999995 1.08447 -0.6290193749999999
v 0.46848999999999996 1.102254375 -0.5656418750000001
v 0.46848999999999996 1.116539375 -0.47234437500000004
v 0.3440099999999999 1.116539375 -0.47234437500000004
v 0.3440099999999999 1.102254375 -0.5656418750000001
v 0.46848999999999996 1.08137125 -0.62894
v 0.3440099999999999 1.08137125 -0.62894
v 0.45312499999999994 1.015625 -0.875
v 0.48437499999999994 1.046875 -0.84375
v 0.45312499999999994 0.921875 -0.875
v 0.48437499999999994 0.890625 -0.84375
v 0.35937499999999994 1.015625 -0.875
v 0.32812499999999994 1.046875 -0.84375
v 0.35937499999999994 0.921875 -0.875
v 0.32812499999999994 0.890625 -0.84375
v 0.45312499999999994 1 -0.875
v 0.35937499999999994 1 -0.875
v 0.32812499999999994 1 -0.84375
v 0.48437499999999994 1 -0.84375
v 0.45312499999999994 0.9375 -0.875
v 0.35937499999999994 0.9375 -0.875
v 0.32812499999999994 0.9249999999999999 -0.84375
v 0.48437499999999994 0.9249999999999999 -0.84375
v 0.37499999999999994 0.9375 -0.8125
v 0.37499999999999994 1 -0.8125
v 0.37499999999999994 1.015625 -0.875
v 0.37499999999999994 1.046875 -0.84375
v 0.37499999999999994 1 -0.84375
v 0.37499999999999994 0.9249999999999999 -0.84375
v 0.37499999999999994 0.890625 -0.84375
v 0.37499999999999994 0.921875 -0.875
v 0.37499999999999994 1.03125 -0.859375
v 0.46874999999999994 1.03125 -0.859375
v 0.46874999999999994 1 -0.859375
v 0.46874999999999994 0.9312499999999999 -0.859375
v 0.46874999999999994 0.90625 -0.859375
v 0.37499999999999994 0.90625 -0.859375
v 0.34374999999999994 0.90625 -0.859375
v 0.34374999999999994 0.9312499999999999 -0.859375
v 0.34374999999999994 1 -0.859375
v 0.34374999999999994 1.03125 -0.859375
v 0.43749999999999994 1 -0.8125
v 0.43749999999999994 0.9375 -0.8125
v 0.43749999999999994 0.921875 -0.875
v 0.44375 0.90625 -0.859375
v 0.44999999999999996 0.890625 -0.84375
v 0.44999999999999996 0.9249999999999999 -0.84375
v 0.44999999999999996 1 -0.84375
v 0.44999999999999996 1.046875 -0.84375
v 0.44375 1.03125 -0.859375
v 0.43749999999999994 1.015625 -0.875
v 0.43906249999999997 1 -0.875
v 0.43906249999999997 0.9375 -0.875
v 0.43906249999999997 0.921875 -0.875
v 0.44999999999999996 0.90625 -0.859375
v 0.46093749999999994 0.890625 -0.84375
v 0.46093749999999994 0.9249999999999999 -0.84375
v 0.46093749999999994 1 -0.84375
v 0.46093749999999994 1.046875 -0.84375
v 0.44999999999999996 1.03125 -0.859375
v 0.43906249999999997 1.015625 -0.875
v 0.43749999999999994 1.0015625 -0.875
v 0.37499999999999994 1.0015625 -0.875
v 0.35937499999999994 1.0015625 -0.875
v 0.34374999999999994 1.009375 -0.859375
v 0.32812499999999994 1.0171875 -0.84375
v 0.37499999999999994 1.0171875 -0.84375
v 0.44999999999999996 1.0171875 -0.84375
v 0.46093749999999994 1.0171875 -0.84375
v 0.48437499999999994 1.0171875 -0.84375
v 0.46874999999999994 1.009375 -0.859375
v 0.45312499999999994 1.0015625 -0.875
v 0.43906249999999997 1.0015625 -0.875
v 0.43749999999999994 0.9359375 -0.875
v 0.37499999999999994 0.9359375 -0.875
v 0.35937499999999994 0.9359375 -0.875
v 0.34374999999999994 0.9249999999999999 -0.859375
v 0.32812499999999994 0.9140625 -0.84375
v 0.37499999999999994 0.9140625 -0.84375
v 0.44999999999999996 0.9140625 -0.84375
v 0.46093749999999994 0.9140625 -0.84375
v 0.48437499999999994 0.9140625 -0.84375
v 0.46874999999999994 0.9249999999999999 -0.859375
v 0.45312499999999994 0.9359375 -0.875
v 0.43906249999999997 0.9359375 -0.875
v 0.3734375 0.9375 -0.875
v 0.3734375 1 -0.875
v 0.3734375 1.0015625 -0.875
v 0.3734375 1.015625 -0.875
v 0.365625 1.03125 -0.859375
v 0.3578125 1.046875 -0.84375
v 0.3578125 1.0171875 -0.84375
v 0.3578125 1 -0.84375
v 0.3578125 0.9249999999999999 -0.84375
v 0.3578125 0.9140625 -0.84375
v 0.3578125 0.890625 -0.84375
v 0.365625 0.90625 -0.859375
v 0.3734375 0.921875 -0.875
v 0.3734375 0.9359375 -0.875
v 0.46874999999999994 1.0546875 -0.796875
v 0.46874999999999994 1.071875 -0.671875
v 0.34374999999999994 1.0546875 -0.796875
v 0.34374999999999994 1.071875 -0.671875
v 0.48437499999999994 1.046875 -0.84375
v 0.48437499999999994 1.078125 -0.625
v 0.48437499999999994 0.921875 -0.84375
v 0.48437499999999994 0.921875 -0.6875
v 0.32812499999999994 1.046875 -0.84375
v 0.32812499999999994 1.078125 -0.625
v 0.32812499999999994 0.921875 -0.84375
v 0.32812499999999994 0.921875 -0.6875
vt 0.015625 0.9875
vt 0.015625 1
vt 0 1
vt 0 0.9875
vt 0.015625 0.9875
vt 0.015625 1
vt 0 1
vt 0 0.9875
vt 0.01875 0.984375
vt 0.01875 1
vt 0 1
vt 0 0.984375
vt 0.01875 0.984375
vt 0.01875 1
vt 0 1
vt 0 0.984375
vt 0.01875 0.9875
vt 0.01875 1
vt 0 1
vt 0 0.9875
vt 0.01875 0.9875
vt 0.01875 1
vt 0 1
vt 0 0.9875
vt 0.015625 0.9703125
vt 0.015625 1
vt 0 1
vt 0 0.9703125
vt 0.015625 0.9703125
vt 0.015625 1
vt 0 1
vt 0 0.9703125
vt 0.125 0.984375
vt 0.125 1
vt 0 1
vt 0 0.984375
vt 0.125 0.984375
vt 0.125 1
vt 0 1
vt 0 0.984375
vt 0.125 0.9703125
vt 0.125 1
vt 0 1
vt 0 0.9703125
vt 0.125 0.9703125
vt 0.125 1
vt 0 1
vt 0 0.9703125
vt 0 1
vt 0 1
vt 0 0.9390625
vt 0 0.9390625
vt 0 1
vt 0 1
vt 0 0.9390625
vt 0 0.9390625
vt 0.125 1
vt 0.125 1
vt 0 1
vt 0 1
vt 0.125 1
vt 0.125 1
vt 0 1
vt 0 1
vt 0.125 0.9390625
vt 0.125 1
vt 0 1
vt 0 0.9390625
vt 0.125 0.9390625
vt 0.125 1
vt 0 1
vt 0 0.9390625
vt 0.015625 0.971875
vt 0.015625 1
vt 0 1
vt 0 0.971875
vt 0.015625 0.971875
vt 0.015625 1
vt 0 1
vt 0 0.971875
vt 0.125 0.984375
vt 0.125 1
vt 0 1
vt 0 0.984375
vt 0.125 0.984375
vt 0.125 1
vt 0 1
vt 0 0.984375
vt 0.125 0.971875
vt 0.125 1
vt 0 1
vt 0 0.971875
vt 0.125 0.971875
vt 0.125 1
vt 0 1
vt 0 0.971875
vt 0.015625 0.9875
vt 0.015625 1
vt 0 1
vt 0 0.9875
vt 0.015625 0.9875
vt 0.015625 1
vt 0 1
vt 0 0.9875
vt 0.01875 0.984375
vt 0.01875 1
vt 0 1
vt 0 0.984375
vt 0.01875 0.984375
vt 0.01875 1
vt 0 1
vt 0 0.984375
vt 0.01875 0.9875
vt 0.01875 1
vt 0 1
vt 0 0.9875
vt 0.01875 0.9875
vt 0.01875 1
vt 0 1
vt 0 0.9875
vt 0 1
vt 0.015625 1
vt 0.015625 0.9875
vt 0 0.9875
vt 0 1
vt 0.015625 1
vt 0.015625 0.9875
vt 0 0.9875
vt 0 1
vt 0.01875 1
vt 0.01875 0.984375
vt 0 0.984375
vt 0 1
vt 0.01875 1
vt 0.01875 0.984375
vt 0 0.984375
vt 0 1
vt 0.01875 1
vt 0.01875 0.9875
vt 0 0.9875
vt 0 1
vt 0.01875 1
vt 0.01875 0.9875
vt 0 0.9875
vt 0 1
vt 0.015625 1
vt 0.015625 0.9703125
vt 0 0.9703125
vt 0 1
vt 0.015625 1
vt 0.015625 0.9703125
vt 0 0.9703125
vt 0 1
vt 0.125 1
vt 0.125 0.984375
vt 0 0.984375
vt 0 1
vt 0.125 1
vt 0.125 0.984375
vt 0 0.984375
vt 0 1
vt 0.125 1
vt 0.125 0.9703125
vt 0 0.9703125
vt 0 1
vt 0.125 1
vt 0.125 0.9703125
vt 0 0.9703125
vt 0 1
vt 0 1
vt 0 0.9390625
vt 0 0.9390625
vt 0 1
vt 0 1
vt 0 0.9390625
vt 0 0.9390625
vt 0 1
vt 0.125 1
vt 0.125 1
vt 0 1
vt 0 1
vt 0.125 1
vt 0.125 1
vt 0 1
vt 0 1
vt 0.125 1
vt 0.125 0.9390625
vt 0 0.9390625
vt 0 1
vt 0.125 1
vt 0.125 0.9390625
vt 0 0.9390625
vt 0 1
vt 0.015625 1
vt 0.015625 0.971875
vt 0 0.971875
vt 0 1
vt 0.015625 1
vt 0.015625 0.971875
vt 0 0.971875
vt 0 1
vt 0.125 1
vt 0.125 0.984375
vt 0 0.984375
vt 0 1
vt 0.125 1
vt 0.125 0.984375
vt 0 0.984375
vt 0 1
vt 0.125 1
vt 0.125 0.971875
vt 0 0.971875
vt 0 1
vt 0.125 1
vt 0.125 0.971875
vt 0 0.971875
vt 0 1
vt 0.015625 1
vt 0.015625 0.9875
vt 0 0.9875
vt 0 1
vt 0.015625 1
vt 0.015625 0.9875
vt 0 0.9875
vt 0 1
vt 0.01875 1
vt 0.01875 0.984375
vt 0 0.984375
vt 0 1
vt 0.01875 1
vt 0.01875 0.984375
vt 0 0.984375
vt 0 1
vt 0.01875 1
vt 0.01875 0.9875
vt 0 0.9875
vt 0 1
vt 0.01875 1
vt 0.01875 0.9875
vt 0 0.9875
vt 0.0625 0.375
vt 0.0625 1
vt 0 1
vt 0 0.375
vt 0.0625 0.375
vt 0.0625 1
vt 0 1
vt 0 0.375
vt 0.03125 0.9375
vt 0.03125 1
vt 0 1
vt 0 0.9375
vt 0.03125 0.9375
vt 0.03125 1
vt 0 1
vt 0 0.9375
vt 0.03125 0.375
vt 0.03125 1
vt 0 1
vt 0 0.375
vt 0.03125 0.375
vt 0.03125 1
vt 0 1
vt 0 0.375
vt 2.5 -0.6875
vt 2.5 0.25
vt 3.25 0.25
vt 3.25 -0.6875
vt 3.3125 1
vt 3.3125 0.25
vt 3.25 0.25
vt 3.25 1
vt 3.375 0.25
vt 3.375 1
vt 3.3125 1
vt 3.3125 0.25
vt 4.0625 -0.6875
vt 4.0625 0.25
vt 4.125 0.25
vt 4.125 -0.6875
vt 3.25 -0.6875
vt 3.25 0.25
vt 3.3125 0.25
vt 3.3125 -0.6875
vt 4.375 -3.875
vt 4.375 -3
vt 3.75 -3
vt 3.75 -3.875
vt 5.1875 -3.875
vt 5.1875 -3
vt 4.5625 -3
vt 4.5625 -3.875
vt 4.375 -2.375
vt 4.375 -3
vt 4.5625 -3
vt 4.5625 -2.375
vt 4.5625 -3
vt 4.5625 -2.375
vt 4.75 -2.375
vt 4.75 -3
vt 5.375 -3.875
vt 5.375 -3
vt 5.1875 -3
vt 5.1875 -3.875
vt 1 0
vt 1 1
vt 0 1
vt 0 0
vt 4.375 -3.875
vt 4.375 -3
vt 3.75 -3
vt 3.75 -3.875
vt 5.1875 -3.875
vt 5.1875 -3
vt 4.5625 -3
vt 4.5625 -3.875
vt 4.375 -2.375
vt 4.375 -3
vt 4.5625 -3
vt 4.5625 -2.375
vt 4.5625 -3
vt 4.5625 -2.375
vt 4.75 -2.375
vt 4.75 -3
vt 5.375 -3.875
vt 5.375 -3
vt 5.1875 -3
vt 5.1875 -3.875
vt 4.375 -3.875
vt 4.375 -3
vt 3.75 -3
vt 3.75 -3.875
vt 5.1875 -3.875
vt 5.1875 -3
vt 4.5625 -3
vt 4.5625 -3.875
vt 4.375 -2.375
vt 4.375 -3
vt 4.5625 -3
vt 4.5625 -2.375
vt 4.5625 -3
vt 4.5625 -2.375
vt 4.75 -2.375
vt 4.75 -3
vt 5.375 -3.875
vt 5.375 -3
vt 5.1875 -3
vt 5.1875 -3.875
vt 4.375 -3.875
vt 4.375 -3
vt 3.75 -3
vt 3.75 -3.875
vt 5.1875 -3.875
vt 5.1875 -3
vt 4.5625 -3
vt 4.5625 -3.875
vt 4.375 -2.375
vt 4.375 -3
vt 4.5625 -3
vt 4.5625 -2.375
vt 4.5625 -3
vt 4.5625 -2.375
vt 4.75 -2.375
vt 4.75 -3
vt 5.375 -3.875
vt 5.375 -3
vt 5.1875 -3
vt 5.1875 -3.875
vt 1.25 -1
vt 1.25 -1.421875
vt 2.125 -1.421875
vt 2.125 -1
vt 2.3125 -1
vt 2.3125 -1.421875
vt 3.1875 -1.421875
vt 3.1875 -1
vt 2.125 -0.125
vt 2.125 -1
vt 2.3125 -1
vt 2.3125 -0.125
vt 2.3125 -1
vt 2.3125 -0.125
vt 2.5 -0.125
vt 2.5 -1
vt 3.1875 -1
vt 3.1875 -1.421875
vt 3.375 -1.421875
vt 3.375 -1
vt 2.125 -1
vt 2.125 -1.421875
vt 2.3125 -1.421875
vt 2.3125 -1
vt 2.3125 -2.125
vt 2.3125 -1.421875
vt 2.125 -1.421875
vt 2.125 -2.125
vt 2.125 -2.125
vt 2.125 -1.421875
vt 1.25 -1.421875
vt 1.25 -2.125
vt 3.375 -2.125
vt 3.375 -1.421875
vt 3.1875 -1.421875
vt 3.1875 -2.125
vt 3.1875 -2.125
vt 3.1875 -1.421875
vt 2.3125 -1.421875
vt 2.3125 -2.125
vt 4.375 -3.875
vt 4.375 -3
vt 3.75 -3
vt 3.75 -3.875
vt 5.1875 -3.875
vt 5.1875 -3
vt 4.5625 -3
vt 4.5625 -3.875
vt 4.375 -2.375
vt 4.375 -3
vt 4.5625 -3
vt 4.5625 -2.375
vt 4.5625 -3
vt 4.5625 -2.375
vt 4.75 -2.375
vt 4.75 -3
vt 5.375 -3.875
vt 5.375 -3
vt 5.1875 -3
vt 5.1875 -3.875
vt 4.5625 -3.875
vt 4.5625 -3
vt 4.375 -3
vt 4.375 -3.875
vt 3.75 -3
vt 4.375 -3
vt 4.375 -3.875
vt 3.75 -3.875
vt 4.5625 -3
vt 5.1875 -3
vt 5.1875 -3.875
vt 4.5625 -3.875
vt 4.5625 -3
vt 4.375 -3
vt 4.375 -2.375
vt 4.5625 -2.375
vt 4.75 -2.375
vt 4.5625 -2.375
vt 4.5625 -3
vt 4.75 -3
vt 5.1875 -3
vt 5.375 -3
vt 5.375 -3.875
vt 5.1875 -3.875
vt 0 1
vt 1 1
vt 1 0
vt 0 0
vt 3.75 -3
vt 4.375 -3
vt 4.375 -3.875
vt 3.75 -3.875
vt 4.5625 -3
vt 5.1875 -3
vt 5.1875 -3.875
vt 4.5625 -3.875
vt 4.5625 -3
vt 4.375 -3
vt 4.375 -2.375
vt 4.5625 -2.375
vt 4.75 -2.375
vt 4.5625 -2.375
vt 4.5625 -3
vt 4.75 -3
vt 5.1875 -3
vt 5.375 -3
vt 5.375 -3.875
vt 5.1875 -3.875
vt 3.75 -3
vt 4.375 -3
vt 4.375 -3.875
vt 3.75 -3.875
vt 4.5625 -3
vt 5.1875 -3
vt 5.1875 -3.875
vt 4.5625 -3.875
vt 4.5625 -3
vt 4.375 -3
vt 4.375 -2.375
vt 4.5625 -2.375
vt 4.75 -2.375
vt 4.5625 -2.375
vt 4.5625 -3
vt 4.75 -3
vt 5.1875 -3
vt 5.375 -3
vt 5.375 -3.875
vt 5.1875 -3.875
vt 3.75 -3
vt 4.375 -3
vt 4.375 -3.875
vt 3.75 -3.875
vt 4.5625 -3
vt 5.1875 -3
vt 5.1875 -3.875
vt 4.5625 -3.875
vt 4.5625 -3
vt 4.375 -3
vt 4.375 -2.375
vt 4.5625 -2.375
vt 4.75 -2.375
vt 4.5625 -2.375
vt 4.5625 -3
vt 4.75 -3
vt 5.1875 -3
vt 5.375 -3
vt 5.375 -3.875
vt 5.1875 -3.875
vt 0 1
vt 0 0.9609375
vt 0.015625 0.9609375
vt 0.015625 1
vt 0.015625 1
vt 0.015625 0.9609375
vt 0.03125 0.9609375
vt 0.03125 1
vt 0.078125 0.96875
vt 0.109375 0.96875
vt 0.109375 0.984375
vt 0.078125 0.984375
vt 0.078125 0.984375
vt 0.109375 0.984375
vt 0.109375 1
vt 0.078125 1
vt 0.078125 1
vt 0.078125 0.9609375
vt 0.109375 0.9609375
vt 0.109375 1
vt 0.046875 1
vt 0.046875 0.9609375
vt 0.078125 0.9609375
vt 0.078125 1
vt 0.078125 0.890625
vt 0.109375 0.890625
vt 0.109375 0.921875
vt 0.078125 0.921875
vt 0.03125 0.921875
vt 0.015625 0.921875
vt 0.015625 0.890625
vt 0.03125 0.890625
vt 0 0.890625
vt 0.015625 0.890625
vt 0.015625 0.921875
vt 0 0.921875
vt 0.078125 0.890625
vt 0.078125 0.8671875
vt 0.109375 0.8671875
vt 0.109375 0.890625
vt 0.015625 0.890625
vt 0.015625 0.8671875
vt 0.03125 0.8671875
vt 0.03125 0.890625
vt 0.046875 0.890625
vt 0.046875 0.8671875
vt 0.078125 0.8671875
vt 0.078125 0.890625
vt 0 0.890625
vt 0 0.8671875
vt 0.015625 0.8671875
vt 0.015625 0.890625
vt 0.078125 0.921875
vt 0.0390625 0.921875
vt 0.0390625 0.890625
vt 0.078125 0.890625
vt 0.078125 1
vt 0.0390625 1
vt 0.0390625 0.9609375
vt 0.078125 0.9609375
vt 0.078125 0.984375
vt 0.0390625 0.984375
vt 0.0390625 0.96875
vt 0.078125 0.96875
vt 0.078125 0.9609375
vt 0.1171875 0.9609375
vt 0.1171875 1
vt 0.078125 1
vt 0.078125 0.890625
vt 0.1171875 0.890625
vt 0.1171875 0.921875
vt 0.078125 0.921875
vt 0.078125 0.8671875
vt 0.1171875 0.8671875
vt 0.1171875 0.890625
vt 0.078125 0.890625
vt 0.078125 1
vt 0.0390625 1
vt 0.0390625 0.984375
vt 0.078125 0.984375
vt 0.078125 0.890625
vt 0.0390625 0.890625
vt 0.0390625 0.8671875
vt 0.078125 0.8671875
vt 0.078125 0.984375
vt 0.109375 0.984375
vt 0.109375 1
vt 0.078125 1
vt 0.015625 1
vt 0.015625 0.9609375
vt 0.03125 0.9609375
vt 0.03125 1
vt 0.03125 0.921875
vt 0.015625 0.921875
vt 0.015625 0.890625
vt 0.03125 0.890625
vt 0.015625 0.890625
vt 0.015625 0.8671875
vt 0.03125 0.8671875
vt 0.03125 0.890625
vt 0.078125 0.96875
vt 0.109375 0.96875
vt 0.109375 0.984375
vt 0.078125 0.984375
vt 0.078125 0.984375
vt 0.0390625 0.984375
vt 0.0390625 0.96875
vt 0.078125 0.96875
vt 0 0.890625
vt 0 0.8671875
vt 0.015625 0.8671875
vt 0.015625 0.890625
vt 0 0.890625
vt 0.015625 0.890625
vt 0.015625 0.921875
vt 0 0.921875
vt 0 1
vt 0 0.9609375
vt 0.015625 0.9609375
vt 0.015625 1
vt 0.078125 1
vt 0.0390625 1
vt 0.0390625 0.984375
vt 0.078125 0.984375
vt 0.109375 0.890625
vt 0.1328125 0.890625
vt 0.1328125 0.921875
vt 0.109375 0.921875
vt 0.109375 0.890625
vt 0.109375 0.8671875
vt 0.1328125 0.8671875
vt 0.1328125 0.890625
vt 0.109375 0.984375
vt 0.1328125 0.984375
vt 0.1328125 1
vt 0.109375 1
vt 0.109375 0.96875
vt 0.1328125 0.96875
vt 0.1328125 0.984375
vt 0.109375 0.984375
vt 0.0234375 0.890625
vt 0.0234375 0.8671875
vt 0.046875 0.8671875
vt 0.046875 0.890625
vt 0.046875 0.921875
vt 0.0234375 0.921875
vt 0.0234375 0.890625
vt 0.046875 0.890625
vt 0.0234375 1
vt 0.0234375 0.9609375
vt 0.046875 0.9609375
vt 0.046875 1
vt 0.109375 0.984375
vt 0.1328125 0.984375
vt 0.1328125 1
vt 0.109375 1
vt 0.109375 0.96875
vt 0.1328125 0.96875
vt 0.1328125 0.984375
vt 0.109375 0.984375
vt 0.109375 1
vt 0.109375 0.9609375
vt 0.1328125 0.9609375
vt 0.1328125 1
vt 0.15625 0.921875
vt 0.1328125 0.921875
vt 0.1328125 0.890625
vt 0.15625 0.890625
vt 0.1328125 0.890625
vt 0.1328125 0.8671875
vt 0.15625 0.8671875
vt 0.15625 0.890625
vt 0.15625 1
vt 0.1328125 1
vt 0.1328125 0.984375
vt 0.15625 0.984375
vt 0.15625 0.984375
vt 0.1328125 0.984375
vt 0.1328125 0.96875
vt 0.15625 0.96875
vt 0 0.890625
vt 0 0.8671875
vt 0.0234375 0.8671875
vt 0.0234375 0.890625
vt 0 0.890625
vt 0.0234375 0.890625
vt 0.0234375 0.921875
vt 0 0.921875
vt 0 1
vt 0 0.9609375
vt 0.0234375 0.9609375
vt 0.0234375 1
vt 0.15625 1
vt 0.1328125 1
vt 0.1328125 0.984375
vt 0.15625 0.984375
vt 0.15625 0.984375
vt 0.1328125 0.984375
vt 0.1328125 0.96875
vt 0.15625 0.96875
vt 0.1328125 1
vt 0.1328125 0.9609375
vt 0.15625 0.9609375
vt 0.15625 1
vt 0.109375 0.921875
vt 0.109375 0.9609375
vt 0.078125 0.9609375
vt 0.078125 0.921875
vt 0.078125 0.9609375
vt 0.0390625 0.9609375
vt 0.0390625 0.921875
vt 0.078125 0.921875
vt 0.03125 0.921875
vt 0.03125 0.9609375
vt 0.015625 0.9609375
vt 0.015625 0.921875
vt 0.015625 0.921875
vt 0.015625 0.9609375
vt 0 0.9609375
vt 0 0.921875
vt 0.078125 0.921875
vt 0.1171875 0.921875
vt 0.1171875 0.9609375
vt 0.078125 0.9609375
vt 0.078125 0.921875
vt 0.078125 0.9609375
vt 0.046875 0.9609375
vt 0.046875 0.921875
vt 0.046875 0.921875
vt 0.046875 0.9609375
vt 0.0234375 0.9609375
vt 0.0234375 0.921875
vt 0.0234375 0.921875
vt 0.0234375 0.9609375
vt 0 0.9609375
vt 0 0.921875
vt 0.03125 0.921875
vt 0.03125 0.9609375
vt 0.015625 0.9609375
vt 0.015625 0.921875
vt 0.015625 0.921875
vt 0.015625 0.9609375
vt 0 0.9609375
vt 0 0.921875
vt 0.15625 0.921875
vt 0.15625 0.9609375
vt 0.1328125 0.9609375
vt 0.1328125 0.921875
vt 0.1328125 0.921875
vt 0.1328125 0.9609375
vt 0.109375 0.9609375
vt 0.109375 0.921875
vt 0.109375 0.84375
vt 0.109375 0.8671875
vt 0.078125 0.8671875
vt 0.078125 0.84375
vt 0.078125 0.8671875
vt 0.0390625 0.8671875
vt 0.0390625 0.84375
vt 0.078125 0.84375
vt 0.03125 0.84375
vt 0.03125 0.8671875
vt 0.015625 0.8671875
vt 0.015625 0.84375
vt 0.015625 0.84375
vt 0.015625 0.8671875
vt 0 0.8671875
vt 0 0.84375
vt 0.078125 0.84375
vt 0.1171875 0.84375
vt 0.1171875 0.8671875
vt 0.078125 0.8671875
vt 0.078125 0.84375
vt 0.078125 0.8671875
vt 0.046875 0.8671875
vt 0.046875 0.84375
vt 0.046875 0.84375
vt 0.046875 0.8671875
vt 0.0234375 0.8671875
vt 0.0234375 0.84375
vt 0.0234375 0.84375
vt 0.0234375 0.8671875
vt 0 0.8671875
vt 0 0.84375
vt 0.03125 0.84375
vt 0.03125 0.8671875
vt 0.015625 0.8671875
vt 0.015625 0.84375
vt 0.015625 0.84375
vt 0.015625 0.8671875
vt 0 0.8671875
vt 0 0.84375
vt 0.15625 0.84375
vt 0.15625 0.8671875
vt 0.1328125 0.8671875
vt 0.1328125 0.84375
vt 0.1328125 0.84375
vt 0.1328125 0.8671875
vt 0.109375 0.8671875
vt 0.109375 0.84375
vt 0 0.890625
vt 0.0390625 0.890625
vt 0.0390625 0.921875
vt 0 0.921875
vt 0 0.921875
vt 0.0390625 0.921875
vt 0.0390625 0.9609375
vt 0 0.9609375
vt 0 0.9609375
vt 0.0390625 0.9609375
vt 0.0390625 1
vt 0 1
vt 0 0.96875
vt 0.0390625 0.96875
vt 0.0390625 0.984375
vt 0 0.984375
vt 0 0.984375
vt 0.0390625 0.984375
vt 0.0390625 1
vt 0 1
vt 0.15625 1
vt 0.1171875 1
vt 0.1171875 0.9609375
vt 0.15625 0.9609375
vt 0.15625 0.9609375
vt 0.1171875 0.9609375
vt 0.1171875 0.921875
vt 0.15625 0.921875
vt 0.15625 0.921875
vt 0.1171875 0.921875
vt 0.1171875 0.890625
vt 0.15625 0.890625
vt 0.15625 0.890625
vt 0.1171875 0.890625
vt 0.1171875 0.8671875
vt 0.15625 0.8671875
vt 0.15625 0.8671875
vt 0.1171875 0.8671875
vt 0.1171875 0.84375
vt 0.15625 0.84375
vt 0 0.96875
vt 0.0390625 0.96875
vt 0.0390625 0.984375
vt 0 0.984375
vt 0 0.984375
vt 0.0390625 0.984375
vt 0.0390625 1
vt 0 1
vt 0 0.84375
vt 0.0390625 0.84375
vt 0.0390625 0.8671875
vt 0 0.8671875
vt 0 0.8671875
vt 0.0390625 0.8671875
vt 0.0390625 0.890625
vt 0 0.890625
vt 1 0
vt 1 1
vt 0 1
vt 0 0
vt 0.15625 0.875
vt 0.15625 1
vt 0 1
vt 0 0.875
vt 0.15625 0.875
vt 0.15625 1
vt 0 1
vt 0 0.875
vt 0.15625 0.84375
vt 0.15625 1
vt 0 1
vt 0 0.84375
vt 0.15625 0.84375
vt 0.15625 1
vt 0 1
vt 0 0.84375
vt 0.15625 0.875
vt 0.15625 1
vt 0 1
vt 0 0.875
vt 0.15625 0.875
vt 0.15625 1
vt 0 1
vt 0 0.875
vt 0 0.495685625
vt 0.13052875 0.512870625
vt 0 1
vt 0 0.495685625
vt 0.13052375 0.512869375
vt 0 1
vt 0 1
vt 0 0.833333125
vt 0.13165 0.833333125
vt 0.13165 1
vt 0 0.495685625
vt 0.130528125 0.512870625
vt 0 1
vt 0 0.86947625
vt 0.49661 0.927996875
vt 0.487130625 1
vt 0 1
vt 0.058520625 0.50339
vt 0.13052375 0.512869375
vt 0 0.86947125
vt 0.49178625 0.96462625
vt 0.487129375 1
vt 0 1
vt 0.095155 0.5082131249999999
vt 0.13052875 0.512870625
vt 0 1
vt 0 0.833333125
vt 0.13165 0.833333125
vt 0.13165 1
vt 0 1
vt 0 0.833333125
vt 0.13165 0.833333125
vt 0.13165 1
vt 0.13165 1
vt 0.059025625 1
vt 0.059025625 0.833333125
vt 0.13165 0.833333125
vt 0.13165 1
vt 0.0959725 1
vt 0.0959725 0.833333125
vt 0.13165 0.833333125
vt 0.504314375 0.869471875
vt 0.487129375 1
vt 0 0.869471875
vt 0.504314375 0.86947625
vt 0.487130625 1
vt 0 0.86947625
vt 0.504314375 0.86947125
vt 0.487129375 1
vt 0 0.86947125
vt 0.13165 0.666666875
vt 0.0959725 0.666666875
vt 0.0959725 0.5
vt 0.13165 0.5
vt 0.13165 0.833333125
vt 0.0959725 0.833333125
vt 0.0959725 0.666666875
vt 0.13165 0.666666875
vt 0.13165 0.666666875
vt 0.059025625 0.666666875
vt 0.059025625 0.5
vt 0.13165 0.5
vt 0 0.421875
vt 0 0.0703125
vt 1 0.0703125
vt 1 0.421875
vt 0.13165 0.5
vt 0.13165 0.666666875
vt 0 0.666666875
vt 0 0.5
vt 0.13165 0.666666875
vt 0.13165 0.833333125
vt 0 0.833333125
vt 0 0.666666875
vt 0.13165 0.5
vt 0.13165 0.666666875
vt 0 0.666666875
vt 0 0.5
vt 0.13165 0.666666875
vt 0.13165 0.833333125
vt 0 0.833333125
vt 0 0.666666875
vt 0.13165 0.5
vt 0.13165 0.666666875
vt 0 0.666666875
vt 0 0.5
vt 0.13165 0.666666875
vt 0.13165 0.833333125
vt 0 0.833333125
vt 0 0.666666875
vt 0 0.833333125
vt 0.0959725 0.833333125
vt 0.0959725 1
vt 0 1
vt 0 0.495685625
vt 0.095155 0.5082131249999999
vt 0 1
vt 1 0.4140625
vt 1 1
vt 0 1
vt 0 0.4140625
vt 0 0.5
vt 0.0959725 0.5
vt 0.0959725 0.666666875
vt 0 0.666666875
vt 0.504314375 0.86947125
vt 0.49178625 0.96462625
vt 0 0.86947125
vt 0 0.833333125
vt 0.059025625 0.833333125
vt 0.059025625 1
vt 0 1
vt 0 0.495685625
vt 0.058520625 0.50339
vt 0 1
vt 0 0.666666875
vt 0.059025625 0.666666875
vt 0.059025625 0.833333125
vt 0 0.833333125
vt 0 0.5
vt 0.059025625 0.5
vt 0.059025625 0.666666875
vt 0 0.666666875
vt 0.504314375 0.86947625
vt 0.49661 0.927996875
vt 0 0.86947625
vt 0.0625 0.68738125
vt 0.0625 0.593
vt 0.06265625 0.593
vt 0.06265625 0.6875
vt 0.06265625 0.74988125
vt 0.18713125 0.74988125
vt 0.1872875 0.75
vt 0.0625 0.75
vt 0.06265625 0.7805
vt 0.06265625 0.87488125
vt 0.0625 0.875
vt 0.0625 0.7805
vt 0.12515625 0.80834375
vt 0.12515625 0.875
vt 0.125 0.875
vt 0.125 0.8082625
vt 0.12463125 0.75
vt 0.00015625 0.75
vt 0 0.74991875
vt 0.1247875 0.74991875
vt 0.125 0.6875
vt 0.125 0.62084375
vt 0.12515625 0.6207625
vt 0.12515625 0.6875
vt 0.375 0.8125
vt 0.4375 0.875
vt 0.4375 0.8125
vt 0.375 0.75
vt 0.375 0.875
vt 0.4375 0.9375
vt 0.4375 0.875
vt 0.375 0.8125
vt 0.375 0.875
vt 0.4375 0.875
vt 0.375 0.75
vt 0.375 0.8125
vt 5.125 0.25
vt 5.125 1
vt 5 1
vt 5 0.25
vt 0.375 0.875
vt 0.4375 0.9375
vt 0.4375 0.875
vt 0.375 0.8125
vt 0.375 0.875
vt 0.4375 0.9375
vt 0.4375 0.875
vt 0.375 0.8125
vt 0.8125 0.625
vt 0.875 0.75
vt 0.875 0.6875
vt 0.875 0.625
vt 0.8125 0.8125
vt 0.75 0.875
vt 0.8125 0.875
vt 0.875 0.8125
vt 0.8125 0.625
vt 0.8125 0.5625
vt 0.8125 0.5
vt 0.8125 0.5625
vt 5.125 0.25
vt 5.125 1
vt 5 1
vt 5 0.25
vt 0.8125 0.75
vt 0.75 0.8125
vt 0.8125 0.8125
vt 0.875 0.75
vt 0.8125 1
vt 0.8125 1
vt 0.8125 1
vt 0.8125 1
vt 0.0625 0.9375
vt 0.0625 0.9375
vt 0.0625 0.9375
vt 0.0625 0.9375
vt 0.0625 0.9375
vt 0.0625 0.9375
vt 0.0625 0.9375
vt 0.0625 0.9375
vt 0.0625 1
vt 0.0625 0.9375
vt 0.0625 0.9375
vt 0.0625 1
vt 5.125 0.25
vt 5.125 1
vt 5 1
vt 5 0.25
vt 0.0625 0.9375
vt 0.0625 0.9375
vt 0.0625 0.9375
vt 0.0625 0.9375
vt 0.0625 0.9375
vt 0.0625 0.9375
vt 0.0625 0.9375
vt 0.0625 0.9375
vt 2.5 0.4375
vt 2.5 0.75
vt 2.5625 0.75
vt 2.5625 0.4375
vt 2.375 0.4375
vt 2.375 0.75
vt 2.4375 0.75
vt 2.4375 0.4375
vt 2.5 0.8125
vt 2.5 0.75
vt 2.4375 0.75
vt 2.4375 0.8125
vt 2.5625 0.75
vt 2.5625 0.8125
vt 2.5 0.8125
vt 2.5 0.75
vt 2.5625 0.4375
vt 2.5625 0.75
vt 2.625 0.75
vt 2.625 0.4375
vt 2.4375 0.4375
vt 2.4375 0.75
vt 2.5 0.75
vt 2.5 0.4375
vt 5 0.1875
vt 5 0.25
vt 5.75 0.25
vt 5.75 0.1875
vt 4.125 0.1875
vt 4.125 0.25
vt 4.875 0.25
vt 4.875 0.1875
vt 5 1
vt 5 0.25
vt 4.875 0.25
vt 4.875 1
vt 5.125 0.25
vt 5.125 1
vt 5 1
vt 5 0.25
vt 5.75 0.1875
vt 5.75 0.25
vt 5.875 0.25
vt 5.875 0.1875
vt 4.875 0.1875
vt 4.875 0.25
vt 5 0.25
vt 5 0.1875
vt 2.5 0.4375
vt 2.5 0.75
vt 2.5625 0.75
vt 2.5625 0.4375
vt 2.375 0.4375
vt 2.375 0.75
vt 2.4375 0.75
vt 2.4375 0.4375
vt 2.5 0.8125
vt 2.5 0.75
vt 2.4375 0.75
vt 2.4375 0.8125
vt 2.5625 0.75
vt 2.5625 0.8125
vt 2.5 0.8125
vt 2.5 0.75
vt 2.5625 0.4375
vt 2.5625 0.75
vt 2.625 0.75
vt 2.625 0.4375
vt 2.4375 0.4375
vt 2.4375 0.75
vt 2.5 0.75
vt 2.5 0.4375
vt 0.13052875 0.512870625
vt 0 0.495685625
vt 0 1
vt 0.13052375 0.512869375
vt 0 0.495685625
vt 0 1
vt 0.13165 0.833333125
vt 0 0.833333125
vt 0 1
vt 0.13165 1
vt 0.130528125 0.512870625
vt 0 0.495685625
vt 0 1
vt 0.49661 0.927996875
vt 0 0.86947625
vt 0.487130625 1
vt 0.058520625 0.50339
vt 0 1
vt 0.13052375 0.512869375
vt 0.49178625 0.96462625
vt 0 0.86947125
vt 0.487129375 1
vt 0.095155 0.5082131249999999
vt 0 1
vt 0.13052875 0.512870625
vt 0.13165 0.833333125
vt 0 0.833333125
vt 0 1
vt 0.13165 1
vt 0.13165 0.833333125
vt 0 0.833333125
vt 0 1
vt 0.13165 1
vt 0.059025625 0.833333125
vt 0.059025625 1
vt 0.13165 1
vt 0.13165 0.833333125
vt 0.0959725 0.833333125
vt 0.0959725 1
vt 0.13165 1
vt 0.13165 0.833333125
vt 0.487129375 1
vt 0.504314375 0.869471875
vt 0 0.869471875
vt 0.487130625 1
vt 0.504314375 0.86947625
vt 0 0.86947625
vt 0.487129375 1
vt 0.504314375 0.86947125
vt 0 0.86947125
vt 0.0959725 0.5
vt 0.0959725 0.666666875
vt 0.13165 0.666666875
vt 0.13165 0.5
vt 0.0959725 0.666666875
vt 0.0959725 0.833333125
vt 0.13165 0.833333125
vt 0.13165 0.666666875
vt 0.059025625 0.5
vt 0.059025625 0.666666875
vt 0.13165 0.666666875
vt 0.13165 0.5
vt 0 0.0703125
vt 1 0.0703125
vt 1 0.421875
vt 0 0.421875
vt 0 0.666666875
vt 0.13165 0.666666875
vt 0.13165 0.5
vt 0 0.5
vt 0 0.833333125
vt 0.13165 0.833333125
vt 0.13165 0.666666875
vt 0 0.666666875
vt 0 0.666666875
vt 0.13165 0.666666875
vt 0.13165 0.5
vt 0 0.5
vt 0 0.833333125
vt 0.13165 0.833333125
vt 0.13165 0.666666875
vt 0 0.666666875
vt 0 0.666666875
vt 0.13165 0.666666875
vt 0.13165 0.5
vt 0 0.5
vt 0 0.833333125
vt 0.13165 0.833333125
vt 0.13165 0.666666875
vt 0 0.666666875
vt 0.0959725 1
vt 0.0959725 0.833333125
vt 0 0.833333125
vt 0 1
vt 0.095155 0.5082131249999999
vt 0 0.495685625
vt 0 1
vt 1 1
vt 0 1
vt 0 0.4140625
vt 1 0.4140625
vt 0.0959725 0.666666875
vt 0.0959725 0.5
vt 0 0.5
vt 0 0.666666875
vt 0.49178625 0.96462625
vt 0.504314375 0.86947125
vt 0 0.86947125
vt 0.059025625 1
vt 0.059025625 0.833333125
vt 0 0.833333125
vt 0 1
vt 0.058520625 0.50339
vt 0 0.495685625
vt 0 1
vt 0.059025625 0.833333125
vt 0.059025625 0.666666875
vt 0 0.666666875
vt 0 0.833333125
vt 0.059025625 0.666666875
vt 0.059025625 0.5
vt 0 0.5
vt 0 0.666666875
vt 0.49661 0.927996875
vt 0.504314375 0.86947625
vt 0 0.86947625
vt 0.06265625 0.593
vt 0.0625 0.593
vt 0.0625 0.68738125
vt 0.06265625 0.6875
vt 0.1872875 0.75
vt 0.18713125 0.74988125
vt 0.06265625 0.74988125
vt 0.0625 0.75
vt 0.0625 0.875
vt 0.06265625 0.87488125
vt 0.06265625 0.7805
vt 0.0625 0.7805
vt 0.125 0.875
vt 0.12515625 0.875
vt 0.12515625 0.80834375
vt 0.125 0.8082625
vt 0 0.74991875
vt 0.00015625 0.75
vt 0.12463125 0.75
vt 0.1247875 0.74991875
vt 0.12515625 0.6207625
vt 0.125 0.62084375
vt 0.125 0.6875
vt 0.12515625 0.6875
vt 0.015625 0.9609375
vt 0 0.9609375
vt 0 1
vt 0.015625 1
vt 0.03125 0.9609375
vt 0.015625 0.9609375
vt 0.015625 1
vt 0.03125 1
vt 0.109375 0.984375
vt 0.109375 0.96875
vt 0.078125 0.96875
vt 0.078125 0.984375
vt 0.109375 1
vt 0.109375 0.984375
vt 0.078125 0.984375
vt 0.078125 1
vt 0.109375 0.9609375
vt 0.078125 0.9609375
vt 0.078125 1
vt 0.109375 1
vt 0.078125 0.9609375
vt 0.046875 0.9609375
vt 0.046875 1
vt 0.078125 1
vt 0.109375 0.921875
vt 0.109375 0.890625
vt 0.078125 0.890625
vt 0.078125 0.921875
vt 0.015625 0.890625
vt 0.015625 0.921875
vt 0.03125 0.921875
vt 0.03125 0.890625
vt 0.015625 0.921875
vt 0.015625 0.890625
vt 0 0.890625
vt 0 0.921875
vt 0.109375 0.8671875
vt 0.078125 0.8671875
vt 0.078125 0.890625
vt 0.109375 0.890625
vt 0.03125 0.8671875
vt 0.015625 0.8671875
vt 0.015625 0.890625
vt 0.03125 0.890625
vt 0.078125 0.8671875
vt 0.046875 0.8671875
vt 0.046875 0.890625
vt 0.078125 0.890625
vt 0.015625 0.8671875
vt 0 0.8671875
vt 0 0.890625
vt 0.015625 0.890625
vt 0.0390625 0.890625
vt 0.0390625 0.921875
vt 0.078125 0.921875
vt 0.078125 0.890625
vt 0.0390625 0.9609375
vt 0.0390625 1
vt 0.078125 1
vt 0.078125 0.9609375
vt 0.0390625 0.96875
vt 0.0390625 0.984375
vt 0.078125 0.984375
vt 0.078125 0.96875
vt 0.1171875 1
vt 0.1171875 0.9609375
vt 0.078125 0.9609375
vt 0.078125 1
vt 0.1171875 0.921875
vt 0.1171875 0.890625
vt 0.078125 0.890625
vt 0.078125 0.921875
vt 0.1171875 0.890625
vt 0.1171875 0.8671875
vt 0.078125 0.8671875
vt 0.078125 0.890625
vt 0.0390625 0.984375
vt 0.0390625 1
vt 0.078125 1
vt 0.078125 0.984375
vt 0.0390625 0.8671875
vt 0.0390625 0.890625
vt 0.078125 0.890625
vt 0.078125 0.8671875
vt 0.109375 1
vt 0.109375 0.984375
vt 0.078125 0.984375
vt 0.078125 1
vt 0.03125 0.9609375
vt 0.015625 0.9609375
vt 0.015625 1
vt 0.03125 1
vt 0.015625 0.890625
vt 0.015625 0.921875
vt 0.03125 0.921875
vt 0.03125 0.890625
vt 0.03125 0.8671875
vt 0.015625 0.8671875
vt 0.015625 0.890625
vt 0.03125 0.890625
vt 0.109375 0.984375
vt 0.109375 0.96875
vt 0.078125 0.96875
vt 0.078125 0.984375
vt 0.0390625 0.96875
vt 0.0390625 0.984375
vt 0.078125 0.984375
vt 0.078125 0.96875
vt 0.015625 0.8671875
vt 0 0.8671875
vt 0 0.890625
vt 0.015625 0.890625
vt 0.015625 0.921875
vt 0.015625 0.890625
vt 0 0.890625
vt 0 0.921875
vt 0.015625 0.9609375
vt 0 0.9609375
vt 0 1
vt 0.015625 1
vt 0.0390625 0.984375
vt 0.0390625 1
vt 0.078125 1
vt 0.078125 0.984375
vt 0.1328125 0.921875
vt 0.1328125 0.890625
vt 0.109375 0.890625
vt 0.109375 0.921875
vt 0.1328125 0.8671875
vt 0.109375 0.8671875
vt 0.109375 0.890625
vt 0.1328125 0.890625
vt 0.1328125 1
vt 0.1328125 0.984375
vt 0.109375 0.984375
vt 0.109375 1
vt 0.1328125 0.984375
vt 0.1328125 0.96875
vt 0.109375 0.96875
vt 0.109375 0.984375
vt 0.046875 0.8671875
vt 0.0234375 0.8671875
vt 0.0234375 0.890625
vt 0.046875 0.890625
vt 0.0234375 0.890625
vt 0.0234375 0.921875
vt 0.046875 0.921875
vt 0.046875 0.890625
vt 0.046875 0.9609375
vt 0.0234375 0.9609375
vt 0.0234375 1
vt 0.046875 1
vt 0.1328125 1
vt 0.1328125 0.984375
vt 0.109375 0.984375
vt 0.109375 1
vt 0.1328125 0.984375
vt 0.1328125 0.96875
vt 0.109375 0.96875
vt 0.109375 0.984375
vt 0.1328125 0.9609375
vt 0.109375 0.9609375
vt 0.109375 1
vt 0.1328125 1
vt 0.1328125 0.890625
vt 0.1328125 0.921875
vt 0.15625 0.921875
vt 0.15625 0.890625
vt 0.15625 0.8671875
vt 0.1328125 0.8671875
vt 0.1328125 0.890625
vt 0.15625 0.890625
vt 0.1328125 0.984375
vt 0.1328125 1
vt 0.15625 1
vt 0.15625 0.984375
vt 0.1328125 0.96875
vt 0.1328125 0.984375
vt 0.15625 0.984375
vt 0.15625 0.96875
vt 0.0234375 0.8671875
vt 0 0.8671875
vt 0 0.890625
vt 0.0234375 0.890625
vt 0.0234375 0.921875
vt 0.0234375 0.890625
vt 0 0.890625
vt 0 0.921875
vt 0.0234375 0.9609375
vt 0 0.9609375
vt 0 1
vt 0.0234375 1
vt 0.1328125 0.984375
vt 0.1328125 1
vt 0.15625 1
vt 0.15625 0.984375
vt 0.1328125 0.96875
vt 0.1328125 0.984375
vt 0.15625 0.984375
vt 0.15625 0.96875
vt 0.15625 0.9609375
vt 0.1328125 0.9609375
vt 0.1328125 1
vt 0.15625 1
vt 0.078125 0.9609375
vt 0.109375 0.9609375
vt 0.109375 0.921875
vt 0.078125 0.921875
vt 0.0390625 0.921875
vt 0.0390625 0.9609375
vt 0.078125 0.9609375
vt 0.078125 0.921875
vt 0.015625 0.9609375
vt 0.03125 0.9609375
vt 0.03125 0.921875
vt 0.015625 0.921875
vt 0 0.9609375
vt 0.015625 0.9609375
vt 0.015625 0.921875
vt 0 0.921875
vt 0.1171875 0.9609375
vt 0.1171875 0.921875
vt 0.078125 0.921875
vt 0.078125 0.9609375
vt 0.046875 0.9609375
vt 0.078125 0.9609375
vt 0.078125 0.921875
vt 0.046875 0.921875
vt 0.0234375 0.9609375
vt 0.046875 0.9609375
vt 0.046875 0.921875
vt 0.0234375 0.921875
vt 0 0.9609375
vt 0.0234375 0.9609375
vt 0.0234375 0.921875
vt 0 0.921875
vt 0.015625 0.9609375
vt 0.03125 0.9609375
vt 0.03125 0.921875
vt 0.015625 0.921875
vt 0 0.9609375
vt 0.015625 0.9609375
vt 0.015625 0.921875
vt 0 0.921875
vt 0.1328125 0.9609375
vt 0.15625 0.9609375
vt 0.15625 0.921875
vt 0.1328125 0.921875
vt 0.109375 0.9609375
vt 0.1328125 0.9609375
vt 0.1328125 0.921875
vt 0.109375 0.921875
vt 0.078125 0.8671875
vt 0.109375 0.8671875
vt 0.109375 0.84375
vt 0.078125 0.84375
vt 0.0390625 0.84375
vt 0.0390625 0.8671875
vt 0.078125 0.8671875
vt 0.078125 0.84375
vt 0.015625 0.8671875
vt 0.03125 0.8671875
vt 0.03125 0.84375
vt 0.015625 0.84375
vt 0 0.8671875
vt 0.015625 0.8671875
vt 0.015625 0.84375
vt 0 0.84375
vt 0.1171875 0.8671875
vt 0.1171875 0.84375
vt 0.078125 0.84375
vt 0.078125 0.8671875
vt 0.046875 0.8671875
vt 0.078125 0.8671875
vt 0.078125 0.84375
vt 0.046875 0.84375
vt 0.0234375 0.8671875
vt 0.046875 0.8671875
vt 0.046875 0.84375
vt 0.0234375 0.84375
vt 0 0.8671875
vt 0.0234375 0.8671875
vt 0.0234375 0.84375
vt 0 0.84375
vt 0.015625 0.8671875
vt 0.03125 0.8671875
vt 0.03125 0.84375
vt 0.015625 0.84375
vt 0 0.8671875
vt 0.015625 0.8671875
vt 0.015625 0.84375
vt 0 0.84375
vt 0.1328125 0.8671875
vt 0.15625 0.8671875
vt 0.15625 0.84375
vt 0.1328125 0.84375
vt 0.109375 0.8671875
vt 0.1328125 0.8671875
vt 0.1328125 0.84375
vt 0.109375 0.84375
vt 0.0390625 0.921875
vt 0.0390625 0.890625
vt 0 0.890625
vt 0 0.921875
vt 0.0390625 0.9609375
vt 0.0390625 0.921875
vt 0 0.921875
vt 0 0.9609375
vt 0.0390625 1
vt 0.0390625 0.9609375
vt 0 0.9609375
vt 0 1
vt 0.0390625 0.984375
vt 0.0390625 0.96875
vt 0 0.96875
vt 0 0.984375
vt 0.0390625 1
vt 0.0390625 0.984375
vt 0 0.984375
vt 0 1
vt 0.1171875 0.9609375
vt 0.1171875 1
vt 0.15625 1
vt 0.15625 0.9609375
vt 0.1171875 0.921875
vt 0.1171875 0.9609375
vt 0.15625 0.9609375
vt 0.15625 0.921875
vt 0.1171875 0.890625
vt 0.1171875 0.921875
vt 0.15625 0.921875
vt 0.15625 0.890625
vt 0.1171875 0.8671875
vt 0.1171875 0.890625
vt 0.15625 0.890625
vt 0.15625 0.8671875
vt 0.1171875 0.84375
vt 0.1171875 0.8671875
vt 0.15625 0.8671875
vt 0.15625 0.84375
vt 0.0390625 0.984375
vt 0.0390625 0.96875
vt 0 0.96875
vt 0 0.984375
vt 0.0390625 1
vt 0.0390625 0.984375
vt 0 0.984375
vt 0 1
vt 0.0390625 0.8671875
vt 0.0390625 0.84375
vt 0 0.84375
vt 0 0.8671875
vt 0.0390625 0.890625
vt 0.0390625 0.8671875
vt 0 0.8671875
vt 0 0.890625
vt 1 1
vt 0 1
vt 0 0
vt 1 0
vt 0 1
vt 0.15625 1
vt 0.15625 0.875
vt 0 0.875
vt 0 1
vt 0.15625 1
vt 0.15625 0.875
vt 0 0.875
vt 0 1
vt 0.15625 1
vt 0.15625 0.84375
vt 0 0.84375
vt 0 1
vt 0.15625 1
vt 0.15625 0.84375
vt 0 0.84375
vt 0 1
vt 0.15625 1
vt 0.15625 0.875
vt 0 0.875
vt 0 1
vt 0.15625 1
vt 0.15625 0.875
vt 0 0.875
vn 1 0 0
vn -1 0 0
vn 0 1 0
vn 0 -1 0
vn 0 0 1
vn 0 0 -1
vn 1 0 0
vn -1 0 0
vn 0 1 0
vn 0 -1 0
vn 0 0 1
vn 0 0 -1
vn 0 0 0
vn 0 0 0
vn 0 0 0
vn 0 0 0
vn 0 0 1
vn 0 0 -1
vn 1 0 0
vn -1 0 0
vn 0 1 0
vn 0 -1 0
vn 0 0 1
vn 0 0 -1
vn 1 0 0
vn -1 0 0
vn 0 1 0
vn 0 -1 0
vn 0 0 1
vn 0 0 -1
vn 1 0 0
vn -1 0 0
vn 0 1 0
vn 0 -1 0
vn 0 0 -1
vn 0 0 1
vn 1 0 0
vn -1 0 0
vn 0 1 0
vn 0 -1 0
vn 0 0 -1
vn 0 0 1
vn 0 0 0
vn 0 0 0
vn 0 0 0
vn 0 0 0
vn 0 0 -1
vn 0 0 1
vn 1 0 0
vn -1 0 0
vn 0 1 0
vn 0 -1 0
vn 0 0 -1
vn 0 0 1
vn 1 0 0
vn -1 0 0
vn 0 1 0
vn 0 -1 0
vn 0 0 -1
vn 0 0 1
vn 1 0 0
vn -1 0 0
vn 0 1 0
vn 0 -1 0
vn 0 0 1
vn 0 0 -1
vn -1 0 0
vn 0 1 0
vn 0 -1 0
vn -0.7071067811865476 0 0.7071067811865476
vn -0.7071067811865476 0 -0.7071067811865476
vn 1 0 0
vn -1 0 0
vn 0 1 0
vn 0 -1 0
vn 0 0 1
vn 0 0 1
vn 1 0 0
vn -1 0 0
vn 0 1 0
vn 0 -1 0
vn 0 0 1
vn 1 0 0
vn -1 0 0
vn 0 1 0
vn 0 -1 0
vn 0 0 1
vn 1 0 0
vn -1 0 0
vn 0 1 0
vn 0 -1 0
vn 0 0 1
vn 1 0 0
vn -1 0 0
vn 0 1 0
vn 0 -1 0
vn 0 0 1
vn 0 0 -1
vn 0 0.9417419115948374 -0.33633639699815626
vn 1 0 0
vn 0 0.9417419115948374 0.33633639699815626
vn -1 0 0
vn 1 0 0
vn -1 0 0
vn 0 1 0
vn 0 -1 0
vn 0 0 1
vn 0 0 -1
vn 1 0 0
vn -1 0 0
vn 0 1 0
vn 0 -1 0
vn 0 0 -1
vn 0 0 -1
vn 1 0 0
vn -1 0 0
vn 0 1 0
vn 0 -1 0
vn 0 0 -1
vn 1 0 0
vn -1 0 0
vn 0 1 0
vn 0 -1 0
vn 0 0 -1
vn 1 0 0
vn -1 0 0
vn 0 1 0
vn 0 -1 0
vn 0 0 -1
vn 0.7071067811865476 0 0.7071067811865476
vn -0.7071067811865476 0 0.7071067811865476
vn 0 0.7071067811865476 0.7071067811865476
vn 0 -0.7071067811865476 0.7071067811865476
vn 0 0 1
vn 0 0 -1
vn 0 0 1
vn -0.7071067811865476 0 0.7071067811865476
vn 0.7071067811865476 0 0.7071067811865476
vn 0 0.9996876464081228 0.024992191160202983
vn -0.7071067811865476 0 0.7071067811865476
vn 0 0 -1
vn 0.7071067811865476 0 0.7071067811865476
vn 0.9996876464081228 0 0.024992191160202983
vn 0 0 1
vn 0 0.7071067811865476 0.7071067811865476
vn 0 0 -1
vn 0 0 -1
vn 0 0 -1
vn 0 -0.7071067811865476 0.7071067811865476
vn 0.9996876464081228 0 0.024992191160202983
vn 0 0.7071067811865476 0.7071067811865476
vn 0.7071067811865476 0 0.7071067811865475
vn 0.7071067811865476 0 0.7071067811865475
vn 0.7071067811865476 0 0.7071067811865475
vn 0 -0.7071067811865476 0.7071067811865476
vn 0 -0.7071067811865476 0.7071067811865476
vn -0.7071067811865476 0 0.7071067811865476
vn -0.7071067811865476 0 0.7071067811865476
vn -0.7071067811865476 0 0.7071067811865476
vn 0 0.7071067811865476 0.7071067811865476
vn -0.9996876464081228 0 0.024992191160202983
vn 0 0.9996876464081228 0.024992191160202983
vn 0 -0.7071067811865476 0.7071067811865476
vn 0 -0.7071067811865476 0.7071067811865476
vn 0 0 -1
vn 0 0 -1
vn 0 0 -1
vn 0 0.7071067811865476 0.7071067811865476
vn 0 0.7071067811865476 0.7071067811865476
vn 0 0 1
vn 0 0 1
vn 0 0 1
vn 0 -0.7071067811865476 0.7071067811865476
vn 0 -0.7071067811865476 0.7071067811865476
vn 0 0 -1
vn 0 0 -1
vn 0 0 -1
vn 0 0.7071067811865476 0.7071067811865476
vn 0 0.7071067811865476 0.7071067811865476
vn 0 0 1
vn 0 -0.9996876464081228 0.024992191160203427
vn 0 0 1
vn -0.7071067811865476 0 0.7071067811865476
vn -0.7071067811865476 0 0.7071067811865476
vn 0 0 -1
vn 0 0 -1
vn 0 0 -1
vn 0 0 -1
vn 0.7071067811865476 0 0.7071067811865475
vn 0.7071067811865476 0 0.7071067811865476
vn 0 0 1
vn 0 0 1
vn 0 0 1
vn 0 0 1
vn -0.7071067811865476 0 0.7071067811865476
vn -0.7071067811865476 0 0.7071067811865476
vn 0 0 -1
vn 0 0 -1
vn 0 0 -1
vn 0 0 -1
vn 0.7071067811865476 0 0.7071067811865475
vn 0.7071067811865476 0 0.7071067811865476
vn 0 0 1
vn 0 0 1
vn 0 0 1
vn 0 0 1
vn 0 0 1
vn 0 0.7071067811865476 0.7071067811865476
vn 0 0.7071067811865476 0.7071067811865476
vn 0 0 -1
vn 0 0 -1
vn 0 0 -1
vn 0 0 -1
vn 0 0 -1
vn 0 -0.7071067811865476 0.7071067811865476
vn 0 -0.7071067811865476 0.7071067811865476
vn 0 0 1
vn 0 0 1
vn 0 0.9906788398452958 0.13621834047872836
vn 1 0 0
vn -1 0 0
vn 0 0.9899494936611667 0.14142135623730953
vn 0 -1 0
vn 0 0 1
vn 0 -0.3713906763541037 -0.9284766908852593
vn -1 0 0
vn -1 0 0
vn 0 0.8682420741433656 0.49614080731907806
vn -1 0 0
vn 1 0 0
vn -1 0 0
vn 1 0 0
vn -1 0 0
vn 0 0.4245520776030812 0.9054035196545833
vn 0 0.7107438848147276 0.7034508726261339
vn 0 0.9496518340181652 0.3133071881491632
vn 0 0.9884810637759369 0.15134459539868775
vn 1 0 0
vn 1 0 0
vn 1 0 0
vn 0 0.9884810637759368 0.15134459539868775
vn 0 0.9884810637759368 0.15134459539868775
vn 0 0.9496518340181652 0.3133071881491632
vn 0 0.9496521141797274 0.31330633896232357
vn 0 0.8682420741433655 0.49614080731907806
vn 0 0.8682420741433655 0.49614080731907806
vn 0 0.7107438848147276 0.7034508726261339
vn 0 0.7107438848147276 0.7034508726261339
vn 0 0.42455207760308133 0.9054035196545833
vn 0 0.4245520776030812 0.9054035196545832
vn 0 0.9884800909749586 0.15135094894363135
vn -1 0 0
vn 0 0.9884804550739508 0.15134857097705057
vn 0 0.9884800909749586 0.15135094894363135
vn 1 0 0
vn 0 0.9496536096558831 0.3133018060394028
vn -1 0 0
vn 0 0.9496536096558831 0.3133018060394028
vn 0 0.9496536096558831 0.31330180603940283
vn 1 0 0
vn -0.9949619688976508 0.09909821210220783 0.015173160694338406
vn 0 0.07374095662691327 0.9972774294627087
vn 0.9949634405405591 0.09908377396261885 0.01517095003677493
vn 0.994545001486893 0.0990566821480919 0.032680479483142226
vn 0 0.05159919448095452 -0.998667874284998
vn -0.9945445662619893 0.09906062286052982 0.03268177959101162
vn 0.9578262852211515 0.2873478855663453 0
vn -0.9578262852211513 0.28734788556634566 0
vn 0 1 0
vn 0 -1 0
vn 0 0.28734788556634294 0.9578262852211522
vn 0 0.28734788556634294 -0.9578262852211522
vn 0.9578262852211515 0.2873478855663453 0
vn -0.9578262852211513 0.28734788556634566 0
vn 0 1 0
vn 0 -1 0
vn 0 0.2873478855663461 0.9578262852211513
vn 0 0.2873478855663461 -0.9578262852211513
vn 0.9578262852211515 0.2873478855663453 0
vn -0.9578262852211513 0.28734788556634566 0
vn 0 1 0
vn 0 -1 0
vn 0 0.2873478855663461 0.9578262852211513
vn 0 0.2873478855663461 -0.9578262852211513
vn 1 0 0
vn -1 0 0
vn 0 0.9238808144936849 -0.3826803373711352
vn 0 -0.923880814493685 0.3826803373711343
vn 0 0.38268375158934237 0.9238794002842073
vn 0 -0.3826837515893425 -0.9238794002842075
vn 1 0 0
vn -1 0 0
vn 0 1 0
vn 0 -1 0
vn 0 0 1
vn 0 0 -1
vn 1 0 0
vn -1 0 0
vn 0 0.923880814493685 0.3826803373711345
vn 0 -0.9238808144936854 -0.3826803373711338
vn 0 -0.3826837515893422 0.9238794002842076
vn 0 0.3826837515893421 -0.9238794002842075
vn -1 0 0
vn -1 0 0
vn 0 0.8682420741433654 -0.4961408073190784
vn -1 0 0
vn 1 0 0
vn -1 0 0
vn 1 0 0
vn -1 0 0
vn 0 0.4245520776030812 -0.9054035196545833
vn 0 0.7107438848147275 -0.703450872626134
vn 0 0.9496518340181651 -0.3133071881491637
vn 0 0.9884810637759369 -0.1513445953986875
vn 1 0 0
vn 1 0 0
vn 1 0 0
vn 0 0.9884810637759369 -0.1513445953986875
vn 0 0.9884810637759368 -0.1513445953986875
vn 0 0.9496518340181651 -0.3133071881491637
vn 0 0.9496521141797274 -0.31330633896232357
vn 0 0.8682420741433654 -0.49614080731907834
vn 0 0.8682420741433653 -0.4961408073190784
vn 0 0.7107438848147274 -0.703450872626134
vn 0 0.7107438848147274 -0.703450872626134
vn 0 0.42455207760308133 -0.9054035196545833
vn 0 0.4245520776030812 -0.9054035196545832
vn 0 0.9884800909749586 -0.15135094894363127
vn -1 0 0
vn 0 0.9884804550739508 -0.15134857097705057
vn 0 0.9884800909749586 -0.15135094894363124
vn 1 0 0
vn 0 0.9496536096558834 -0.3133018060394019
vn -1 0 0
vn 0 0.9496536096558834 -0.3133018060394019
vn 0 0.9496536096558834 -0.3133018060394019
vn 1 0 0
vn -0.998733320509814 0.049736919361388764 -0.007615336885526813
vn 0 0.037158650596067426 -0.9993093788641633
vn 0.9987335065851138 0.049733268363864346 -0.007614777872695428
vn 0.9986278391880379 0.049731666391562096 -0.016407320212301554
vn 0 0.025606768012309124 0.9996720929544668
vn -0.9986277841137879 0.04973266373321977 -0.016407649252229754
vn 0.7071067811865476 0 -0.7071067811865476
vn -0.7071067811865476 0 -0.7071067811865476
vn 0 0.7071067811865476 -0.7071067811865476
vn 0 -0.7071067811865476 -0.7071067811865476
vn 0 0 -1
vn 0 0 1
vn 0 0 -1
vn -0.7071067811865476 0 -0.7071067811865476
vn 0.7071067811865476 0 -0.7071067811865476
vn 0 0.9996876464081228 -0.024992191160202983
vn -0.7071067811865476 0 -0.7071067811865476
vn 0 0 1
vn 0.7071067811865476 0 -0.7071067811865476
vn 0.9996876464081228 0 -0.024992191160202983
vn 0 0 -1
vn 0 0.7071067811865476 -0.7071067811865476
vn 0 0 1
vn 0 0 1
vn 0 0 1
vn 0 -0.7071067811865476 -0.7071067811865476
vn 0.9996876464081228 0 -0.024992191160202983
vn 0 0.7071067811865476 -0.7071067811865476
vn 0.7071067811865477 0 -0.7071067811865475
vn 0.7071067811865476 0 -0.7071067811865475
vn 0.7071067811865476 0 -0.7071067811865475
vn 0 -0.7071067811865476 -0.7071067811865476
vn 0 -0.7071067811865476 -0.7071067811865476
vn -0.7071067811865476 0 -0.7071067811865476
vn -0.7071067811865476 0 -0.7071067811865476
vn -0.7071067811865476 0 -0.7071067811865476
vn 0 0.7071067811865476 -0.7071067811865476
vn -0.9996876464081228 0 -0.024992191160202983
vn 0 0.9996876464081228 -0.024992191160202983
vn 0 -0.7071067811865476 -0.7071067811865476
vn 0 -0.7071067811865476 -0.7071067811865476
vn 0 0 1
vn 0 0 1
vn 0 0 1
vn 0 0.7071067811865476 -0.7071067811865476
vn 0 0.7071067811865476 -0.7071067811865476
vn 0 0 -1
vn 0 0 -1
vn 0 0 -1
vn 0 -0.7071067811865476 -0.7071067811865476
vn 0 -0.7071067811865476 -0.7071067811865476
vn 0 0 1
vn 0 0 1
vn 0 0 1
vn 0 0.7071067811865476 -0.7071067811865476
vn 0 0.7071067811865476 -0.7071067811865476
vn 0 0 -1
vn 0 -0.9996876464081228 -0.024992191160203427
vn 0 0 -1
vn -0.7071067811865476 0 -0.7071067811865476
vn -0.7071067811865476 0 -0.7071067811865476
vn 0 0 1
vn 0 0 1
vn 0 0 1
vn 0 0 1
vn 0.7071067811865476 0 -0.7071067811865475
vn 0.7071067811865476 0 -0.7071067811865476
vn 0 0 -1
vn 0 0 -1
vn 0 0 -1
vn 0 0 -1
vn -0.7071067811865476 0 -0.7071067811865476
vn -0.7071067811865476 0 -0.7071067811865476
vn 0 0 1
vn 0 0 1
vn 0 0 1
vn 0 0 1
vn 0.7071067811865476 0 -0.7071067811865475
vn 0.7071067811865476 0 -0.7071067811865476
vn 0 0 -1
vn 0 0 -1
vn 0 0 -1
vn 0 0 -1
vn 0 0 -1
vn 0 0.7071067811865476 -0.7071067811865476
vn 0 0.7071067811865476 -0.7071067811865476
vn 0 0 1
vn 0 0 1
vn 0 0 1
vn 0 0 1
vn 0 0 1
vn 0 -0.7071067811865476 -0.7071067811865476
vn 0 -0.7071067811865476 -0.7071067811865476
vn 0 0 -1
vn 0 0 -1
vn 0 0.9906788398452958 -0.13621834047872836
vn 1 0 0
vn -1 0 0
vn 0 0.9899494936611667 -0.14142135623730953
vn 0 -1 0
vn 0 0 -1
vn 0 -0.3713906763541037 0.9284766908852593
usemtl m_c9932871-0dc3-e34b-a15c-12b0783022f0
f 217/681/178 215/682/178 214/683/178
f 217/681/178 214/683/178 216/684/178
f 220/685/179 218/686/179 219/687/179
f 220/685/179 219/687/179 221/688/179
f 214/689/180 215/690/180 219/691/180
f 214/689/180 219/691/180 218/692/180
f 217/693/181 216/694/181 220/695/181
f 217/693/181 220/695/181 221/696/181
f 216/697/182 214/698/182 218/699/182
f 216/697/182 218/699/182 220/700/182
f 221/701/183 219/702/183 215/703/183
f 221/701/183 215/703/183 217/704/183
f 225/705/184 223/706/184 222/707/184
f 225/705/184 222/707/184 224/708/184
f 228/709/185 226/710/185 227/711/185
f 228/709/185 227/711/185 229/712/185
f 222/713/186 223/714/186 227/715/186
f 222/713/186 227/715/186 226/716/186
f 225/717/187 224/718/187 228/719/187
f 225/717/187 228/719/187 229/720/187
f 224/721/188 222/722/188 226/723/188
f 224/721/188 226/723/188 228/724/188
f 229/725/189 227/726/189 223/727/189
f 229/725/189 223/727/189 225/728/189
usemtl m_57816b9e-dd3c-e50c-8031-a4812e7c13c1
f 231/729/190 230/730/190 233/731/190
f 231/729/190 233/731/190 232/732/190
f 234/733/191 235/734/191 236/735/191
f 234/733/191 236/735/191 237/736/191
f 230/737/192 231/738/192 235/739/192
f 230/737/192 235/739/192 234/740/192
f 233/741/193 232/742/193 236/743/193
f 233/741/193 236/743/193 237/744/193
f 232/745/194 230/746/194 234/747/194
f 232/745/194 234/747/194 236/748/194
f 237/749/195 235/750/195 231/751/195
f 237/749/195 231/751/195 233/752/195
usemtl m_c9932871-0dc3-e34b-a15c-12b0783022f0
f 241/753/196 239/754/196 238/755/196
f 241/753/196 238/755/196 240/756/196
f 244/757/197 242/758/197 243/759/197
f 244/757/197 243/759/197 245/760/197
f 238/761/198 239/762/198 243/763/198
f 238/761/198 243/763/198 242/764/198
f 241/765/199 240/766/199 244/767/199
f 241/765/199 244/767/199 245/768/199
f 240/769/200 238/770/200 242/771/200
f 240/769/200 242/771/200 244/772/200
f 245/773/201 243/774/201 239/775/201
f 245/773/201 239/775/201 241/776/201
f 249/777/202 247/778/202 246/779/202
f 249/777/202 246/779/202 248/780/202
f 252/781/203 250/782/203 251/783/203
f 252/781/203 251/783/203 253/784/203
f 246/785/204 247/786/204 251/787/204
f 246/785/204 251/787/204 250/788/204
f 249/789/205 248/790/205 252/791/205
f 249/789/205 252/791/205 253/792/205
f 248/793/206 246/794/206 250/795/206
f 248/793/206 250/795/206 252/796/206
f 253/797/207 251/798/207 247/799/207
f 253/797/207 247/799/207 249/800/207
f 254/801/208 255/802/208 257/803/208
f 254/801/208 257/803/208 256/804/208
f 259/805/209 258/806/209 260/807/209
f 259/805/209 260/807/209 261/808/209
f 259/809/210 255/810/210 254/811/210
f 259/809/210 254/811/210 258/812/210
f 260/813/211 256/814/211 257/815/211
f 260/813/211 257/815/211 261/816/211
f 258/817/212 254/818/212 256/819/212
f 258/817/212 256/819/212 260/820/212
f 255/821/213 259/822/213 261/823/213
f 255/821/213 261/823/213 257/824/213
f 262/825/214 263/826/214 265/827/214
f 262/825/214 265/827/214 264/828/214
f 267/829/215 266/830/215 268/831/215
f 267/829/215 268/831/215 269/832/215
f 267/833/216 263/834/216 262/835/216
f 267/833/216 262/835/216 266/836/216
f 268/837/217 264/838/217 265/839/217
f 268/837/217 265/839/217 269/840/217
f 266/841/218 262/842/218 264/843/218
f 266/841/218 264/843/218 268/844/218
f 263/845/219 267/846/219 269/847/219
f 263/845/219 269/847/219 265/848/219
usemtl m_57816b9e-dd3c-e50c-8031-a4812e7c13c1
f 270/849/220 271/850/220 273/851/220
f 270/849/220 273/851/220 272/852/220
f 275/853/221 274/854/221 276/855/221
f 275/853/221 276/855/221 277/856/221
f 275/857/222 270/858/222 271/859/222
f 275/857/222 271/859/222 274/860/222
f 276/861/223 273/862/223 272/863/223
f 276/861/223 272/863/223 277/864/223
f 274/865/224 270/866/224 272/867/224
f 274/865/224 272/867/224 276/868/224
f 271/869/225 275/870/225 277/871/225
f 271/869/225 277/871/225 273/872/225
usemtl m_c9932871-0dc3-e34b-a15c-12b0783022f0
f 278/873/226 279/874/226 281/875/226
f 278/873/226 281/875/226 280/876/226
f 283/877/227 282/878/227 284/879/227
f 283/877/227 284/879/227 285/880/227
f 283/881/228 279/882/228 278/883/228
f 283/881/228 278/883/228 282/884/228
f 284/885/229 280/886/229 281/887/229
f 284/885/229 281/887/229 285/888/229
f 282/889/230 278/890/230 280/891/230
f 282/889/230 280/891/230 284/892/230
f 279/893/231 283/894/231 285/895/231
f 279/893/231 285/895/231 281/896/231
f 286/897/232 287/898/232 289/899/232
f 286/897/232 289/899/232 288/900/232
f 291/901/233 290/902/233 292/903/233
f 291/901/233 292/903/233 293/904/233
f 291/905/234 287/906/234 286/907/234
f 291/905/234 286/907/234 290/908/234
f 292/909/235 288/910/235 289/911/235
f 292/909/235 289/911/235 293/912/235
f 290/913/236 286/914/236 288/915/236
f 290/913/236 288/915/236 292/916/236
f 287/917/237 291/918/237 293/919/237
f 287/917/237 293/919/237 289/920/237
usemtl m_c4ef035f-6b10-f66f-55f4-3296f0e79dee
f 297/921/238 295/922/238 294/923/238
f 297/921/238 294/923/238 296/924/238
f 300/925/239 298/926/239 299/927/239
f 300/925/239 299/927/239 301/928/239
f 294/929/240 295/930/240 299/931/240
f 294/929/240 299/931/240 298/932/240
f 297/933/241 296/934/241 300/935/241
f 297/933/241 300/935/241 301/936/241
f 296/937/242 294/938/242 298/939/242
f 296/937/242 298/939/242 300/940/242
f 301/941/243 299/942/243 295/943/243
f 301/941/243 295/943/243 297/944/243
usemtl m_fae77e0a-5028-f195-caba-20d89c450eac
f 308/945/244 306/946/244 307/947/244
f 308/945/244 307/947/244 309/948/244
f 302/949/245 303/950/245 307/951/245
f 302/949/245 307/951/245 306/952/245
f 305/953/246 304/954/246 308/955/246
f 305/953/246 308/955/246 309/956/246
f 304/957/247 302/958/247 306/959/247
f 304/957/247 306/959/247 308/960/247
f 309/961/248 307/962/248 303/963/248
f 309/961/248 303/963/248 305/964/248
f 313/965/249 311/966/249 310/967/249
f 313/965/249 310/967/249 312/968/249
f 316/969/250 314/970/250 315/971/250
f 316/969/250 315/971/250 317/972/250
f 310/973/251 311/974/251 315/975/251
f 310/973/251 315/975/251 314/976/251
f 313/977/252 312/978/252 316/979/252
f 313/977/252 316/979/252 317/980/252
f 312/981/253 310/982/253 314/983/253
f 312/981/253 314/983/253 316/984/253
usemtl m_71832628-b987-49bd-a908-e68cdf6bb9d0
f 319/985/254 318/986/254 320/987/254
f 319/985/254 320/987/254 321/988/254
usemtl m_fae77e0a-5028-f195-caba-20d89c450eac
f 325/989/255 323/990/255 322/991/255
f 325/989/255 322/991/255 324/992/255
f 328/993/256 326/994/256 327/995/256
f 328/993/256 327/995/256 329/996/256
f 322/997/257 323/998/257 327/999/257
f 322/997/257 327/999/257 326/1000/257
f 325/1001/258 324/1002/258 328/1003/258
f 325/1001/258 328/1003/258 329/1004/258
f 324/1005/259 322/1006/259 326/1007/259
f 324/1005/259 326/1007/259 328/1008/259
f 333/1009/260 331/1010/260 330/1011/260
f 333/1009/260 330/1011/260 332/1012/260
f 336/1013/261 334/1014/261 335/1015/261
f 336/1013/261 335/1015/261 337/1016/261
f 330/1017/262 331/1018/262 335/1019/262
f 330/1017/262 335/1019/262 334/1020/262
f 333/1021/263 332/1022/263 336/1023/263
f 333/1021/263 336/1023/263 337/1024/263
f 332/1025/264 330/1026/264 334/1027/264
f 332/1025/264 334/1027/264 336/1028/264
f 341/1029/265 339/1030/265 338/1031/265
f 341/1029/265 338/1031/265 340/1032/265
f 344/1033/266 342/1034/266 343/1035/266
f 344/1033/266 343/1035/266 345/1036/266
f 338/1037/267 339/1038/267 343/1039/267
f 338/1037/267 343/1039/267 342/1040/267
f 341/1041/268 340/1042/268 344/1043/268
f 341/1041/268 344/1043/268 345/1044/268
f 340/1045/269 338/1046/269 342/1047/269
f 340/1045/269 342/1047/269 344/1048/269
f 346/1049/270 356/1050/270 355/1051/270
f 346/1049/270 355/1051/270 347/1052/270
f 351/1053/271 354/1054/271 357/1055/271
f 351/1053/271 357/1055/271 350/1056/271
f 346/1057/272 347/1058/272 351/1059/272
f 346/1057/272 351/1059/272 350/1060/272
f 349/1061/273 348/1062/273 352/1063/273
f 349/1061/273 352/1063/273 353/1064/273
f 350/1065/274 357/1066/274 356/1067/274
f 350/1065/274 356/1067/274 346/1068/274
f 347/1069/275 355/1070/275 354/1071/275
f 347/1069/275 354/1071/275 351/1072/275
f 353/1073/276 354/1074/276 355/1075/276
f 353/1073/276 355/1075/276 349/1076/276
f 349/1077/277 355/1078/277 356/1079/277
f 349/1077/277 356/1079/277 348/1080/277
f 348/1081/278 356/1082/278 357/1083/278
f 348/1081/278 357/1083/278 352/1084/278
f 352/1085/279 357/1086/279 354/1087/279
f 352/1085/279 354/1087/279 353/1088/279
f 361/1089/280 359/1090/280 358/1091/280
f 361/1089/280 358/1091/280 360/1092/280
f 364/1093/281 362/1094/281 363/1095/281
f 364/1093/281 363/1095/281 365/1096/281
f 358/1097/282 359/1098/282 363/1099/282
f 358/1097/282 363/1099/282 362/1100/282
f 361/1101/283 360/1102/283 364/1103/283
f 361/1101/283 364/1103/283 365/1104/283
f 360/1105/284 358/1106/284 362/1107/284
f 360/1105/284 362/1107/284 364/1108/284
f 365/1109/285 363/1110/285 359/1111/285
f 365/1109/285 359/1111/285 361/1112/285
f 366/1113/286 367/1114/286 369/1115/286
f 366/1113/286 369/1115/286 368/1116/286
f 371/1117/287 370/1118/287 372/1119/287
f 371/1117/287 372/1119/287 373/1120/287
f 371/1121/288 367/1122/288 366/1123/288
f 371/1121/288 366/1123/288 370/1124/288
f 372/1125/289 368/1126/289 369/1127/289
f 372/1125/289 369/1127/289 373/1128/289
f 370/1129/290 366/1130/290 368/1131/290
f 370/1129/290 368/1131/290 372/1132/290
usemtl m_ce8b381d-1a9b-f02a-1bd0-823c7d8a42df
f 376/1133/291 374/1134/291 375/1135/291
f 376/1133/291 375/1135/291 377/1136/291
usemtl m_fae77e0a-5028-f195-caba-20d89c450eac
f 378/1137/292 379/1138/292 381/1139/292
f 378/1137/292 381/1139/292 380/1140/292
f 383/1141/293 382/1142/293 384/1143/293
f 383/1141/293 384/1143/293 385/1144/293
f 383/1145/294 379/1146/294 378/1147/294
f 383/1145/294 378/1147/294 382/1148/294
f 384/1149/295 380/1150/295 381/1151/295
f 384/1149/295 381/1151/295 385/1152/295
f 382/1153/296 378/1154/296 380/1155/296
f 382/1153/296 380/1155/296 384/1156/296
f 386/1157/297 387/1158/297 389/1159/297
f 386/1157/297 389/1159/297 388/1160/297
f 391/1161/298 390/1162/298 392/1163/298
f 391/1161/298 392/1163/298 393/1164/298
f 391/1165/299 387/1166/299 386/1167/299
f 391/1165/299 386/1167/299 390/1168/299
f 392/1169/300 388/1170/300 389/1171/300
f 392/1169/300 389/1171/300 393/1172/300
f 390/1173/301 386/1174/301 388/1175/301
f 390/1173/301 388/1175/301 392/1176/301
f 394/1177/302 395/1178/302 397/1179/302
f 394/1177/302 397/1179/302 396/1180/302
f 399/1181/303 398/1182/303 400/1183/303
f 399/1181/303 400/1183/303 401/1184/303
f 399/1185/304 395/1186/304 394/1187/304
f 399/1185/304 394/1187/304 398/1188/304
f 400/1189/305 396/1190/305 397/1191/305
f 400/1189/305 397/1191/305 401/1192/305
f 398/1193/306 394/1194/306 396/1195/306
f 398/1193/306 396/1195/306 400/1196/306
usemtl m_64769e19-dab8-745c-e937-981c8d8466c2
f 402/1197/307 465/1198/307 464/1199/307
f 402/1197/307 464/1199/307 426/1200/307
f 434/1201/308 458/1202/308 457/1203/308
f 434/1201/308 457/1203/308 406/1204/308
f 419/1205/309 444/1206/309 443/1207/309
f 419/1205/309 443/1207/309 425/1208/309
f 430/1209/310 438/1210/310 437/1211/310
f 430/1209/310 437/1211/310 424/1212/310
f 419/1213/311 456/1214/311 455/1215/311
f 419/1213/311 455/1215/311 444/1216/311
f 442/1217/312 461/1218/312 460/1219/312
f 442/1217/312 460/1219/312 420/1220/312
usemtl m_57816b9e-dd3c-e50c-8031-a4812e7c13c1
f 418/1221/313 436/1222/313 435/1223/313
f 418/1221/313 435/1223/313 213/1224/313
usemtl m_64769e19-dab8-745c-e937-981c8d8466c2
f 411/1225/314 433/1226/314 432/1227/314
f 411/1225/314 432/1227/314 415/1228/314
f 414/1229/315 428/1230/315 427/1231/315
f 414/1229/315 427/1231/315 410/1232/315
f 418/1233/316 468/1234/316 467/1235/316
f 418/1233/316 467/1235/316 436/1236/316
f 432/1237/317 470/1238/317 469/1239/317
f 432/1237/317 469/1239/317 415/1240/317
f 440/1241/318 473/1242/318 472/1243/318
f 440/1241/318 472/1243/318 422/1244/318
f 414/1245/319 477/1246/319 476/1247/319
f 414/1245/319 476/1247/319 428/1248/319
f 213/1249/320 480/1250/320 479/1251/320
f 213/1249/320 479/1251/320 418/1252/320
f 419/1253/321 482/1254/321 481/1255/321
f 419/1253/321 481/1255/321 456/1256/321
f 425/1257/322 483/1258/322 482/1259/322
f 425/1257/322 482/1259/322 419/1260/322
f 460/1261/323 485/1262/323 484/1263/323
f 460/1261/323 484/1263/323 420/1264/323
f 422/1265/324 487/1266/324 486/1267/324
f 422/1265/324 486/1267/324 421/1268/324
f 472/1269/325 488/1270/325 487/1271/325
f 472/1269/325 487/1271/325 422/1272/325
f 424/1273/326 491/1274/326 490/1275/326
f 424/1273/326 490/1275/326 430/1276/326
f 418/1277/327 479/1278/327 492/1279/327
f 418/1277/327 492/1279/327 468/1280/327
f 425/1281/328 443/1282/328 442/1283/328
f 425/1281/328 442/1283/328 420/1284/328
f 426/1285/329 464/1286/329 463/1287/329
f 426/1285/329 463/1287/329 403/1288/329
f 413/1289/330 427/1290/330 428/1291/330
f 413/1289/330 428/1291/330 417/1292/330
f 428/1293/331 476/1294/331 475/1295/331
f 428/1293/331 475/1295/331 417/1296/331
f 423/1297/332 439/1298/332 438/1299/332
f 423/1297/332 438/1299/332 430/1300/332
f 430/1301/333 490/1302/333 489/1303/333
f 430/1301/333 489/1303/333 423/1304/333
f 416/1305/334 471/1306/334 470/1307/334
f 416/1305/334 470/1307/334 432/1308/334
f 416/1309/335 432/1310/335 433/1311/335
f 416/1309/335 433/1311/335 412/1312/335
f 407/1313/336 459/1314/336 458/1315/336
f 407/1313/336 458/1315/336 434/1316/336
f 420/1317/337 484/1318/337 483/1319/337
f 420/1317/337 483/1319/337 425/1320/337
f 436/1321/338 446/1322/338 445/1323/338
f 436/1321/338 445/1323/338 435/1324/338
f 436/1325/339 467/1326/339 478/1327/339
f 436/1325/339 478/1327/339 446/1328/339
f 438/1329/340 448/1330/340 447/1331/340
f 438/1329/340 447/1331/340 437/1332/340
f 439/1333/341 449/1334/341 448/1335/341
f 439/1333/341 448/1335/341 438/1336/341
f 450/1337/342 474/1338/342 473/1339/342
f 450/1337/342 473/1339/342 440/1340/342
f 441/1341/343 451/1342/343 450/1343/343
f 441/1341/343 450/1343/343 440/1344/343
f 452/1345/344 462/1346/344 461/1347/344
f 452/1345/344 461/1347/344 442/1348/344
f 443/1349/345 453/1350/345 452/1351/345
f 443/1349/345 452/1351/345 442/1352/345
f 444/1353/346 454/1354/346 453/1355/346
f 444/1353/346 453/1355/346 443/1356/346
f 444/1357/347 455/1358/347 466/1359/347
f 444/1357/347 466/1359/347 454/1360/347
f 410/1361/348 445/1362/348 446/1363/348
f 410/1361/348 446/1363/348 414/1364/348
f 446/1365/349 478/1366/349 477/1367/349
f 446/1365/349 477/1367/349 414/1368/349
f 404/1369/350 447/1370/350 448/1371/350
f 404/1369/350 448/1371/350 429/1372/350
f 429/1373/351 448/1374/351 449/1375/351
f 429/1373/351 449/1375/351 405/1376/351
f 417/1377/352 475/1378/352 474/1379/352
f 417/1377/352 474/1379/352 450/1380/352
f 417/1381/353 450/1382/353 451/1383/353
f 417/1381/353 451/1383/353 413/1384/353
f 403/1385/354 463/1386/354 462/1387/354
f 403/1385/354 462/1387/354 452/1388/354
f 403/1389/355 452/1390/355 453/1391/355
f 403/1389/355 453/1391/355 426/1392/355
f 426/1393/356 453/1394/356 454/1395/356
f 426/1393/356 454/1395/356 402/1396/356
f 454/1397/357 466/1398/357 465/1399/357
f 454/1397/357 465/1399/357 402/1400/357
f 435/1401/358 455/1402/358 456/1403/358
f 435/1401/358 456/1403/358 213/1404/358
f 456/1405/359 481/1406/359 480/1407/359
f 456/1405/359 480/1407/359 213/1408/359
f 411/1409/360 457/1410/360 458/1411/360
f 411/1409/360 458/1411/360 433/1412/360
f 433/1413/361 458/1414/361 459/1415/361
f 433/1413/361 459/1415/361 412/1416/361
f 421/1417/362 486/1418/362 485/1419/362
f 421/1417/362 485/1419/362 460/1420/362
f 421/1421/363 460/1422/363 461/1423/363
f 421/1421/363 461/1423/363 441/1424/363
f 441/1425/364 461/1426/364 462/1427/364
f 441/1425/364 462/1427/364 451/1428/364
f 451/1429/365 462/1430/365 463/1431/365
f 451/1429/365 463/1431/365 413/1432/365
f 413/1433/366 463/1434/366 464/1435/366
f 413/1433/366 464/1435/366 427/1436/366
f 427/1437/367 464/1438/367 465/1439/367
f 427/1437/367 465/1439/367 410/1440/367
f 410/1441/368 465/1442/368 466/1443/368
f 410/1441/368 466/1443/368 445/1444/368
f 445/1445/369 466/1446/369 455/1447/369
f 445/1445/369 455/1447/369 435/1448/369
f 437/1449/370 467/1450/370 468/1451/370
f 437/1449/370 468/1451/370 424/1452/370
f 468/1453/371 492/1454/371 491/1455/371
f 468/1453/371 491/1455/371 424/1456/371
f 408/1457/372 469/1458/372 470/1459/372
f 408/1457/372 470/1459/372 431/1460/372
f 431/1461/373 470/1462/373 471/1463/373
f 431/1461/373 471/1463/373 409/1464/373
f 423/1465/374 489/1466/374 488/1467/374
f 423/1465/374 488/1467/374 472/1468/374
f 423/1469/375 472/1470/375 473/1471/375
f 423/1469/375 473/1471/375 439/1472/375
f 439/1473/376 473/1474/376 474/1475/376
f 439/1473/376 474/1475/376 449/1476/376
f 449/1477/377 474/1478/377 475/1479/377
f 449/1477/377 475/1479/377 405/1480/377
f 405/1481/378 475/1482/378 476/1483/378
f 405/1481/378 476/1483/378 429/1484/378
f 429/1485/379 476/1486/379 477/1487/379
f 429/1485/379 477/1487/379 404/1488/379
f 404/1489/380 477/1490/380 478/1491/380
f 404/1489/380 478/1491/380 447/1492/380
f 447/1493/381 478/1494/381 467/1495/381
f 447/1493/381 467/1495/381 437/1496/381
f 415/1497/382 479/1498/382 480/1499/382
f 415/1497/382 480/1499/382 411/1500/382
f 411/1501/383 480/1502/383 481/1503/383
f 411/1501/383 481/1503/383 457/1504/383
f 457/1505/384 481/1506/384 482/1507/384
f 457/1505/384 482/1507/384 406/1508/384
f 406/1509/385 482/1510/385 483/1511/385
f 406/1509/385 483/1511/385 434/1512/385
f 434/1513/386 483/1514/386 484/1515/386
f 434/1513/386 484/1515/386 407/1516/386
f 407/1517/387 484/1518/387 485/1519/387
f 407/1517/387 485/1519/387 459/1520/387
f 459/1521/388 485/1522/388 486/1523/388
f 459/1521/388 486/1523/388 412/1524/388
f 412/1525/389 486/1526/389 487/1527/389
f 412/1525/389 487/1527/389 416/1528/389
f 416/1529/390 487/1530/390 488/1531/390
f 416/1529/390 488/1531/390 471/1532/390
f 471/1533/391 488/1534/391 489/1535/391
f 471/1533/391 489/1535/391 409/1536/391
f 409/1537/392 489/1538/392 490/1539/392
f 409/1537/392 490/1539/392 431/1540/392
f 431/1541/393 490/1542/393 491/1543/393
f 431/1541/393 491/1543/393 408/1544/393
f 408/1545/394 491/1546/394 492/1547/394
f 408/1545/394 492/1547/394 469/1548/394
f 469/1549/395 492/1550/395 479/1551/395
f 469/1549/395 479/1551/395 415/1552/395
usemtl m_3decf1d4-bb79-7704-2ee4-3d3d928292c8
f 493/1553/396 494/1554/396 496/1555/396
f 493/1553/396 496/1555/396 495/1556/396
usemtl m_57816b9e-dd3c-e50c-8031-a4812e7c13c1
f 500/1557/397 498/1558/397 497/1559/397
f 500/1557/397 497/1559/397 499/1560/397
f 503/1561/398 501/1562/398 502/1563/398
f 503/1561/398 502/1563/398 504/1564/398
f 497/1565/399 498/1566/399 502/1567/399
f 497/1565/399 502/1567/399 501/1568/399
f 500/1569/400 499/1570/400 503/1571/400
f 500/1569/400 503/1571/400 504/1572/400
f 499/1573/401 497/1574/401 501/1575/401
f 499/1573/401 501/1575/401 503/1576/401
f 504/1577/402 502/1578/402 498/1579/402
f 504/1577/402 498/1579/402 500/1580/402
f 507/1581/403 508/1582/403 506/1583/403
f 508/1584/404 510/1585/404 506/1586/404
f 510/1587/405 526/1588/405 524/1589/405
f 510/1587/405 524/1589/405 512/1590/405
f 510/1591/406 512/1592/406 506/1593/406
f 505/1594/407 538/1595/407 511/1596/407
f 506/1597/408 536/1598/408 514/1599/408
f 505/1600/409 534/1601/409 513/1602/409
f 506/1603/410 532/1604/410 516/1605/410
f 507/1606/411 530/1607/411 528/1608/411
f 507/1606/411 528/1608/411 508/1609/411
f 508/1610/412 528/1611/412 526/1612/412
f 508/1610/412 526/1612/412 510/1613/412
f 514/1614/413 536/1615/413 535/1616/413
f 514/1614/413 535/1616/413 522/1617/413
f 516/1618/414 532/1619/414 531/1620/414
f 516/1618/414 531/1620/414 521/1621/414
f 511/1622/415 509/1623/415 505/1624/415
f 509/1625/416 518/1626/416 505/1627/416
f 518/1628/417 517/1629/417 505/1630/417
f 519/1631/418 533/1632/418 534/1633/418
f 519/1631/418 534/1633/418 515/1634/418
f 521/1635/419 531/1636/419 533/1637/419
f 521/1635/419 533/1637/419 519/1638/419
f 520/1639/420 537/1640/420 538/1641/420
f 520/1639/420 538/1641/420 513/1642/420
usemtl m_f2bc2a1e-3c88-e833-f071-66ee9283ff08
f 542/1643/421 544/1644/421 543/1645/421
f 542/1643/421 543/1645/421 539/1646/421
usemtl m_57816b9e-dd3c-e50c-8031-a4812e7c13c1
f 511/1647/422 523/1648/422 525/1649/422
f 511/1647/422 525/1649/422 509/1650/422
f 523/1651/423 524/1652/423 526/1653/423
f 523/1651/423 526/1653/423 525/1654/423
f 509/1655/424 525/1656/424 527/1657/424
f 509/1655/424 527/1657/424 518/1658/424
f 525/1659/425 526/1660/425 528/1661/425
f 525/1659/425 528/1661/425 527/1662/425
f 518/1663/426 527/1664/426 529/1665/426
f 518/1663/426 529/1665/426 517/1666/426
f 527/1667/427 528/1668/427 530/1669/427
f 527/1667/427 530/1669/427 529/1670/427
f 522/1671/428 531/1672/428 532/1673/428
f 522/1671/428 532/1673/428 514/1674/428
f 514/1675/429 532/1676/429 506/1677/429
usemtl m_f2bc2a1e-3c88-e833-f071-66ee9283ff08
f 539/1678/430 540/1679/430 541/1680/430
f 539/1678/430 541/1680/430 542/1681/430
usemtl m_57816b9e-dd3c-e50c-8031-a4812e7c13c1
f 513/1682/431 534/1683/431 533/1684/431
f 513/1682/431 533/1684/431 520/1685/431
f 515/1686/432 534/1687/432 505/1688/432
f 524/1689/433 535/1690/433 536/1691/433
f 524/1689/433 536/1691/433 512/1692/433
f 512/1693/434 536/1694/434 506/1695/434
f 523/1696/435 537/1697/435 535/1698/435
f 523/1696/435 535/1698/435 524/1699/435
f 511/1700/436 538/1701/436 537/1702/436
f 511/1700/436 537/1702/436 523/1703/436
f 513/1704/437 538/1705/437 505/1706/437
f 540/1707/438 539/1708/438 520/1709/438
f 540/1707/438 520/1709/438 533/1710/438
f 541/1711/439 540/1712/439 533/1713/439
f 541/1711/439 533/1713/439 531/1714/439
f 542/1715/440 541/1716/440 531/1717/440
f 542/1715/440 531/1717/440 522/1718/440
f 544/1719/441 542/1720/441 522/1721/441
f 544/1719/441 522/1721/441 535/1722/441
f 543/1723/442 544/1724/442 535/1725/442
f 543/1723/442 535/1725/442 537/1726/442
f 539/1727/443 543/1728/443 537/1729/443
f 539/1727/443 537/1729/443 520/1730/443
usemtl m_00b00bfa-9cdf-02ed-985a-b816b141a88f
f 548/1731/444 546/1732/444 545/1733/444
f 548/1731/444 545/1733/444 547/1734/444
f 551/1735/445 549/1736/445 550/1737/445
f 551/1735/445 550/1737/445 552/1738/445
f 545/1739/446 546/1740/446 550/1741/446
f 545/1739/446 550/1741/446 549/1742/446
f 548/1743/447 547/1744/447 551/1745/447
f 548/1743/447 551/1745/447 552/1746/447
f 547/1747/448 545/1748/448 549/1749/448
f 547/1747/448 549/1749/448 551/1750/448
f 552/1751/449 550/1752/449 546/1753/449
f 552/1751/449 546/1753/449 548/1754/449
f 556/1755/450 554/1756/450 553/1757/450
f 556/1755/450 553/1757/450 555/1758/450
f 559/1759/451 557/1760/451 558/1761/451
f 559/1759/451 558/1761/451 560/1762/451
f 553/1763/452 554/1764/452 558/1765/452
f 553/1763/452 558/1765/452 557/1766/452
f 556/1767/453 555/1768/453 559/1769/453
f 556/1767/453 559/1769/453 560/1770/453
f 555/1771/454 553/1772/454 557/1773/454
f 555/1771/454 557/1773/454 559/1774/454
f 560/1775/455 558/1776/455 554/1777/455
f 560/1775/455 554/1777/455 556/1778/455
f 564/1779/456 562/1780/456 561/1781/456
f 564/1779/456 561/1781/456 563/1782/456
f 567/1783/457 565/1784/457 566/1785/457
f 567/1783/457 566/1785/457 568/1786/457
f 561/1787/458 562/1788/458 566/1789/458
f 561/1787/458 566/1789/458 565/1790/458
f 564/1791/459 563/1792/459 567/1793/459
f 564/1791/459 567/1793/459 568/1794/459
f 563/1795/460 561/1796/460 565/1797/460
f 563/1795/460 565/1797/460 567/1798/460
f 568/1799/461 566/1800/461 562/1801/461
f 568/1799/461 562/1801/461 564/1802/461
usemtl m_fae77e0a-5028-f195-caba-20d89c450eac
f 572/1803/462 570/1804/462 569/1805/462
f 572/1803/462 569/1805/462 571/1806/462
f 575/1807/463 573/1808/463 574/1809/463
f 575/1807/463 574/1809/463 576/1810/463
f 569/1811/464 570/1812/464 574/1813/464
f 569/1811/464 574/1813/464 573/1814/464
f 572/1815/465 571/1816/465 575/1817/465
f 572/1815/465 575/1817/465 576/1818/465
f 571/1819/466 569/1820/466 573/1821/466
f 571/1819/466 573/1821/466 575/1822/466
f 576/1823/467 574/1824/467 570/1825/467
f 576/1823/467 570/1825/467 572/1826/467
f 580/1827/468 578/1828/468 577/1829/468
f 580/1827/468 577/1829/468 579/1830/468
f 583/1831/469 581/1832/469 582/1833/469
f 583/1831/469 582/1833/469 584/1834/469
f 577/1835/470 578/1836/470 582/1837/470
f 577/1835/470 582/1837/470 581/1838/470
f 580/1839/471 579/1840/471 583/1841/471
f 580/1839/471 583/1841/471 584/1842/471
f 579/1843/472 577/1844/472 581/1845/472
f 579/1843/472 581/1845/472 583/1846/472
f 584/1847/473 582/1848/473 578/1849/473
f 584/1847/473 578/1849/473 580/1850/473
f 588/1851/474 586/1852/474 585/1853/474
f 588/1851/474 585/1853/474 587/1854/474
f 591/1855/475 589/1856/475 590/1857/475
f 591/1855/475 590/1857/475 592/1858/475
f 585/1859/476 586/1860/476 590/1861/476
f 585/1859/476 590/1861/476 589/1862/476
f 588/1863/477 587/1864/477 591/1865/477
f 588/1863/477 591/1865/477 592/1866/477
f 587/1867/478 585/1868/478 589/1869/478
f 587/1867/478 589/1869/478 591/1870/478
f 592/1871/479 590/1872/479 586/1873/479
f 592/1871/479 586/1873/479 588/1874/479
usemtl m_57816b9e-dd3c-e50c-8031-a4812e7c13c1
f 596/1875/480 595/1876/480 594/1877/480
f 598/1878/481 596/1879/481 594/1880/481
f 612/1881/482 614/1882/482 598/1883/482
f 612/1881/482 598/1883/482 600/1884/482
f 600/1885/483 598/1886/483 594/1887/483
f 626/1888/484 593/1889/484 599/1890/484
f 624/1891/485 594/1892/485 602/1893/485
f 622/1894/486 593/1895/486 601/1896/486
f 620/1897/487 594/1898/487 604/1899/487
f 616/1900/488 618/1901/488 595/1902/488
f 616/1900/488 595/1902/488 596/1903/488
f 614/1904/489 616/1905/489 596/1906/489
f 614/1904/489 596/1906/489 598/1907/489
f 623/1908/490 624/1909/490 602/1910/490
f 623/1908/490 602/1910/490 610/1911/490
f 619/1912/491 620/1913/491 604/1914/491
f 619/1912/491 604/1914/491 609/1915/491
f 597/1916/492 599/1917/492 593/1918/492
f 606/1919/493 597/1920/493 593/1921/493
f 605/1922/494 606/1923/494 593/1924/494
f 622/1925/495 621/1926/495 607/1927/495
f 622/1925/495 607/1927/495 603/1928/495
f 621/1929/496 619/1930/496 609/1931/496
f 621/1929/496 609/1931/496 607/1932/496
f 626/1933/497 625/1934/497 608/1935/497
f 626/1933/497 608/1935/497 601/1936/497
usemtl m_83c5c9d6-2f1f-4d8b-9893-070f5a21dff2
f 631/1937/498 632/1938/498 630/1939/498
f 631/1937/498 630/1939/498 627/1940/498
usemtl m_57816b9e-dd3c-e50c-8031-a4812e7c13c1
f 613/1941/499 611/1942/499 599/1943/499
f 613/1941/499 599/1943/499 597/1944/499
f 614/1945/500 612/1946/500 611/1947/500
f 614/1945/500 611/1947/500 613/1948/500
f 615/1949/501 613/1950/501 597/1951/501
f 615/1949/501 597/1951/501 606/1952/501
f 616/1953/502 614/1954/502 613/1955/502
f 616/1953/502 613/1955/502 615/1956/502
f 617/1957/503 615/1958/503 606/1959/503
f 617/1957/503 606/1959/503 605/1960/503
f 618/1961/504 616/1962/504 615/1963/504
f 618/1961/504 615/1963/504 617/1964/504
f 620/1965/505 619/1966/505 610/1967/505
f 620/1965/505 610/1967/505 602/1968/505
f 620/1969/506 602/1970/506 594/1971/506
usemtl m_83c5c9d6-2f1f-4d8b-9893-070f5a21dff2
f 629/1972/507 628/1973/507 627/1974/507
f 629/1972/507 627/1974/507 630/1975/507
usemtl m_57816b9e-dd3c-e50c-8031-a4812e7c13c1
f 621/1976/508 622/1977/508 601/1978/508
f 621/1976/508 601/1978/508 608/1979/508
f 622/1980/509 603/1981/509 593/1982/509
f 624/1983/510 623/1984/510 612/1985/510
f 624/1983/510 612/1985/510 600/1986/510
f 624/1987/511 600/1988/511 594/1989/511
f 623/1990/512 625/1991/512 611/1992/512
f 623/1990/512 611/1992/512 612/1993/512
f 625/1994/513 626/1995/513 599/1996/513
f 625/1994/513 599/1996/513 611/1997/513
f 626/1998/514 601/1999/514 593/2000/514
f 608/2001/515 627/2002/515 628/2003/515
f 608/2001/515 628/2003/515 621/2004/515
f 621/2005/516 628/2006/516 629/2007/516
f 621/2005/516 629/2007/516 619/2008/516
f 619/2009/517 629/2010/517 630/2011/517
f 619/2009/517 630/2011/517 610/2012/517
f 610/2013/518 630/2014/518 632/2015/518
f 610/2013/518 632/2015/518 623/2016/518
f 623/2017/519 632/2018/519 631/2019/519
f 623/2017/519 631/2019/519 625/2020/519
f 625/2021/520 631/2022/520 627/2023/520
f 625/2021/520 627/2023/520 608/2024/520
usemtl m_64769e19-dab8-745c-e937-981c8d8466c2
f 696/2025/521 697/2026/521 633/2027/521
f 696/2025/521 633/2027/521 658/2028/521
f 689/2029/522 690/2030/522 666/2031/522
f 689/2029/522 666/2031/522 637/2032/522
f 675/2033/523 676/2034/523 651/2035/523
f 675/2033/523 651/2035/523 657/2036/523
f 669/2037/524 670/2038/524 662/2039/524
f 669/2037/524 662/2039/524 656/2040/524
f 687/2041/525 688/2042/525 651/2043/525
f 687/2041/525 651/2043/525 676/2044/525
f 692/2045/526 693/2046/526 674/2047/526
f 692/2045/526 674/2047/526 652/2048/526
usemtl m_57816b9e-dd3c-e50c-8031-a4812e7c13c1
f 667/2049/527 668/2050/527 649/2051/527
f 667/2049/527 649/2051/527 650/2052/527
usemtl m_64769e19-dab8-745c-e937-981c8d8466c2
f 664/2053/528 665/2054/528 642/2055/528
f 664/2053/528 642/2055/528 646/2056/528
f 659/2057/529 660/2058/529 645/2059/529
f 659/2057/529 645/2059/529 641/2060/529
f 699/2061/530 700/2062/530 649/2063/530
f 699/2061/530 649/2063/530 668/2064/530
f 701/2065/531 702/2066/531 664/2067/531
f 701/2065/531 664/2067/531 646/2068/531
f 704/2069/532 705/2070/532 672/2071/532
f 704/2069/532 672/2071/532 654/2072/532
f 708/2073/533 709/2074/533 645/2075/533
f 708/2073/533 645/2075/533 660/2076/533
f 711/2077/534 712/2078/534 650/2079/534
f 711/2077/534 650/2079/534 649/2080/534
f 713/2081/535 714/2082/535 651/2083/535
f 713/2081/535 651/2083/535 688/2084/535
f 714/2085/536 715/2086/536 657/2087/536
f 714/2085/536 657/2087/536 651/2088/536
f 716/2089/537 717/2090/537 692/2091/537
f 716/2089/537 692/2091/537 652/2092/537
f 718/2093/538 719/2094/538 654/2095/538
f 718/2093/538 654/2095/538 653/2096/538
f 719/2097/539 720/2098/539 704/2099/539
f 719/2097/539 704/2099/539 654/2100/539
f 722/2101/540 723/2102/540 656/2103/540
f 722/2101/540 656/2103/540 662/2104/540
f 724/2105/541 711/2106/541 649/2107/541
f 724/2105/541 649/2107/541 700/2108/541
f 674/2109/542 675/2110/542 657/2111/542
f 674/2109/542 657/2111/542 652/2112/542
f 695/2113/543 696/2114/543 658/2115/543
f 695/2113/543 658/2115/543 634/2116/543
f 660/2117/544 659/2118/544 644/2119/544
f 660/2117/544 644/2119/544 648/2120/544
f 707/2121/545 708/2122/545 660/2123/545
f 707/2121/545 660/2123/545 648/2124/545
f 670/2125/546 671/2126/546 655/2127/546
f 670/2125/546 655/2127/546 662/2128/546
f 721/2129/547 722/2130/547 662/2131/547
f 721/2129/547 662/2131/547 655/2132/547
f 702/2133/548 703/2134/548 647/2135/548
f 702/2133/548 647/2135/548 664/2136/548
f 665/2137/549 664/2138/549 647/2139/549
f 665/2137/549 647/2139/549 643/2140/549
f 690/2141/550 691/2142/550 638/2143/550
f 690/2141/550 638/2143/550 666/2144/550
f 715/2145/551 716/2146/551 652/2147/551
f 715/2145/551 652/2147/551 657/2148/551
f 677/2149/552 678/2150/552 668/2151/552
f 677/2149/552 668/2151/552 667/2152/552
f 710/2153/553 699/2154/553 668/2155/553
f 710/2153/553 668/2155/553 678/2156/553
f 679/2157/554 680/2158/554 670/2159/554
f 679/2157/554 670/2159/554 669/2160/554
f 680/2161/555 681/2162/555 671/2163/555
f 680/2161/555 671/2163/555 670/2164/555
f 705/2165/556 706/2166/556 682/2167/556
f 705/2165/556 682/2167/556 672/2168/556
f 682/2169/557 683/2170/557 673/2171/557
f 682/2169/557 673/2171/557 672/2172/557
f 693/2173/558 694/2174/558 684/2175/558
f 693/2173/558 684/2175/558 674/2176/558
f 684/2177/559 685/2178/559 675/2179/559
f 684/2177/559 675/2179/559 674/2180/559
f 685/2181/560 686/2182/560 676/2183/560
f 685/2181/560 676/2183/560 675/2184/560
f 698/2185/561 687/2186/561 676/2187/561
f 698/2185/561 676/2187/561 686/2188/561
f 678/2189/562 677/2190/562 641/2191/562
f 678/2189/562 641/2191/562 645/2192/562
f 709/2193/563 710/2194/563 678/2195/563
f 709/2193/563 678/2195/563 645/2196/563
f 680/2197/564 679/2198/564 635/2199/564
f 680/2197/564 635/2199/564 661/2200/564
f 681/2201/565 680/2202/565 661/2203/565
f 681/2201/565 661/2203/565 636/2204/565
f 706/2205/566 707/2206/566 648/2207/566
f 706/2205/566 648/2207/566 682/2208/566
f 683/2209/567 682/2210/567 648/2211/567
f 683/2209/567 648/2211/567 644/2212/567
f 694/2213/568 695/2214/568 634/2215/568
f 694/2213/568 634/2215/568 684/2216/568
f 685/2217/569 684/2218/569 634/2219/569
f 685/2217/569 634/2219/569 658/2220/569
f 686/2221/570 685/2222/570 658/2223/570
f 686/2221/570 658/2223/570 633/2224/570
f 697/2225/571 698/2226/571 686/2227/571
f 697/2225/571 686/2227/571 633/2228/571
f 688/2229/572 687/2230/572 667/2231/572
f 688/2229/572 667/2231/572 650/2232/572
f 712/2233/573 713/2234/573 688/2235/573
f 712/2233/573 688/2235/573 650/2236/573
f 690/2237/574 689/2238/574 642/2239/574
f 690/2237/574 642/2239/574 665/2240/574
f 691/2241/575 690/2242/575 665/2243/575
f 691/2241/575 665/2243/575 643/2244/575
f 717/2245/576 718/2246/576 653/2247/576
f 717/2245/576 653/2247/576 692/2248/576
f 693/2249/577 692/2250/577 653/2251/577
f 693/2249/577 653/2251/577 673/2252/577
f 694/2253/578 693/2254/578 673/2255/578
f 694/2253/578 673/2255/578 683/2256/578
f 695/2257/579 694/2258/579 683/2259/579
f 695/2257/579 683/2259/579 644/2260/579
f 696/2261/580 695/2262/580 644/2263/580
f 696/2261/580 644/2263/580 659/2264/580
f 697/2265/581 696/2266/581 659/2267/581
f 697/2265/581 659/2267/581 641/2268/581
f 698/2269/582 697/2270/582 641/2271/582
f 698/2269/582 641/2271/582 677/2272/582
f 687/2273/583 698/2274/583 677/2275/583
f 687/2273/583 677/2275/583 667/2276/583
f 700/2277/584 699/2278/584 669/2279/584
f 700/2277/584 669/2279/584 656/2280/584
f 723/2281/585 724/2282/585 700/2283/585
f 723/2281/585 700/2283/585 656/2284/585
f 702/2285/586 701/2286/586 639/2287/586
f 702/2285/586 639/2287/586 663/2288/586
f 703/2289/587 702/2290/587 663/2291/587
f 703/2289/587 663/2291/587 640/2292/587
f 720/2293/588 721/2294/588 655/2295/588
f 720/2293/588 655/2295/588 704/2296/588
f 705/2297/589 704/2298/589 655/2299/589
f 705/2297/589 655/2299/589 671/2300/589
f 706/2301/590 705/2302/590 671/2303/590
f 706/2301/590 671/2303/590 681/2304/590
f 707/2305/591 706/2306/591 681/2307/591
f 707/2305/591 681/2307/591 636/2308/591
f 708/2309/592 707/2310/592 636/2311/592
f 708/2309/592 636/2311/592 661/2312/592
f 709/2313/593 708/2314/593 661/2315/593
f 709/2313/593 661/2315/593 635/2316/593
f 710/2317/594 709/2318/594 635/2319/594
f 710/2317/594 635/2319/594 679/2320/594
f 699/2321/595 710/2322/595 679/2323/595
f 699/2321/595 679/2323/595 669/2324/595
f 712/2325/596 711/2326/596 646/2327/596
f 712/2325/596 646/2327/596 642/2328/596
f 713/2329/597 712/2330/597 642/2331/597
f 713/2329/597 642/2331/597 689/2332/597
f 714/2333/598 713/2334/598 689/2335/598
f 714/2333/598 689/2335/598 637/2336/598
f 715/2337/599 714/2338/599 637/2339/599
f 715/2337/599 637/2339/599 666/2340/599
f 716/2341/600 715/2342/600 666/2343/600
f 716/2341/600 666/2343/600 638/2344/600
f 717/2345/601 716/2346/601 638/2347/601
f 717/2345/601 638/2347/601 691/2348/601
f 718/2349/602 717/2350/602 691/2351/602
f 718/2349/602 691/2351/602 643/2352/602
f 719/2353/603 718/2354/603 643/2355/603
f 719/2353/603 643/2355/603 647/2356/603
f 720/2357/604 719/2358/604 647/2359/604
f 720/2357/604 647/2359/604 703/2360/604
f 721/2361/605 720/2362/605 703/2363/605
f 721/2361/605 703/2363/605 640/2364/605
f 722/2365/606 721/2366/606 640/2367/606
f 722/2365/606 640/2367/606 663/2368/606
f 723/2369/607 722/2370/607 663/2371/607
f 723/2369/607 663/2371/607 639/2372/607
f 724/2373/608 723/2374/608 639/2375/608
f 724/2373/608 639/2375/608 701/2376/608
f 711/2377/609 724/2378/609 701/2379/609
f 711/2377/609 701/2379/609 646/2380/609
usemtl m_3decf1d4-bb79-7704-2ee4-3d3d928292c8
f 728/2381/610 726/2382/610 725/2383/610
f 728/2381/610 725/2383/610 727/2384/610
usemtl m_57816b9e-dd3c-e50c-8031-a4812e7c13c1
f 729/2385/611 730/2386/611 732/2387/611
f 729/2385/611 732/2387/611 731/2388/611
f 734/2389/612 733/2390/612 735/2391/612
f 734/2389/612 735/2391/612 736/2392/612
f 734/2393/613 730/2394/613 729/2395/613
f 734/2393/613 729/2395/613 733/2396/613
f 735/2397/614 731/2398/614 732/2399/614
f 735/2397/614 732/2399/614 736/2400/614
f 733/2401/615 729/2402/615 731/2403/615
f 733/2401/615 731/2403/615 735/2404/615
f 730/2405/616 734/2406/616 736/2407/616
f 730/2405/616 736/2407/616 732/2408/616