# Made in Blockbench 4.12.6
mtllib bj_screendoor_1.mtl

o l_c
v 0.484375 0.625 -0.375
v 0.484375 0.625 -0.4375
v 0.484375 0.375 -0.375
v 0.484375 0.375 -0.5
v -1 0.625 -0.375
v -1 0.625 -0.4375
v -1 0.375 -0.375
v -1 0.375 -0.5
v 0.484375 0.5625 -0.5
v -1 0.5625 -0.5
v 0.484375 0.65625 -0.375
v 0.484375 0.65625 -0.5
v 0.484375 0.03125 -0.375
v 0.484375 0.03125 -0.5
v 0.484375 0.65625 -0.375
v 0.484375 0.65625 -0.5
v 0.484375 0.03125 -0.375
v 0.484375 0.03125 -0.5
v 0.375 0.6875 -0.3125
v 0.375 0.6875 -0.375
v 0.375 0.625 -0.3125
v 0.375 0.625 -0.375
v -0.375 0.6875 -0.3125
v -0.375 0.6875 -0.375
v -0.375 0.625 -0.3125
v -0.375 0.625 -0.375
v 0.375 1.625 -0.3125
v 0.375 1.625 -0.375
v 0.375 1.5625 -0.3125
v 0.375 1.5625 -0.375
v -0.375 1.625 -0.3125
v -0.375 1.625 -0.375
v -0.375 1.5625 -0.3125
v -0.375 1.5625 -0.375
v 0.46875 1.640625 -0.3125
v 0.46875 1.640625 -0.375
v 0.46875 1.625 -0.3125
v 0.46875 1.625 -0.375
v -0.5 1.640625 -0.3125
v -0.5 1.640625 -0.375
v -0.5 1.625 -0.3125
v -0.5 1.625 -0.375
v 0.375 0.0625 -0.3125
v 0.375 0.0625 -0.375
v 0.375 0 -0.3125
v 0.375 0 -0.375
v -0.375 0.0625 -0.3125
v -0.375 0.0625 -0.375
v -0.375 0 -0.3125
v -0.375 0 -0.375
v -0.375 1.625 -0.3125
v -0.375 1.625 -0.375
v -0.375 0.625 -0.3125
v -0.375 0.625 -0.375
v -0.5 1.625 -0.3125
v -0.5 1.625 -0.375
v -0.5 0.625 -0.3125
v -0.5 0.625 -0.375
v -0.375 0.625 -0.3125
v -0.375 0.625 -0.375
v -0.375 0 -0.3125
v -0.375 0 -0.375
v -0.5 0.625 -0.3125
v -0.5 0.625 -0.375
v -0.5 0 -0.3125
v -0.5 0 -0.375
v 0.46875 0.625 -0.3125
v 0.46875 0.625 -0.375
v 0.46875 0 -0.3125
v 0.46875 0 -0.375
v 0.375 0.625 -0.3125
v 0.375 0.625 -0.375
v 0.375 0 -0.3125
v 0.375 0 -0.375
v 0.46875 1.625 -0.3125
v 0.46875 1.625 -0.375
v 0.46875 0.625 -0.3125
v 0.46875 0.625 -0.375
v 0.375 1.625 -0.3125
v 0.375 1.625 -0.375
v 0.375 0.625 -0.3125
v 0.375 0.625 -0.375
v 0.375 0.625 -0.3125
v 0.375 0.625 -0.3125
v 0.375 0.0625 -0.3125
v 0.375 0.0625 -0.3125
v -0.375 0.625 -0.3125
v -0.375 0.625 -0.3125
v -0.375 0.0625 -0.3125
v -0.375 0.0625 -0.3125
v 0.5 1.640625 -0.3125
v 0.5 1.640625 -0.375
v 0.5 0 -0.3125
v 0.5 0 -0.375
v 0.46875 1.640625 -0.3125
v 0.46875 1.640625 -0.375
v 0.46875 0 -0.3125
v 0.46875 0 -0.375
v 0.390625 1 -0.31875
v 0.390625 1 -0.325
v 0.390625 0.875 -0.31875
v 0.390625 0.875 -0.325
v -0.421875 1 -0.31875
v -0.421875 1 -0.325
v -0.421875 0.875 -0.31875
v -0.421875 0.875 -0.325
v 0.078125 1.28125 -0.31875
v 0.078125 1.28125 -0.325
v 0.078125 1.09375 -0.31875
v 0.078125 1.09375 -0.325
v -0.109375 1.28125 -0.31875
v -0.109375 1.28125 -0.325
v -0.109375 1.09375 -0.31875
v -0.109375 1.09375 -0.325
v 0.328125 1.34375 -0.31875
v 0.328125 1.34375 -0.325
v 0.328125 1.09375 -0.31875
v 0.328125 1.09375 -0.325
v 0.140625 1.34375 -0.31875
v 0.140625 1.34375 -0.325
v 0.140625 1.09375 -0.31875
v 0.140625 1.09375 -0.325
vt 1.484375 0.875
vt 1.484375 1
vt 0 1
vt 0 0.875
vt 1.484375 0.75
vt 1.484375 1
vt 0 1
vt 0 0.75
vt 0 1
vt 1.484375 1
vt 1.484375 0.875
vt 0 0.875
vt 0 1
vt 0 0.875
vt 1.484375 0.875
vt 1.484375 1
vt 0 1
vt 0 1
vt 0 1
vt 0 1
vt 0 1
vt 0 1
vt 0 1
vt 0 1
vt 0 0.875
vt 1.484375 0.875
vt 1.484375 1
vt 0.125 0.375
vt 0.125 1
vt 0 1
vt 0 0.375
vt 0.125 0.375
vt 0.125 1
vt 0 1
vt 0 0.375
vt 0 1
vt 0 1
vt 0 0.875
vt 0 0.875
vt 0 1
vt 0 1
vt 0 0.875
vt 0 0.875
vt 0 1
vt 0 1
vt 0 0.375
vt 0 0.375
vt 0 1
vt 0 1
vt 0 0.375
vt 0 0.375
vt 0.484375 0.953125
vt 0.484375 0.984375
vt 0.453125 0.984375
vt 0.453125 0.953125
vt 0.609375 0.953125
vt 0.609375 0.984375
vt 0.578125 0.984375
vt 0.578125 0.953125
vt 0.671875 0.953125
vt 0.671875 0.984375
vt 0.640625 0.984375
vt 0.640625 0.953125
vt 0.734375 0.953125
vt 0.734375 0.984375
vt 0.703125 0.984375
vt 0.703125 0.953125
vt 0.546875 0.953125
vt 0.546875 0.984375
vt 0.515625 0.984375
vt 0.515625 0.953125
vt 0.421875 0.953125
vt 0.421875 0.984375
vt 0.390625 0.984375
vt 0.390625 0.953125
vt 0.859375 0.953125
vt 0.859375 0.984375
vt 0.828125 0.984375
vt 0.828125 0.953125
vt 0.984375 0.953125
vt 0.984375 0.984375
vt 0.953125 0.984375
vt 0.953125 0.953125
vt 0.046875 0.890625
vt 0.046875 0.921875
vt 0.015625 0.921875
vt 0.015625 0.890625
vt 0.109375 0.890625
vt 0.109375 0.921875
vt 0.078125 0.921875
vt 0.078125 0.890625
vt 0.921875 0.953125
vt 0.921875 0.984375
vt 0.890625 0.984375
vt 0.890625 0.953125
vt 0.796875 0.953125
vt 0.796875 0.984375
vt 0.765625 0.984375
vt 0.765625 0.953125
vt 0.234375 0.890625
vt 0.234375 0.921875
vt 0.203125 0.921875
vt 0.203125 0.890625
vt 0.359375 0.890625
vt 0.359375 0.921875
vt 0.328125 0.921875
vt 0.328125 0.890625
vt 0.421875 0.890625
vt 0.421875 0.921875
vt 0.390625 0.921875
vt 0.390625 0.890625
vt 0.484375 0.890625
vt 0.484375 0.921875
vt 0.453125 0.921875
vt 0.453125 0.890625
vt 0.296875 0.890625
vt 0.296875 0.921875
vt 0.265625 0.921875
vt 0.265625 0.890625
vt 0.171875 0.890625
vt 0.171875 0.921875
vt 0.140625 0.921875
vt 0.140625 0.890625
vt 0.609375 0.890625
vt 0.609375 0.921875
vt 0.578125 0.921875
vt 0.578125 0.890625
vt 0.734375 0.890625
vt 0.734375 0.921875
vt 0.703125 0.921875
vt 0.703125 0.890625
vt 0.796875 0.890625
vt 0.796875 0.921875
vt 0.765625 0.921875
vt 0.765625 0.890625
vt 0.859375 0.890625
vt 0.859375 0.921875
vt 0.828125 0.921875
vt 0.828125 0.890625
vt 0.671875 0.890625
vt 0.671875 0.921875
vt 0.640625 0.921875
vt 0.640625 0.890625
vt 0.546875 0.890625
vt 0.546875 0.921875
vt 0.515625 0.921875
vt 0.515625 0.890625
vt 0.984375 0.890625
vt 0.984375 0.921875
vt 0.953125 0.921875
vt 0.953125 0.890625
vt 0.109375 0.828125
vt 0.109375 0.859375
vt 0.078125 0.859375
vt 0.078125 0.828125
vt 0.171875 0.828125
vt 0.171875 0.859375
vt 0.140625 0.859375
vt 0.140625 0.828125
vt 0.234375 0.828125
vt 0.234375 0.859375
vt 0.203125 0.859375
vt 0.203125 0.828125
vt 0.046875 0.828125
vt 0.046875 0.859375
vt 0.015625 0.859375
vt 0.015625 0.828125
vt 0.921875 0.890625
vt 0.921875 0.921875
vt 0.890625 0.921875
vt 0.890625 0.890625
vt 0.984375 0.890625
vt 0.984375 0.921875
vt 0.953125 0.921875
vt 0.953125 0.890625
vt 0.109375 0.828125
vt 0.109375 0.859375
vt 0.078125 0.859375
vt 0.078125 0.828125
vt 0.171875 0.828125
vt 0.171875 0.859375
vt 0.140625 0.859375
vt 0.140625 0.828125
vt 0.234375 0.828125
vt 0.234375 0.859375
vt 0.203125 0.859375
vt 0.203125 0.828125
vt 0.046875 0.828125
vt 0.046875 0.859375
vt 0.015625 0.859375
vt 0.015625 0.828125
vt 0.921875 0.890625
vt 0.921875 0.921875
vt 0.890625 0.921875
vt 0.890625 0.890625
vt 0.109375 0.953125
vt 0.109375 0.984375
vt 0.078125 0.984375
vt 0.078125 0.953125
vt 0.234375 0.953125
vt 0.234375 0.984375
vt 0.203125 0.984375
vt 0.203125 0.953125
vt 0.296875 0.953125
vt 0.296875 0.984375
vt 0.265625 0.984375
vt 0.265625 0.953125
vt 0.359375 0.953125
vt 0.359375 0.984375
vt 0.328125 0.984375
vt 0.328125 0.953125
vt 0.171875 0.953125
vt 0.171875 0.984375
vt 0.140625 0.984375
vt 0.140625 0.953125
vt 0.046875 0.953125
vt 0.046875 0.984375
vt 0.015625 0.984375
vt 0.015625 0.953125
vt 0.109375 0.953125
vt 0.109375 0.984375
vt 0.078125 0.984375
vt 0.078125 0.953125
vt 0.234375 0.953125
vt 0.234375 0.984375
vt 0.203125 0.984375
vt 0.203125 0.953125
vt 0.296875 0.953125
vt 0.296875 0.984375
vt 0.265625 0.984375
vt 0.265625 0.953125
vt 0.359375 0.953125
vt 0.359375 0.984375
vt 0.328125 0.984375
vt 0.328125 0.953125
vt 0.171875 0.953125
vt 0.171875 0.984375
vt 0.140625 0.984375
vt 0.140625 0.953125
vt 0.046875 0.953125
vt 0.046875 0.984375
vt 0.015625 0.984375
vt 0.015625 0.953125
vt 0.734375 0.859375
vt 0.703125 0.859375
vt 0.734375 0.828125
vt 0.703125 0.828125
vt 0.859375 0.859375
vt 0.828125 0.859375
vt 0.859375 0.828125
vt 0.828125 0.828125
vt 0.921875 0.859375
vt 0.890625 0.859375
vt 0.921875 0.828125
vt 0.890625 0.828125
vt 0.984375 0.859375
vt 0.953125 0.859375
vt 0.984375 0.828125
vt 0.953125 0.828125
vt 0.796875 0.828125
vt 0.796875 0.859375
vt 0.765625 0.859375
vt 0.765625 0.828125
vt 0.671875 0.828125
vt 0.671875 0.859375
vt 0.640625 0.859375
vt 0.640625 0.828125
vt 0.359375 0.828125
vt 0.359375 0.859375
vt 0.328125 0.859375
vt 0.328125 0.828125
vt 0.484375 0.828125
vt 0.484375 0.859375
vt 0.453125 0.859375
vt 0.453125 0.828125
vt 0.546875 0.828125
vt 0.546875 0.859375
vt 0.515625 0.859375
vt 0.515625 0.828125
vt 0.609375 0.828125
vt 0.609375 0.859375
vt 0.578125 0.859375
vt 0.578125 0.828125
vt 0.421875 0.828125
vt 0.421875 0.859375
vt 0.390625 0.859375
vt 0.390625 0.828125
vt 0.296875 0.828125
vt 0.296875 0.859375
vt 0.265625 0.859375
vt 0.265625 0.828125
vt 1.0484375 0.8515625
vt 1.0484375 1
vt 0 1
vt 0 0.8515625
vt 0 1
vt 1 1
vt 1 0.84375
vt 0 0.84375
vt 0.546875 0.26015625
vt 0.546875 0.53359375
vt 0.2734375 0.53359375
vt 0.2734375 0.26015625
vt 0.2734375 0.53359375
vt 0.546875 0.53359375
vt 0.546875 0.26015625
vt 0.2734375 0.26015625
vt 0.378125 0.548828125
vt 0.378125 0.837890625
vt 0.1890625 0.837890625
vt 0.1890625 0.548828125
vt 0.1890625 0.83765625
vt 0.3765625 0.83765625
vt 0.3765625 0.54859375
vt 0.1890625 0.54859375
vn 0 1 0
vn 0 0 1
vn 0 0 -1
vn 0 0.7071067811865476 -0.7071067811865476
vn -1 0 0
vn -1 0 0
vn 0 -1 0
vn 1 0 0
vn -1 0 0
vn 0 0 0
vn 0 0 0
vn 0 0 0
vn 0 0 0
vn 1 0 0
vn -1 0 0
vn 0 1 0
vn 0 -1 0
vn 0 0 1
vn 0 0 -1
vn 1 0 0
vn -1 0 0
vn 0 1 0
vn 0 -1 0
vn 0 0 1
vn 0 0 -1
vn 1 0 0
vn -1 0 0
vn 0 1 0
vn 0 -1 0
vn 0 0 1
vn 0 0 -1
vn 1 0 0
vn -1 0 0
vn 0 1 0
vn 0 -1 0
vn 0 0 1
vn 0 0 -1
vn 1 0 0
vn -1 0 0
vn 0 1 0
vn 0 -1 0
vn 0 0 1
vn 0 0 -1
vn 1 0 0
vn -1 0 0
vn 0 1 0
vn 0 -1 0
vn 0 0 1
vn 0 0 -1
vn 1 0 0
vn -1 0 0
vn 0 1 0
vn 0 -1 0
vn 0 0 1
vn 0 0 -1
vn 1 0 0
vn -1 0 0
vn 0 1 0
vn 0 -1 0
vn 0 0 1
vn 0 0 -1
vn 0 0 0
vn 0 0 0
vn 0 0 0
vn 0 0 0
vn 0 0 1
vn 0 0 -1
vn 1 0 0
vn -1 0 0
vn 0 1 0
vn 0 -1 0
vn 0 0 1
vn 0 0 -1
vn 0 0 1
vn 0 0 -1
vn 0 0 1
vn 0 0 -1
vn 0 0 1
vn 0 0 -1
usemtl m_f59e3bac-8fcc-890c-63e5-9d78c1a9e541
f 1/1/1 2/2/1 6/3/1
f 1/1/1 6/3/1 5/4/1
f 3/5/2 1/6/2 5/7/2
f 3/5/2 5/7/2 7/8/2
f 10/9/3 9/10/3 4/11/3
f 10/9/3 4/11/3 8/12/3
f 2/13/4 9/14/4 10/15/4
f 2/13/4 10/15/4 6/16/4
f 5/17/5 6/18/5 10/19/5
f 5/17/5 10/19/5 7/20/5
f 8/21/6 7/22/6 10/23/6
f 7/24/7 8/25/7 4/26/7
f 7/24/7 4/26/7 3/27/7
usemtl m_cc4cbd32-c453-a4c6-e794-5e5fa231e7f1
f 14/28/8 12/29/8 11/30/8
f 14/28/8 11/30/8 13/31/8
f 17/32/9 15/33/9 16/34/9
f 17/32/9 16/34/9 18/35/9
f 12/36/10 16/37/10 11/38/10
f 12/36/10 11/38/10 15/39/10
f 13/40/11 17/41/11 14/42/11
f 13/40/11 14/42/11 18/43/11
f 11/44/12 15/45/12 13/46/12
f 11/44/12 13/46/12 17/47/12
f 16/48/13 12/49/13 18/50/13
f 16/48/13 18/50/13 14/51/13
f 22/52/14 20/53/14 19/54/14
f 22/52/14 19/54/14 21/55/14
f 25/56/15 23/57/15 24/58/15
f 25/56/15 24/58/15 26/59/15
f 19/60/16 20/61/16 24/62/16
f 19/60/16 24/62/16 23/63/16
f 22/64/17 21/65/17 25/66/17
f 22/64/17 25/66/17 26/67/17
usemtl m_95e20f84-55bb-7186-f91a-586499bd637e
f 21/68/18 19/69/18 23/70/18
f 21/68/18 23/70/18 25/71/18
usemtl m_cc4cbd32-c453-a4c6-e794-5e5fa231e7f1
f 26/72/19 24/73/19 20/74/19
f 26/72/19 20/74/19 22/75/19
f 30/76/20 28/77/20 27/78/20
f 30/76/20 27/78/20 29/79/20
f 33/80/21 31/81/21 32/82/21
f 33/80/21 32/82/21 34/83/21
f 27/84/22 28/85/22 32/86/22
f 27/84/22 32/86/22 31/87/22
f 30/88/23 29/89/23 33/90/23
f 30/88/23 33/90/23 34/91/23
usemtl m_95e20f84-55bb-7186-f91a-586499bd637e
f 29/92/24 27/93/24 31/94/24
f 29/92/24 31/94/24 33/95/24
usemtl m_cc4cbd32-c453-a4c6-e794-5e5fa231e7f1
f 34/96/25 32/97/25 28/98/25
f 34/96/25 28/98/25 30/99/25
f 38/100/26 36/101/26 35/102/26
f 38/100/26 35/102/26 37/103/26
f 41/104/27 39/105/27 40/106/27
f 41/104/27 40/106/27 42/107/27
f 35/108/28 36/109/28 40/110/28
f 35/108/28 40/110/28 39/111/28
f 38/112/29 37/113/29 41/114/29
f 38/112/29 41/114/29 42/115/29
f 37/116/30 35/117/30 39/118/30
f 37/116/30 39/118/30 41/119/30
f 42/120/31 40/121/31 36/122/31
f 42/120/31 36/122/31 38/123/31
f 46/124/32 44/125/32 43/126/32
f 46/124/32 43/126/32 45/127/32
f 49/128/33 47/129/33 48/130/33
f 49/128/33 48/130/33 50/131/33
f 43/132/34 44/133/34 48/134/34
f 43/132/34 48/134/34 47/135/34
f 46/136/35 45/137/35 49/138/35
f 46/136/35 49/138/35 50/139/35
usemtl m_f59e3bac-8fcc-890c-63e5-9d78c1a9e541
f 45/140/36 43/141/36 47/142/36
f 45/140/36 47/142/36 49/143/36
usemtl m_cc4cbd32-c453-a4c6-e794-5e5fa231e7f1
f 50/144/37 48/145/37 44/146/37
f 50/144/37 44/146/37 46/147/37
f 54/148/38 52/149/38 51/150/38
f 54/148/38 51/150/38 53/151/38
f 57/152/39 55/153/39 56/154/39
f 57/152/39 56/154/39 58/155/39
f 51/156/40 52/157/40 56/158/40
f 51/156/40 56/158/40 55/159/40
f 54/160/41 53/161/41 57/162/41
f 54/160/41 57/162/41 58/163/41
usemtl m_95e20f84-55bb-7186-f91a-586499bd637e
f 53/164/42 51/165/42 55/166/42
f 53/164/42 55/166/42 57/167/42
usemtl m_cc4cbd32-c453-a4c6-e794-5e5fa231e7f1
f 58/168/43 56/169/43 52/170/43
f 58/168/43 52/170/43 54/171/43
f 62/172/44 60/173/44 59/174/44
f 62/172/44 59/174/44 61/175/44
f 65/176/45 63/177/45 64/178/45
f 65/176/45 64/178/45 66/179/45
f 59/180/46 60/181/46 64/182/46
f 59/180/46 64/182/46 63/183/46
f 62/184/47 61/185/47 65/186/47
f 62/184/47 65/186/47 66/187/47
usemtl m_f59e3bac-8fcc-890c-63e5-9d78c1a9e541
f 61/188/48 59/189/48 63/190/48
f 61/188/48 63/190/48 65/191/48
usemtl m_cc4cbd32-c453-a4c6-e794-5e5fa231e7f1
f 66/192/49 64/193/49 60/194/49
f 66/192/49 60/194/49 62/195/49
f 70/196/50 68/197/50 67/198/50
f 70/196/50 67/198/50 69/199/50
f 73/200/51 71/201/51 72/202/51
f 73/200/51 72/202/51 74/203/51
f 67/204/52 68/205/52 72/206/52
f 67/204/52 72/206/52 71/207/52
f 70/208/53 69/209/53 73/210/53
f 70/208/53 73/210/53 74/211/53
usemtl m_f59e3bac-8fcc-890c-63e5-9d78c1a9e541
f 69/212/54 67/213/54 71/214/54
f 69/212/54 71/214/54 73/215/54
usemtl m_cc4cbd32-c453-a4c6-e794-5e5fa231e7f1
f 74/216/55 72/217/55 68/218/55
f 74/216/55 68/218/55 70/219/55
f 78/220/56 76/221/56 75/222/56
f 78/220/56 75/222/56 77/223/56
f 81/224/57 79/225/57 80/226/57
f 81/224/57 80/226/57 82/227/57
f 75/228/58 76/229/58 80/230/58
f 75/228/58 80/230/58 79/231/58
f 78/232/59 77/233/59 81/234/59
f 78/232/59 81/234/59 82/235/59
usemtl m_95e20f84-55bb-7186-f91a-586499bd637e
f 77/236/60 75/237/60 79/238/60
f 77/236/60 79/238/60 81/239/60
usemtl m_cc4cbd32-c453-a4c6-e794-5e5fa231e7f1
f 82/240/61 80/241/61 76/242/61
f 82/240/61 76/242/61 78/243/61
usemtl m_f59e3bac-8fcc-890c-63e5-9d78c1a9e541
f 84/244/62 83/245/62 86/246/62
f 84/244/62 86/246/62 85/247/62
f 87/248/63 88/249/63 89/250/63
f 87/248/63 89/250/63 90/251/63
f 84/252/64 88/253/64 83/254/64
f 84/252/64 83/254/64 87/255/64
f 85/256/65 89/257/65 86/258/65
f 85/256/65 86/258/65 90/259/65
f 85/260/66 83/261/66 87/262/66
f 85/260/66 87/262/66 89/263/66
f 90/264/67 88/265/67 84/266/67
f 90/264/67 84/266/67 86/267/67
usemtl m_95e20f84-55bb-7186-f91a-586499bd637e
f 94/268/68 92/269/68 91/270/68
f 94/268/68 91/270/68 93/271/68
f 97/272/69 95/273/69 96/274/69
f 97/272/69 96/274/69 98/275/69
f 91/276/70 92/277/70 96/278/70
f 91/276/70 96/278/70 95/279/70
f 94/280/71 93/281/71 97/282/71
f 94/280/71 97/282/71 98/283/71
f 93/284/72 91/285/72 95/286/72
f 93/284/72 95/286/72 97/287/72
f 98/288/73 96/289/73 92/290/73
f 98/288/73 92/290/73 94/291/73
usemtl m_5f2fd1b5-ab02-44be-a8b7-644236d05904
f 101/292/74 99/293/74 103/294/74
f 101/292/74 103/294/74 105/295/74
f 104/296/75 100/297/75 102/298/75
f 104/296/75 102/298/75 106/299/75
f 109/300/76 107/301/76 111/302/76
f 109/300/76 111/302/76 113/303/76
f 112/304/77 108/305/77 110/306/77
f 112/304/77 110/306/77 114/307/77
f 117/308/78 115/309/78 119/310/78
f 117/308/78 119/310/78 121/311/78
f 120/312/79 116/313/79 118/314/79
f 120/312/79 118/314/79 122/315/79
o l_l
v 0.859375 0.625 -0.375
v 0.859375 0.625 -0.4375
v 0.859375 0.375 -0.375
v 0.859375 0.375 -0.5
v -1 0.625 -0.375
v -1 0.625 -0.4375
v -1 0.375 -0.375
v -1 0.375 -0.5
v 0.859375 0.5625 -0.5
v -1 0.5625 -0.5
v 0.859375 0.65625 -0.375
v 0.859375 0.65625 -0.5
v 0.859375 0.03125 -0.375
v 0.859375 0.03125 -0.5
v 0.859375 0.65625 -0.375
v 0.859375 0.65625 -0.5
v 0.859375 0.03125 -0.375
v 0.859375 0.03125 -0.5
v 0.75 0.6875 -0.3125
v 0.75 0.6875 -0.375
v 0.75 0.625 -0.3125
v 0.75 0.625 -0.375
v -0.375 0.6875 -0.3125
v -0.375 0.6875 -0.375
v -0.375 0.625 -0.3125
v -0.375 0.625 -0.375
v 0.75 1.625 -0.3125
v 0.75 1.625 -0.375
v 0.75 1.5625 -0.3125
v 0.75 1.5625 -0.375
v -0.375 1.625 -0.3125
v -0.375 1.625 -0.375
v -0.375 1.5625 -0.3125
v -0.375 1.5625 -0.375
v 0.84375 1.640625 -0.3125
v 0.84375 1.640625 -0.375
v 0.84375 1.625 -0.3125
v 0.84375 1.625 -0.375
v -0.5 1.640625 -0.3125
v -0.5 1.640625 -0.375
v -0.5 1.625 -0.3125
v -0.5 1.625 -0.375
v 0.75 0.0625 -0.3125
v 0.75 0.0625 -0.375
v 0.75 0 -0.3125
v 0.75 0 -0.375
v -0.375 0.0625 -0.3125
v -0.375 0.0625 -0.375
v -0.375 0 -0.3125
v -0.375 0 -0.375
v -0.375 1.625 -0.3125
v -0.375 1.625 -0.375
v -0.375 0.625 -0.3125
v -0.375 0.625 -0.375
v -0.5 1.625 -0.3125
v -0.5 1.625 -0.375
v -0.5 0.625 -0.3125
v -0.5 0.625 -0.375
v -0.375 0.625 -0.3125
v -0.375 0.625 -0.375
v -0.375 0 -0.3125
v -0.375 0 -0.375
v -0.5 0.625 -0.3125
v -0.5 0.625 -0.375
v -0.5 0 -0.3125
v -0.5 0 -0.375
v 0.84375 0.625 -0.3125
v 0.84375 0.625 -0.375
v 0.84375 0 -0.3125
v 0.84375 0 -0.375
v 0.75 0.625 -0.3125
v 0.75 0.625 -0.375
v 0.75 0 -0.3125
v 0.75 0 -0.375
v 0.84375 1.625 -0.3125
v 0.84375 1.625 -0.375
v 0.84375 0.625 -0.3125
v 0.84375 0.625 -0.375
v 0.75 1.625 -0.3125
v 0.75 1.625 -0.375
v 0.75 0.625 -0.3125
v 0.75 0.625 -0.375
v 0.75 0.625 -0.3125
v 0.75 0.625 -0.3125
v 0.75 0.0625 -0.3125
v 0.75 0.0625 -0.3125
v -0.375 0.625 -0.3125
v -0.375 0.625 -0.3125
v -0.375 0.0625 -0.3125
v -0.375 0.0625 -0.3125
v 0.875 1.640625 -0.3125
v 0.875 1.640625 -0.375
v 0.875 0 -0.3125
v 0.875 0 -0.375
v 0.84375 1.640625 -0.3125
v 0.84375 1.640625 -0.375
v 0.84375 0 -0.3125
v 0.84375 0 -0.375
v 0.78125 1 -0.31875000000000003
v 0.78125 1 -0.325
v 0.78125 0.875 -0.31875000000000003
v 0.78125 0.875 -0.325
v -0.40625 1 -0.31875000000000003
v -0.40625 1 -0.325
v -0.40625 0.875 -0.31875000000000003
v -0.40625 0.875 -0.325
v 0.28125 1.28125 -0.31875000000000003
v 0.28125 1.28125 -0.325
v 0.28125 1.09375 -0.31875000000000003
v 0.28125 1.09375 -0.325
v 0.09375 1.28125 -0.31875000000000003
v 0.09375 1.28125 -0.325
v 0.09375 1.09375 -0.31875000000000003
v 0.09375 1.09375 -0.325
v 0.703125 1.34375 -0.31875
v 0.703125 1.34375 -0.32499999999999996
v 0.703125 1.09375 -0.31875
v 0.703125 1.09375 -0.32499999999999996
v 0.515625 1.34375 -0.31875
v 0.515625 1.34375 -0.32499999999999996
v 0.515625 1.09375 -0.31875
v 0.515625 1.09375 -0.32499999999999996
vt 1.484375 0.875
vt 1.484375 1
vt 0 1
vt 0 0.875
vt 1.484375 0.75
vt 1.484375 1
vt 0 1
vt 0 0.75
vt 0 1
vt 1.484375 1
vt 1.484375 0.875
vt 0 0.875
vt 0 1
vt 0 0.875
vt 1.484375 0.875
vt 1.484375 1
vt 0 1
vt 0 1
vt 0 1
vt 0 1
vt 0 1
vt 0 1
vt 0 1
vt 0 1
vt 0 0.875
vt 1.484375 0.875
vt 1.484375 1
vt 0.125 0.375
vt 0.125 1
vt 0 1
vt 0 0.375
vt 0.125 0.375
vt 0.125 1
vt 0 1
vt 0 0.375
vt 0 1
vt 0 1
vt 0 0.875
vt 0 0.875
vt 0 1
vt 0 1
vt 0 0.875
vt 0 0.875
vt 0 1
vt 0 1
vt 0 0.375
vt 0 0.375
vt 0 1
vt 0 1
vt 0 0.375
vt 0 0.375
vt 0.484375 0.953125
vt 0.484375 0.984375
vt 0.453125 0.984375
vt 0.453125 0.953125
vt 0.609375 0.953125
vt 0.609375 0.984375
vt 0.578125 0.984375
vt 0.578125 0.953125
vt 0.671875 0.953125
vt 0.671875 0.984375
vt 0.640625 0.984375
vt 0.640625 0.953125
vt 0.734375 0.953125
vt 0.734375 0.984375
vt 0.703125 0.984375
vt 0.703125 0.953125
vt 0.546875 0.953125
vt 0.546875 0.984375
vt 0.515625 0.984375
vt 0.515625 0.953125
vt 0.421875 0.953125
vt 0.421875 0.984375
vt 0.390625 0.984375
vt 0.390625 0.953125
vt 0.859375 0.953125
vt 0.859375 0.984375
vt 0.828125 0.984375
vt 0.828125 0.953125
vt 0.984375 0.953125
vt 0.984375 0.984375
vt 0.953125 0.984375
vt 0.953125 0.953125
vt 0.046875 0.890625
vt 0.046875 0.921875
vt 0.015625 0.921875
vt 0.015625 0.890625
vt 0.109375 0.890625
vt 0.109375 0.921875
vt 0.078125 0.921875
vt 0.078125 0.890625
vt 0.921875 0.953125
vt 0.921875 0.984375
vt 0.890625 0.984375
vt 0.890625 0.953125
vt 0.796875 0.953125
vt 0.796875 0.984375
vt 0.765625 0.984375
vt 0.765625 0.953125
vt 0.234375 0.890625
vt 0.234375 0.921875
vt 0.203125 0.921875
vt 0.203125 0.890625
vt 0.359375 0.890625
vt 0.359375 0.921875
vt 0.328125 0.921875
vt 0.328125 0.890625
vt 0.421875 0.890625
vt 0.421875 0.921875
vt 0.390625 0.921875
vt 0.390625 0.890625
vt 0.484375 0.890625
vt 0.484375 0.921875
vt 0.453125 0.921875
vt 0.453125 0.890625
vt 0.296875 0.890625
vt 0.296875 0.921875
vt 0.265625 0.921875
vt 0.265625 0.890625
vt 0.171875 0.890625
vt 0.171875 0.921875
vt 0.140625 0.921875
vt 0.140625 0.890625
vt 0.609375 0.890625
vt 0.609375 0.921875
vt 0.578125 0.921875
vt 0.578125 0.890625
vt 0.734375 0.890625
vt 0.734375 0.921875
vt 0.703125 0.921875
vt 0.703125 0.890625
vt 0.796875 0.890625
vt 0.796875 0.921875
vt 0.765625 0.921875
vt 0.765625 0.890625
vt 0.859375 0.890625
vt 0.859375 0.921875
vt 0.828125 0.921875
vt 0.828125 0.890625
vt 0.671875 0.890625
vt 0.671875 0.921875
vt 0.640625 0.921875
vt 0.640625 0.890625
vt 0.546875 0.890625
vt 0.546875 0.921875
vt 0.515625 0.921875
vt 0.515625 0.890625
vt 0.984375 0.890625
vt 0.984375 0.921875
vt 0.953125 0.921875
vt 0.953125 0.890625
vt 0.109375 0.828125
vt 0.109375 0.859375
vt 0.078125 0.859375
vt 0.078125 0.828125
vt 0.171875 0.828125
vt 0.171875 0.859375
vt 0.140625 0.859375
vt 0.140625 0.828125
vt 0.234375 0.828125
vt 0.234375 0.859375
vt 0.203125 0.859375
vt 0.203125 0.828125
vt 0.046875 0.828125
vt 0.046875 0.859375
vt 0.015625 0.859375
vt 0.015625 0.828125
vt 0.921875 0.890625
vt 0.921875 0.921875
vt 0.890625 0.921875
vt 0.890625 0.890625
vt 0.984375 0.890625
vt 0.984375 0.921875
vt 0.953125 0.921875
vt 0.953125 0.890625
vt 0.109375 0.828125
vt 0.109375 0.859375
vt 0.078125 0.859375
vt 0.078125 0.828125
vt 0.171875 0.828125
vt 0.171875 0.859375
vt 0.140625 0.859375
vt 0.140625 0.828125
vt 0.234375 0.828125
vt 0.234375 0.859375
vt 0.203125 0.859375
vt 0.203125 0.828125
vt 0.046875 0.828125
vt 0.046875 0.859375
vt 0.015625 0.859375
vt 0.015625 0.828125
vt 0.921875 0.890625
vt 0.921875 0.921875
vt 0.890625 0.921875
vt 0.890625 0.890625
vt 0.109375 0.953125
vt 0.109375 0.984375
vt 0.078125 0.984375
vt 0.078125 0.953125
vt 0.234375 0.953125
vt 0.234375 0.984375
vt 0.203125 0.984375
vt 0.203125 0.953125
vt 0.296875 0.953125
vt 0.296875 0.984375
vt 0.265625 0.984375
vt 0.265625 0.953125
vt 0.359375 0.953125
vt 0.359375 0.984375
vt 0.328125 0.984375
vt 0.328125 0.953125
vt 0.171875 0.953125
vt 0.171875 0.984375
vt 0.140625 0.984375
vt 0.140625 0.953125
vt 0.046875 0.953125
vt 0.046875 0.984375
vt 0.015625 0.984375
vt 0.015625 0.953125
vt 0.109375 0.953125
vt 0.109375 0.984375
vt 0.078125 0.984375
vt 0.078125 0.953125
vt 0.234375 0.953125
vt 0.234375 0.984375
vt 0.203125 0.984375
vt 0.203125 0.953125
vt 0.296875 0.953125
vt 0.296875 0.984375
vt 0.265625 0.984375
vt 0.265625 0.953125
vt 0.359375 0.953125
vt 0.359375 0.984375
vt 0.328125 0.984375
vt 0.328125 0.953125
vt 0.171875 0.953125
vt 0.171875 0.984375
vt 0.140625 0.984375
vt 0.140625 0.953125
vt 0.046875 0.953125
vt 0.046875 0.984375
vt 0.015625 0.984375
vt 0.015625 0.953125
vt 0.734375 0.859375
vt 0.703125 0.859375
vt 0.734375 0.828125
vt 0.703125 0.828125
vt 0.859375 0.859375
vt 0.828125 0.859375
vt 0.859375 0.828125
vt 0.828125 0.828125
vt 0.921875 0.859375
vt 0.890625 0.859375
vt 0.921875 0.828125
vt 0.890625 0.828125
vt 0.984375 0.859375
vt 0.953125 0.859375
vt 0.984375 0.828125
vt 0.953125 0.828125
vt 0.796875 0.828125
vt 0.796875 0.859375
vt 0.765625 0.859375
vt 0.765625 0.828125
vt 0.671875 0.828125
vt 0.671875 0.859375
vt 0.640625 0.859375
vt 0.640625 0.828125
vt 0.359375 0.828125
vt 0.359375 0.859375
vt 0.328125 0.859375
vt 0.328125 0.828125
vt 0.484375 0.828125
vt 0.484375 0.859375
vt 0.453125 0.859375
vt 0.453125 0.828125
vt 0.546875 0.828125
vt 0.546875 0.859375
vt 0.515625 0.859375
vt 0.515625 0.828125
vt 0.609375 0.828125
vt 0.609375 0.859375
vt 0.578125 0.859375
vt 0.578125 0.828125
vt 0.421875 0.828125
vt 0.421875 0.859375
vt 0.390625 0.859375
vt 0.390625 0.828125
vt 0.296875 0.828125
vt 0.296875 0.859375
vt 0.265625 0.859375
vt 0.265625 0.828125
vt 1.0484375 0.8515625
vt 1.0484375 1
vt 0 1
vt 0 0.8515625
vt 0 1
vt 1 1
vt 1 0.84375
vt 0 0.84375
vt 0.546875 0.26015625
vt 0.546875 0.53359375
vt 0.2734375 0.53359375
vt 0.2734375 0.26015625
vt 0.2734375 0.53359375
vt 0.546875 0.53359375
vt 0.546875 0.26015625
vt 0.2734375 0.26015625
vt 0.378125 0.548828125
vt 0.378125 0.837890625
vt 0.1890625 0.837890625
vt 0.1890625 0.548828125
vt 0.1890625 0.83765625
vt 0.3765625 0.83765625
vt 0.3765625 0.54859375
vt 0.1890625 0.54859375
vn 0 1 0
vn 0 0 1
vn 0 0 -1
vn 0 0.7071067811865476 -0.7071067811865476
vn -1 0 0
vn -1 0 0
vn 0 -1 0
vn 1 0 0
vn -1 0 0
vn 0 0 0
vn 0 0 0
vn 0 0 0
vn 0 0 0
vn 1 0 0
vn -1 0 0
vn 0 1 0
vn 0 -1 0
vn 0 0 1
vn 0 0 -1
vn 1 0 0
vn -1 0 0
vn 0 1 0
vn 0 -1 0
vn 0 0 1
vn 0 0 -1
vn 1 0 0
vn -1 0 0
vn 0 1 0
vn 0 -1 0
vn 0 0 1
vn 0 0 -1
vn 1 0 0
vn -1 0 0
vn 0 1 0
vn 0 -1 0
vn 0 0 1
vn 0 0 -1
vn 1 0 0
vn -1 0 0
vn 0 1 0
vn 0 -1 0
vn 0 0 1
vn 0 0 -1
vn 1 0 0
vn -1 0 0
vn 0 1 0
vn 0 -1 0
vn 0 0 1
vn 0 0 -1
vn 1 0 0
vn -1 0 0
vn 0 1 0
vn 0 -1 0
vn 0 0 1
vn 0 0 -1
vn 1 0 0
vn -1 0 0
vn 0 1 0
vn 0 -1 0
vn 0 0 1
vn 0 0 -1
vn 0 0 0
vn 0 0 0
vn 0 0 0
vn 0 0 0
vn 0 0 1
vn 0 0 -1
vn 1 0 0
vn -1 0 0
vn 0 1 0
vn 0 -1 0
vn 0 0 1
vn 0 0 -1
vn 0 0 1
vn 0 0 -1
vn 0 0 1
vn 0 0 -1
vn 0 0 1
vn 0 0 -1
usemtl m_f59e3bac-8fcc-890c-63e5-9d78c1a9e541
f 123/316/80 124/317/80 128/318/80
f 123/316/80 128/318/80 127/319/80
f 125/320/81 123/321/81 127/322/81
f 125/320/81 127/322/81 129/323/81
f 132/324/82 131/325/82 126/326/82
f 132/324/82 126/326/82 130/327/82
f 124/328/83 131/329/83 132/330/83
f 124/328/83 132/330/83 128/331/83
f 127/332/84 128/333/84 132/334/84
f 127/332/84 132/334/84 129/335/84
f 130/336/85 129/337/85 132/338/85
f 129/339/86 130/340/86 126/341/86
f 129/339/86 126/341/86 125/342/86
usemtl m_cc4cbd32-c453-a4c6-e794-5e5fa231e7f1
f 136/343/87 134/344/87 133/345/87
f 136/343/87 133/345/87 135/346/87
f 139/347/88 137/348/88 138/349/88
f 139/347/88 138/349/88 140/350/88
f 134/351/89 138/352/89 133/353/89
f 134/351/89 133/353/89 137/354/89
f 135/355/90 139/356/90 136/357/90
f 135/355/90 136/357/90 140/358/90
f 133/359/91 137/360/91 135/361/91
f 133/359/91 135/361/91 139/362/91
f 138/363/92 134/364/92 140/365/92
f 138/363/92 140/365/92 136/366/92
f 144/367/93 142/368/93 141/369/93
f 144/367/93 141/369/93 143/370/93
f 147/371/94 145/372/94 146/373/94
f 147/371/94 146/373/94 148/374/94
f 141/375/95 142/376/95 146/377/95
f 141/375/95 146/377/95 145/378/95
f 144/379/96 143/380/96 147/381/96
f 144/379/96 147/381/96 148/382/96
usemtl m_95e20f84-55bb-7186-f91a-586499bd637e
f 143/383/97 141/384/97 145/385/97
f 143/383/97 145/385/97 147/386/97
usemtl m_cc4cbd32-c453-a4c6-e794-5e5fa231e7f1
f 148/387/98 146/388/98 142/389/98
f 148/387/98 142/389/98 144/390/98
f 152/391/99 150/392/99 149/393/99
f 152/391/99 149/393/99 151/394/99
f 155/395/100 153/396/100 154/397/100
f 155/395/100 154/397/100 156/398/100
f 149/399/101 150/400/101 154/401/101
f 149/399/101 154/401/101 153/402/101
f 152/403/102 151/404/102 155/405/102
f 152/403/102 155/405/102 156/406/102
usemtl m_95e20f84-55bb-7186-f91a-586499bd637e
f 151/407/103 149/408/103 153/409/103
f 151/407/103 153/409/103 155/410/103
usemtl m_cc4cbd32-c453-a4c6-e794-5e5fa231e7f1
f 156/411/104 154/412/104 150/413/104
f 156/411/104 150/413/104 152/414/104
f 160/415/105 158/416/105 157/417/105
f 160/415/105 157/417/105 159/418/105
f 163/419/106 161/420/106 162/421/106
f 163/419/106 162/421/106 164/422/106
f 157/423/107 158/424/107 162/425/107
f 157/423/107 162/425/107 161/426/107
f 160/427/108 159/428/108 163/429/108
f 160/427/108 163/429/108 164/430/108
f 159/431/109 157/432/109 161/433/109
f 159/431/109 161/433/109 163/434/109
f 164/435/110 162/436/110 158/437/110
f 164/435/110 158/437/110 160/438/110
f 168/439/111 166/440/111 165/441/111
f 168/439/111 165/441/111 167/442/111
f 171/443/112 169/444/112 170/445/112
f 171/443/112 170/445/112 172/446/112
f 165/447/113 166/448/113 170/449/113
f 165/447/113 170/449/113 169/450/113
f 168/451/114 167/452/114 171/453/114
f 168/451/114 171/453/114 172/454/114
usemtl m_f59e3bac-8fcc-890c-63e5-9d78c1a9e541
f 167/455/115 165/456/115 169/457/115
f 167/455/115 169/457/115 171/458/115
usemtl m_cc4cbd32-c453-a4c6-e794-5e5fa231e7f1
f 172/459/116 170/460/116 166/461/116
f 172/459/116 166/461/116 168/462/116
f 176/463/117 174/464/117 173/465/117
f 176/463/117 173/465/117 175/466/117
f 179/467/118 177/468/118 178/469/118
f 179/467/118 178/469/118 180/470/118
f 173/471/119 174/472/119 178/473/119
f 173/471/119 178/473/119 177/474/119
f 176/475/120 175/476/120 179/477/120
f 176/475/120 179/477/120 180/478/120
usemtl m_95e20f84-55bb-7186-f91a-586499bd637e
f 175/479/121 173/480/121 177/481/121
f 175/479/121 177/481/121 179/482/121
usemtl m_cc4cbd32-c453-a4c6-e794-5e5fa231e7f1
f 180/483/122 178/484/122 174/485/122
f 180/483/122 174/485/122 176/486/122
f 184/487/123 182/488/123 181/489/123
f 184/487/123 181/489/123 183/490/123
f 187/491/124 185/492/124 186/493/124
f 187/491/124 186/493/124 188/494/124
f 181/495/125 182/496/125 186/497/125
f 181/495/125 186/497/125 185/498/125
f 184/499/126 183/500/126 187/501/126
f 184/499/126 187/501/126 188/502/126
usemtl m_f59e3bac-8fcc-890c-63e5-9d78c1a9e541
f 183/503/127 181/504/127 185/505/127
f 183/503/127 185/505/127 187/506/127
usemtl m_cc4cbd32-c453-a4c6-e794-5e5fa231e7f1
f 188/507/128 186/508/128 182/509/128
f 188/507/128 182/509/128 184/510/128
f 192/511/129 190/512/129 189/513/129
f 192/511/129 189/513/129 191/514/129
f 195/515/130 193/516/130 194/517/130
f 195/515/130 194/517/130 196/518/130
f 189/519/131 190/520/131 194/521/131
f 189/519/131 194/521/131 193/522/131
f 192/523/132 191/524/132 195/525/132
f 192/523/132 195/525/132 196/526/132
usemtl m_f59e3bac-8fcc-890c-63e5-9d78c1a9e541
f 191/527/133 189/528/133 193/529/133
f 191/527/133 193/529/133 195/530/133
usemtl m_cc4cbd32-c453-a4c6-e794-5e5fa231e7f1
f 196/531/134 194/532/134 190/533/134
f 196/531/134 190/533/134 192/534/134
f 200/535/135 198/536/135 197/537/135
f 200/535/135 197/537/135 199/538/135
f 203/539/136 201/540/136 202/541/136
f 203/539/136 202/541/136 204/542/136
f 197/543/137 198/544/137 202/545/137
f 197/543/137 202/545/137 201/546/137
f 200/547/138 199/548/138 203/549/138
f 200/547/138 203/549/138 204/550/138
usemtl m_95e20f84-55bb-7186-f91a-586499bd637e
f 199/551/139 197/552/139 201/553/139
f 199/551/139 201/553/139 203/554/139
usemtl m_cc4cbd32-c453-a4c6-e794-5e5fa231e7f1
f 204/555/140 202/556/140 198/557/140
f 204/555/140 198/557/140 200/558/140
usemtl m_f59e3bac-8fcc-890c-63e5-9d78c1a9e541
f 206/559/141 205/560/141 208/561/141
f 206/559/141 208/561/141 207/562/141
f 209/563/142 210/564/142 211/565/142
f 209/563/142 211/565/142 212/566/142
f 206/567/143 210/568/143 205/569/143
f 206/567/143 205/569/143 209/570/143
f 207/571/144 211/572/144 208/573/144
f 207/571/144 208/573/144 212/574/144
f 207/575/145 205/576/145 209/577/145
f 207/575/145 209/577/145 211/578/145
f 212/579/146 210/580/146 206/581/146
f 212/579/146 206/581/146 208/582/146
usemtl m_95e20f84-55bb-7186-f91a-586499bd637e
f 216/583/147 214/584/147 213/585/147
f 216/583/147 213/585/147 215/586/147
f 219/587/148 217/588/148 218/589/148
f 219/587/148 218/589/148 220/590/148
f 213/591/149 214/592/149 218/593/149
f 213/591/149 218/593/149 217/594/149
f 216/595/150 215/596/150 219/597/150
f 216/595/150 219/597/150 220/598/150
f 215/599/151 213/600/151 217/601/151
f 215/599/151 217/601/151 219/602/151
f 220/603/152 218/604/152 214/605/152
f 220/603/152 214/605/152 216/606/152
usemtl m_5f2fd1b5-ab02-44be-a8b7-644236d05904
f 223/607/153 221/608/153 225/609/153
f 223/607/153 225/609/153 227/610/153
f 226/611/154 222/612/154 224/613/154
f 226/611/154 224/613/154 228/614/154
f 231/615/155 229/616/155 233/617/155
f 231/615/155 233/617/155 235/618/155
f 234/619/156 230/620/156 232/621/156
f 234/619/156 232/621/156 236/622/156
f 239/623/157 237/624/157 241/625/157
f 239/623/157 241/625/157 243/626/157
f 242/627/158 238/628/158 240/629/158
f 242/627/158 240/629/158 244/630/158
o l_s
v 0.125 1.640625 -0.3125
v 0.125 1.640625 -0.375
v 0.125 0 -0.3125
v 0.125 0 -0.375
v 0.09375 1.640625 -0.3125
v 0.09375 1.640625 -0.375
v 0.09375 0 -0.3125
v 0.09375 0 -0.375
v 0.109375 0.65625 -0.375
v 0.109375 0.65625 -0.5
v 0.109375 0.03125 -0.375
v 0.109375 0.03125 -0.5
v 0.109375 0.65625 -0.375
v 0.109375 0.65625 -0.5
v 0.109375 0.03125 -0.375
v 0.109375 0.03125 -0.5
v 0 0.6875 -0.3125
v 0 0.6875 -0.375
v 0 0.625 -0.3125
v 0 0.625 -0.375
v -0.375 0.6875 -0.3125
v -0.375 0.6875 -0.375
v -0.375 0.625 -0.3125
v -0.375 0.625 -0.375
v -0.375 1.5625 -0.3125
v 0 1.625 -0.3125
v 0 1.625 -0.375
v 0 1.5625 -0.3125
v 0 1.5625 -0.375
v -0.375 1.625 -0.3125
v -0.375 1.625 -0.375
v -0.375 1.5625 -0.375
v 0.09375 1.640625 -0.3125
v 0.09375 1.640625 -0.375
v 0.09375 1.625 -0.3125
v 0.09375 1.625 -0.375
v -0.5 1.640625 -0.3125
v -0.5 1.640625 -0.375
v -0.5 1.625 -0.3125
v -0.5 1.625 -0.375
v 0 0.0625 -0.3125
v 0 0.0625 -0.375
v 0 0 -0.3125
v 0 0 -0.375
v -0.375 0.0625 -0.3125
v -0.375 0.0625 -0.375
v -0.375 0 -0.3125
v -0.375 0 -0.375
v -0.375 1.625 -0.3125
v -0.375 1.625 -0.375
v -0.375 0.625 -0.3125
v -0.375 0.625 -0.375
v -0.5 1.625 -0.3125
v -0.5 1.625 -0.375
v -0.5 0.625 -0.3125
v -0.5 0.625 -0.375
v -0.375 0.625 -0.3125
v -0.375 0.625 -0.375
v -0.375 0 -0.3125
v -0.375 0 -0.375
v -0.5 0.625 -0.3125
v -0.5 0.625 -0.375
v -0.5 0 -0.3125
v -0.5 0 -0.375
v 0.09375 0.625 -0.3125
v 0.09375 0.625 -0.375
v 0.09375 0 -0.3125
v 0.09375 0 -0.375
v 0 0.625 -0.3125
v 0 0.625 -0.375
v 0 0 -0.3125
v 0 0 -0.375
v 0.09375 1.625 -0.3125
v 0.09375 1.625 -0.375
v 0.09375 0.625 -0.3125
v 0.09375 0.625 -0.375
v 0 1.625 -0.3125
v 0 1.625 -0.375
v 0 0.625 -0.3125
v 0 0.625 -0.375
v 0 0.625 -0.3125
v 0 0.625 -0.3125
v 0 0.0625 -0.3125
v 0 0.0625 -0.3125
v -0.375 0.625 -0.3125
v -0.375 0.625 -0.3125
v -0.375 0.0625 -0.3125
v -0.375 0.0625 -0.3125
v 0.109375 0.625 -0.375
v 0.109375 0.625 -0.4375
v 0.109375 0.375 -0.375
v 0.109375 0.375 -0.5
v -1 0.625 -0.375
v -1 0.625 -0.4375
v -1 0.375 -0.375
v -1 0.375 -0.5
v 0.109375 0.5625 -0.5
v -1 0.5625 -0.5
v 0.0625 1 -0.31875
v 0.0625 1 -0.325
v 0.0625 0.875 -0.31875
v 0.0625 0.875 -0.325
v -0.4375 1 -0.31875
v -0.4375 1 -0.325
v -0.4375 0.875 -0.31875
v -0.4375 0.875 -0.325
v -0.09375 1.28125 -0.31875
v -0.09375 1.28125 -0.325
v -0.09375 1.09375 -0.31875
v -0.09375 1.09375 -0.325
v -0.28125 1.28125 -0.31875
v -0.28125 1.28125 -0.325
v -0.28125 1.09375 -0.31875
v -0.28125 1.09375 -0.325
vt 0.359375 0.828125
vt 0.359375 0.859375
vt 0.328125 0.859375
vt 0.328125 0.828125
vt 0.484375 0.828125
vt 0.484375 0.859375
vt 0.453125 0.859375
vt 0.453125 0.828125
vt 0.546875 0.828125
vt 0.546875 0.859375
vt 0.515625 0.859375
vt 0.515625 0.828125
vt 0.609375 0.828125
vt 0.609375 0.859375
vt 0.578125 0.859375
vt 0.578125 0.828125
vt 0.421875 0.828125
vt 0.421875 0.859375
vt 0.390625 0.859375
vt 0.390625 0.828125
vt 0.296875 0.828125
vt 0.296875 0.859375
vt 0.265625 0.859375
vt 0.265625 0.828125
vt 0.125 0.375
vt 0.125 1
vt 0 1
vt 0 0.375
vt 0.125 0.375
vt 0.125 1
vt 0 1
vt 0 0.375
vt 0 1
vt 0 1
vt 0 0.875
vt 0 0.875
vt 0 1
vt 0 1
vt 0 0.875
vt 0 0.875
vt 0 1
vt 0 1
vt 0 0.375
vt 0 0.375
vt 0 1
vt 0 1
vt 0 0.375
vt 0 0.375
vt 0.484375 0.953125
vt 0.484375 0.984375
vt 0.453125 0.984375
vt 0.453125 0.953125
vt 0.609375 0.953125
vt 0.609375 0.984375
vt 0.578125 0.984375
vt 0.578125 0.953125
vt 0.671875 0.953125
vt 0.671875 0.984375
vt 0.640625 0.984375
vt 0.640625 0.953125
vt 0.734375 0.953125
vt 0.734375 0.984375
vt 0.703125 0.984375
vt 0.703125 0.953125
vt 0.546875 0.953125
vt 0.546875 0.984375
vt 0.515625 0.984375
vt 0.515625 0.953125
vt 0.421875 0.953125
vt 0.421875 0.984375
vt 0.390625 0.984375
vt 0.390625 0.953125
vt 0.859375 0.953125
vt 0.859375 0.984375
vt 0.828125 0.984375
vt 0.828125 0.953125
vt 0.984375 0.953125
vt 0.984375 0.984375
vt 0.953125 0.984375
vt 0.953125 0.953125
vt 0.046875 0.890625
vt 0.046875 0.921875
vt 0.015625 0.921875
vt 0.015625 0.890625
vt 0.109375 0.890625
vt 0.109375 0.921875
vt 0.078125 0.921875
vt 0.078125 0.890625
vt 0.921875 0.953125
vt 0.921875 0.984375
vt 0.890625 0.984375
vt 0.890625 0.953125
vt 0.796875 0.953125
vt 0.796875 0.984375
vt 0.765625 0.984375
vt 0.765625 0.953125
vt 0.234375 0.890625
vt 0.234375 0.921875
vt 0.203125 0.921875
vt 0.203125 0.890625
vt 0.359375 0.890625
vt 0.359375 0.921875
vt 0.328125 0.921875
vt 0.328125 0.890625
vt 0.421875 0.890625
vt 0.421875 0.921875
vt 0.390625 0.921875
vt 0.390625 0.890625
vt 0.484375 0.890625
vt 0.484375 0.921875
vt 0.453125 0.921875
vt 0.453125 0.890625
vt 0.296875 0.890625
vt 0.296875 0.921875
vt 0.265625 0.921875
vt 0.265625 0.890625
vt 0.171875 0.890625
vt 0.171875 0.921875
vt 0.140625 0.921875
vt 0.140625 0.890625
vt 0.609375 0.890625
vt 0.609375 0.921875
vt 0.578125 0.921875
vt 0.578125 0.890625
vt 0.734375 0.890625
vt 0.734375 0.921875
vt 0.703125 0.921875
vt 0.703125 0.890625
vt 0.796875 0.890625
vt 0.796875 0.921875
vt 0.765625 0.921875
vt 0.765625 0.890625
vt 0.859375 0.890625
vt 0.859375 0.921875
vt 0.828125 0.921875
vt 0.828125 0.890625
vt 0.671875 0.890625
vt 0.671875 0.921875
vt 0.640625 0.921875
vt 0.640625 0.890625
vt 0.546875 0.890625
vt 0.546875 0.921875
vt 0.515625 0.921875
vt 0.515625 0.890625
vt 0.984375 0.890625
vt 0.984375 0.921875
vt 0.953125 0.921875
vt 0.953125 0.890625
vt 0.109375 0.828125
vt 0.109375 0.859375
vt 0.078125 0.859375
vt 0.078125 0.828125
vt 0.171875 0.828125
vt 0.171875 0.859375
vt 0.140625 0.859375
vt 0.140625 0.828125
vt 0.234375 0.828125
vt 0.234375 0.859375
vt 0.203125 0.859375
vt 0.203125 0.828125
vt 0.046875 0.828125
vt 0.046875 0.859375
vt 0.015625 0.859375
vt 0.015625 0.828125
vt 0.921875 0.890625
vt 0.921875 0.921875
vt 0.890625 0.921875
vt 0.890625 0.890625
vt 0.984375 0.890625
vt 0.984375 0.921875
vt 0.953125 0.921875
vt 0.953125 0.890625
vt 0.109375 0.828125
vt 0.109375 0.859375
vt 0.078125 0.859375
vt 0.078125 0.828125
vt 0.171875 0.828125
vt 0.171875 0.859375
vt 0.140625 0.859375
vt 0.140625 0.828125
vt 0.234375 0.828125
vt 0.234375 0.859375
vt 0.203125 0.859375
vt 0.203125 0.828125
vt 0.046875 0.828125
vt 0.046875 0.859375
vt 0.015625 0.859375
vt 0.015625 0.828125
vt 0.921875 0.890625
vt 0.921875 0.921875
vt 0.890625 0.921875
vt 0.890625 0.890625
vt 0.109375 0.953125
vt 0.109375 0.984375
vt 0.078125 0.984375
vt 0.078125 0.953125
vt 0.234375 0.953125
vt 0.234375 0.984375
vt 0.203125 0.984375
vt 0.203125 0.953125
vt 0.296875 0.953125
vt 0.296875 0.984375
vt 0.265625 0.984375
vt 0.265625 0.953125
vt 0.359375 0.953125
vt 0.359375 0.984375
vt 0.328125 0.984375
vt 0.328125 0.953125
vt 0.171875 0.953125
vt 0.171875 0.984375
vt 0.140625 0.984375
vt 0.140625 0.953125
vt 0.046875 0.953125
vt 0.046875 0.984375
vt 0.015625 0.984375
vt 0.015625 0.953125
vt 0.109375 0.953125
vt 0.109375 0.984375
vt 0.078125 0.984375
vt 0.078125 0.953125
vt 0.234375 0.953125
vt 0.234375 0.984375
vt 0.203125 0.984375
vt 0.203125 0.953125
vt 0.296875 0.953125
vt 0.296875 0.984375
vt 0.265625 0.984375
vt 0.265625 0.953125
vt 0.359375 0.953125
vt 0.359375 0.984375
vt 0.328125 0.984375
vt 0.328125 0.953125
vt 0.171875 0.953125
vt 0.171875 0.984375
vt 0.140625 0.984375
vt 0.140625 0.953125
vt 0.046875 0.953125
vt 0.046875 0.984375
vt 0.015625 0.984375
vt 0.015625 0.953125
vt 0.734375 0.859375
vt 0.703125 0.859375
vt 0.734375 0.828125
vt 0.703125 0.828125
vt 0.859375 0.859375
vt 0.828125 0.859375
vt 0.859375 0.828125
vt 0.828125 0.828125
vt 0.921875 0.859375
vt 0.890625 0.859375
vt 0.921875 0.828125
vt 0.890625 0.828125
vt 0.984375 0.859375
vt 0.953125 0.859375
vt 0.984375 0.828125
vt 0.953125 0.828125
vt 0.796875 0.828125
vt 0.796875 0.859375
vt 0.765625 0.859375
vt 0.765625 0.828125
vt 0.671875 0.828125
vt 0.671875 0.859375
vt 0.640625 0.859375
vt 0.640625 0.828125
vt 1.484375 0.875
vt 1.484375 1
vt 0 1
vt 0 0.875
vt 1.484375 0.75
vt 1.484375 1
vt 0 1
vt 0 0.75
vt 0 1
vt 1.484375 1
vt 1.484375 0.875
vt 0 0.875
vt 0 1
vt 0 0.875
vt 1.484375 0.875
vt 1.484375 1
vt 0 1
vt 0 1
vt 0 1
vt 0 1
vt 0 1
vt 0 1
vt 0 1
vt 0 1
vt 0 0.875
vt 1.484375 0.875
vt 1.484375 1
vt 1.0484375 0.8515625
vt 1.0484375 1
vt 0 1
vt 0 0.8515625
vt 0 1
vt 1 1
vt 1 0.84375
vt 0 0.84375
vt 0.546875 0.26015625
vt 0.546875 0.53359375
vt 0.2734375 0.53359375
vt 0.2734375 0.26015625
vt 0.2734375 0.53359375
vt 0.546875 0.53359375
vt 0.546875 0.26015625
vt 0.2734375 0.26015625
vn 1 0 0
vn -1 0 0
vn 0 1 0
vn 0 -1 0
vn 0 0 1
vn 0 0 -1
vn 1 0 0
vn -1 0 0
vn 0 0 0
vn 0 0 0
vn 0 0 0
vn 0 0 0
vn 1 0 0
vn -1 0 0
vn 0 1 0
vn 0 -1 0
vn 0 0 1
vn 0 0 -1
vn 1 0 0
vn -1 0 0
vn 0 1 0
vn 0 -1 0
vn 0 0 1
vn 0 0 -1
vn 1 0 0
vn -1 0 0
vn 0 1 0
vn 0 -1 0
vn 0 0 1
vn 0 0 -1
vn 1 0 0
vn -1 0 0
vn 0 1 0
vn 0 -1 0
vn 0 0 1
vn 0 0 -1
vn 1 0 0
vn -1 0 0
vn 0 1 0
vn 0 -1 0
vn 0 0 1
vn 0 0 -1
vn 1 0 0
vn -1 0 0
vn 0 1 0
vn 0 -1 0
vn 0 0 1
vn 0 0 -1
vn 1 0 0
vn -1 0 0
vn 0 1 0
vn 0 -1 0
vn 0 0 1
vn 0 0 -1
vn 1 0 0
vn -1 0 0
vn 0 1 0
vn 0 -1 0
vn 0 0 1
vn 0 0 -1
vn 0 0 0
vn 0 0 0
vn 0 0 0
vn 0 0 0
vn 0 0 1
vn 0 0 -1
vn 0 1 0
vn 0 0 1
vn 0 0 -1
vn 0 0.7071067811865476 -0.7071067811865476
vn -1 0 0
vn -1 0 0
vn 0 -1 0
vn 0 0 1
vn 0 0 -1
vn 0 0 1
vn 0 0 -1
usemtl m_95e20f84-55bb-7186-f91a-586499bd637e
f 248/631/159 246/632/159 245/633/159
f 248/631/159 245/633/159 247/634/159
f 251/635/160 249/636/160 250/637/160
f 251/635/160 250/637/160 252/638/160
f 245/639/161 246/640/161 250/641/161
f 245/639/161 250/641/161 249/642/161
f 248/643/162 247/644/162 251/645/162
f 248/643/162 251/645/162 252/646/162
f 247/647/163 245/648/163 249/649/163
f 247/647/163 249/649/163 251/650/163
f 252/651/164 250/652/164 246/653/164
f 252/651/164 246/653/164 248/654/164
usemtl m_cc4cbd32-c453-a4c6-e794-5e5fa231e7f1
f 256/655/165 254/656/165 253/657/165
f 256/655/165 253/657/165 255/658/165
f 259/659/166 257/660/166 258/661/166
f 259/659/166 258/661/166 260/662/166
f 254/663/167 258/664/167 253/665/167
f 254/663/167 253/665/167 257/666/167
f 255/667/168 259/668/168 256/669/168
f 255/667/168 256/669/168 260/670/168
f 253/671/169 257/672/169 255/673/169
f 253/671/169 255/673/169 259/674/169
f 258/675/170 254/676/170 260/677/170
f 258/675/170 260/677/170 256/678/170
f 264/679/171 262/680/171 261/681/171
f 264/679/171 261/681/171 263/682/171
f 267/683/172 265/684/172 266/685/172
f 267/683/172 266/685/172 268/686/172
f 261/687/173 262/688/173 266/689/173
f 261/687/173 266/689/173 265/690/173
f 264/691/174 263/692/174 267/693/174
f 264/691/174 267/693/174 268/694/174
usemtl m_95e20f84-55bb-7186-f91a-586499bd637e
f 263/695/175 261/696/175 265/697/175
f 263/695/175 265/697/175 267/698/175
usemtl m_cc4cbd32-c453-a4c6-e794-5e5fa231e7f1
f 268/699/176 266/700/176 262/701/176
f 268/699/176 262/701/176 264/702/176
f 273/703/177 271/704/177 270/705/177
f 273/703/177 270/705/177 272/706/177
f 269/707/178 274/708/178 275/709/178
f 269/707/178 275/709/178 276/710/178
f 270/711/179 271/712/179 275/713/179
f 270/711/179 275/713/179 274/714/179
f 273/715/180 272/716/180 269/717/180
f 273/715/180 269/717/180 276/718/180
usemtl m_95e20f84-55bb-7186-f91a-586499bd637e
f 272/719/181 270/720/181 274/721/181
f 272/719/181 274/721/181 269/722/181
usemtl m_cc4cbd32-c453-a4c6-e794-5e5fa231e7f1
f 276/723/182 275/724/182 271/725/182
f 276/723/182 271/725/182 273/726/182
f 280/727/183 278/728/183 277/729/183
f 280/727/183 277/729/183 279/730/183
f 283/731/184 281/732/184 282/733/184
f 283/731/184 282/733/184 284/734/184
f 277/735/185 278/736/185 282/737/185
f 277/735/185 282/737/185 281/738/185
f 280/739/186 279/740/186 283/741/186
f 280/739/186 283/741/186 284/742/186
f 279/743/187 277/744/187 281/745/187
f 279/743/187 281/745/187 283/746/187
f 284/747/188 282/748/188 278/749/188
f 284/747/188 278/749/188 280/750/188
f 288/751/189 286/752/189 285/753/189
f 288/751/189 285/753/189 287/754/189
f 291/755/190 289/756/190 290/757/190
f 291/755/190 290/757/190 292/758/190
f 285/759/191 286/760/191 290/761/191
f 285/759/191 290/761/191 289/762/191
f 288/763/192 287/764/192 291/765/192
f 288/763/192 291/765/192 292/766/192
usemtl m_f59e3bac-8fcc-890c-63e5-9d78c1a9e541
f 287/767/193 285/768/193 289/769/193
f 287/767/193 289/769/193 291/770/193
usemtl m_cc4cbd32-c453-a4c6-e794-5e5fa231e7f1
f 292/771/194 290/772/194 286/773/194
f 292/771/194 286/773/194 288/774/194
f 296/775/195 294/776/195 293/777/195
f 296/775/195 293/777/195 295/778/195
f 299/779/196 297/780/196 298/781/196
f 299/779/196 298/781/196 300/782/196
f 293/783/197 294/784/197 298/785/197
f 293/783/197 298/785/197 297/786/197
f 296/787/198 295/788/198 299/789/198
f 296/787/198 299/789/198 300/790/198
usemtl m_95e20f84-55bb-7186-f91a-586499bd637e
f 295/791/199 293/792/199 297/793/199
f 295/791/199 297/793/199 299/794/199
usemtl m_cc4cbd32-c453-a4c6-e794-5e5fa231e7f1
f 300/795/200 298/796/200 294/797/200
f 300/795/200 294/797/200 296/798/200
f 304/799/201 302/800/201 301/801/201
f 304/799/201 301/801/201 303/802/201
f 307/803/202 305/804/202 306/805/202
f 307/803/202 306/805/202 308/806/202
f 301/807/203 302/808/203 306/809/203
f 301/807/203 306/809/203 305/810/203
f 304/811/204 303/812/204 307/813/204
f 304/811/204 307/813/204 308/814/204
usemtl m_f59e3bac-8fcc-890c-63e5-9d78c1a9e541
f 303/815/205 301/816/205 305/817/205
f 303/815/205 305/817/205 307/818/205
usemtl m_cc4cbd32-c453-a4c6-e794-5e5fa231e7f1
f 308/819/206 306/820/206 302/821/206
f 308/819/206 302/821/206 304/822/206
f 312/823/207 310/824/207 309/825/207
f 312/823/207 309/825/207 311/826/207
f 315/827/208 313/828/208 314/829/208
f 315/827/208 314/829/208 316/830/208
f 309/831/209 310/832/209 314/833/209
f 309/831/209 314/833/209 313/834/209
f 312/835/210 311/836/210 315/837/210
f 312/835/210 315/837/210 316/838/210
usemtl m_f59e3bac-8fcc-890c-63e5-9d78c1a9e541
f 311/839/211 309/840/211 313/841/211
f 311/839/211 313/841/211 315/842/211
usemtl m_cc4cbd32-c453-a4c6-e794-5e5fa231e7f1
f 316/843/212 314/844/212 310/845/212
f 316/843/212 310/845/212 312/846/212
f 320/847/213 318/848/213 317/849/213
f 320/847/213 317/849/213 319/850/213
f 323/851/214 321/852/214 322/853/214
f 323/851/214 322/853/214 324/854/214
f 317/855/215 318/856/215 322/857/215
f 317/855/215 322/857/215 321/858/215
f 320/859/216 319/860/216 323/861/216
f 320/859/216 323/861/216 324/862/216
usemtl m_95e20f84-55bb-7186-f91a-586499bd637e
f 319/863/217 317/864/217 321/865/217
f 319/863/217 321/865/217 323/866/217
usemtl m_cc4cbd32-c453-a4c6-e794-5e5fa231e7f1
f 324/867/218 322/868/218 318/869/218
f 324/867/218 318/869/218 320/870/218
usemtl m_f59e3bac-8fcc-890c-63e5-9d78c1a9e541
f 326/871/219 325/872/219 328/873/219
f 326/871/219 328/873/219 327/874/219
f 329/875/220 330/876/220 331/877/220
f 329/875/220 331/877/220 332/878/220
f 326/879/221 330/880/221 325/881/221
f 326/879/221 325/881/221 329/882/221
f 327/883/222 331/884/222 328/885/222
f 327/883/222 328/885/222 332/886/222
f 327/887/223 325/888/223 329/889/223
f 327/887/223 329/889/223 331/890/223
f 332/891/224 330/892/224 326/893/224
f 332/891/224 326/893/224 328/894/224
f 333/895/225 334/896/225 338/897/225
f 333/895/225 338/897/225 337/898/225
f 335/899/226 333/900/226 337/901/226
f 335/899/226 337/901/226 339/902/226
f 342/903/227 341/904/227 336/905/227
f 342/903/227 336/905/227 340/906/227
f 334/907/228 341/908/228 342/909/228
f 334/907/228 342/909/228 338/910/228
f 337/911/229 338/912/229 342/913/229
f 337/911/229 342/913/229 339/914/229
f 340/915/230 339/916/230 342/917/230
f 339/918/231 340/919/231 336/920/231
f 339/918/231 336/920/231 335/921/231
usemtl m_5f2fd1b5-ab02-44be-a8b7-644236d05904
f 345/922/232 343/923/232 347/924/232
f 345/922/232 347/924/232 349/925/232
f 348/926/233 344/927/233 346/928/233
f 348/926/233 346/928/233 350/929/233
f 353/930/234 351/931/234 355/932/234
f 353/930/234 355/932/234 357/933/234
f 356/934/235 352/935/235 354/936/235
f 356/934/235 354/936/235 358/937/235
o r_c
v -0.484375 0.65625 -0.375
v -0.484375 0.65625 -0.5
v -0.484375 0.03125 -0.375
v -0.484375 0.03125 -0.5
v -0.484375 0.65625 -0.375
v -0.484375 0.65625 -0.5
v -0.484375 0.03125 -0.375
v -0.484375 0.03125 -0.5
v 0.375 0.6875 -0.3125
v 0.375 0.6875 -0.375
v 0.375 0.625 -0.3125
v 0.375 0.625 -0.375
v -0.375 0.6875 -0.3125
v -0.375 0.6875 -0.375
v -0.375 0.625 -0.3125
v -0.375 0.625 -0.375
v 0.375 1.625 -0.3125
v 0.375 1.625 -0.375
v 0.375 1.5625 -0.3125
v 0.375 1.5625 -0.375
v -0.375 1.625 -0.3125
v -0.375 1.625 -0.375
v -0.375 1.5625 -0.3125
v -0.375 1.5625 -0.375
v 0.5 1.640625 -0.3125
v 0.5 1.640625 -0.375
v 0.5 1.625 -0.3125
v 0.5 1.625 -0.375
v -0.46875 1.640625 -0.3125
v -0.46875 1.640625 -0.375
v -0.46875 1.625 -0.3125
v -0.46875 1.625 -0.375
v 0.375 0.0625 -0.3125
v 0.375 0.0625 -0.375
v 0.375 0 -0.3125
v 0.375 0 -0.375
v -0.375 0.0625 -0.3125
v -0.375 0.0625 -0.375
v -0.375 0 -0.3125
v -0.375 0 -0.375
v 0.5 1.625 -0.3125
v 0.5 1.625 -0.375
v 0.5 0.625 -0.3125
v 0.5 0.625 -0.375
v 0.375 1.625 -0.3125
v 0.375 1.625 -0.375
v 0.375 0.625 -0.3125
v 0.375 0.625 -0.375
v 0.5 0.625 -0.3125
v 0.5 0.625 -0.375
v 0.5 0 -0.3125
v 0.5 0 -0.375
v 0.375 0.625 -0.3125
v 0.375 0.625 -0.375
v 0.375 0 -0.3125
v 0.375 0 -0.375
v -0.375 0.625 -0.3125
v -0.375 0.625 -0.375
v -0.375 0 -0.3125
v -0.375 0 -0.375
v -0.46875 0.625 -0.3125
v -0.46875 0.625 -0.375
v -0.46875 0 -0.3125
v -0.46875 0 -0.375
v -0.375 1.625 -0.3125
v -0.375 1.625 -0.375
v -0.375 0.625 -0.3125
v -0.375 0.625 -0.375
v -0.46875 1.625 -0.3125
v -0.46875 1.625 -0.375
v -0.46875 0.625 -0.3125
v -0.46875 0.625 -0.375
v 0.375 0.625 -0.3125
v 0.375 0.625 -0.3125
v 0.375 0.0625 -0.3125
v 0.375 0.0625 -0.3125
v -0.375 0.625 -0.3125
v -0.375 0.625 -0.3125
v -0.375 0.0625 -0.3125
v -0.375 0.0625 -0.3125
v -0.46875 1.640625 -0.3125
v -0.46875 1.640625 -0.375
v -0.46875 0 -0.3125
v -0.46875 0 -0.375
v -0.5 1.640625 -0.3125
v -0.5 1.640625 -0.375
v -0.5 0 -0.3125
v -0.5 0 -0.375
v -0.484375 0.375 -0.375
v -0.484375 0.375 -0.4375
v -0.484375 0.125 -0.375
v -0.484375 0.125 -0.5
v 1 0.375 -0.375
v 1 0.375 -0.4375
v 1 0.125 -0.375
v 1 0.125 -0.5
v -0.484375 0.3125 -0.5
v 1 0.3125 -0.5
v -0.140625 1.34375 -0.31875
v -0.140625 1.34375 -0.325
v -0.140625 1.09375 -0.31875
v -0.140625 1.09375 -0.325
v -0.328125 1.34375 -0.31875
v -0.328125 1.34375 -0.325
v -0.328125 1.09375 -0.31875
v -0.328125 1.09375 -0.325
v 0.09375 1.28125 -0.31875
v 0.09375 1.28125 -0.325
v 0.09375 1.09375 -0.31875
v 0.09375 1.09375 -0.325
v -0.09375 1.28125 -0.31875
v -0.09375 1.28125 -0.325
v -0.09375 1.09375 -0.31875
v -0.09375 1.09375 -0.325
v 0.375 1 -0.31875
v 0.375 1 -0.325
v 0.375 0.875 -0.31875
v 0.375 0.875 -0.325
v -0.375 1 -0.31875
v -0.375 1 -0.325
v -0.375 0.875 -0.31875
v -0.375 0.875 -0.325
vt 0 0.375
vt 0 1
vt 0.125 1
vt 0.125 0.375
vt 0 0.375
vt 0 1
vt 0.125 1
vt 0.125 0.375
vt 0 1
vt 0 1
vt 0 0.875
vt 0 0.875
vt 0 1
vt 0 1
vt 0 0.875
vt 0 0.875
vt 0 1
vt 0 1
vt 0 0.375
vt 0 0.375
vt 0 1
vt 0 1
vt 0 0.375
vt 0 0.375
vt 0.578125 0.953125
vt 0.578125 0.984375
vt 0.609375 0.984375
vt 0.609375 0.953125
vt 0.453125 0.953125
vt 0.453125 0.984375
vt 0.484375 0.984375
vt 0.484375 0.953125
vt 0.640625 0.953125
vt 0.640625 0.984375
vt 0.671875 0.984375
vt 0.671875 0.953125
vt 0.703125 0.953125
vt 0.703125 0.984375
vt 0.734375 0.984375
vt 0.734375 0.953125
vt 0.515625 0.953125
vt 0.515625 0.984375
vt 0.546875 0.984375
vt 0.546875 0.953125
vt 0.390625 0.953125
vt 0.390625 0.984375
vt 0.421875 0.984375
vt 0.421875 0.953125
vt 0.953125 0.953125
vt 0.953125 0.984375
vt 0.984375 0.984375
vt 0.984375 0.953125
vt 0.828125 0.953125
vt 0.828125 0.984375
vt 0.859375 0.984375
vt 0.859375 0.953125
vt 0.015625 0.890625
vt 0.015625 0.921875
vt 0.046875 0.921875
vt 0.046875 0.890625
vt 0.078125 0.890625
vt 0.078125 0.921875
vt 0.109375 0.921875
vt 0.109375 0.890625
vt 0.890625 0.953125
vt 0.890625 0.984375
vt 0.921875 0.984375
vt 0.921875 0.953125
vt 0.765625 0.953125
vt 0.765625 0.984375
vt 0.796875 0.984375
vt 0.796875 0.953125
vt 0.328125 0.890625
vt 0.328125 0.921875
vt 0.359375 0.921875
vt 0.359375 0.890625
vt 0.203125 0.890625
vt 0.203125 0.921875
vt 0.234375 0.921875
vt 0.234375 0.890625
vt 0.390625 0.890625
vt 0.390625 0.921875
vt 0.421875 0.921875
vt 0.421875 0.890625
vt 0.453125 0.890625
vt 0.453125 0.921875
vt 0.484375 0.921875
vt 0.484375 0.890625
vt 0.265625 0.890625
vt 0.265625 0.921875
vt 0.296875 0.921875
vt 0.296875 0.890625
vt 0.140625 0.890625
vt 0.140625 0.921875
vt 0.171875 0.921875
vt 0.171875 0.890625
vt 0.703125 0.890625
vt 0.703125 0.921875
vt 0.734375 0.921875
vt 0.734375 0.890625
vt 0.578125 0.890625
vt 0.578125 0.921875
vt 0.609375 0.921875
vt 0.609375 0.890625
vt 0.765625 0.890625
vt 0.765625 0.921875
vt 0.796875 0.921875
vt 0.796875 0.890625
vt 0.828125 0.890625
vt 0.828125 0.921875
vt 0.859375 0.921875
vt 0.859375 0.890625
vt 0.640625 0.890625
vt 0.640625 0.921875
vt 0.671875 0.921875
vt 0.671875 0.890625
vt 0.515625 0.890625
vt 0.515625 0.921875
vt 0.546875 0.921875
vt 0.546875 0.890625
vt 0.078125 0.828125
vt 0.078125 0.859375
vt 0.109375 0.859375
vt 0.109375 0.828125
vt 0.953125 0.890625
vt 0.953125 0.921875
vt 0.984375 0.921875
vt 0.984375 0.890625
vt 0.140625 0.828125
vt 0.140625 0.859375
vt 0.171875 0.859375
vt 0.171875 0.828125
vt 0.203125 0.828125
vt 0.203125 0.859375
vt 0.234375 0.859375
vt 0.234375 0.828125
vt 0.015625 0.828125
vt 0.015625 0.859375
vt 0.046875 0.859375
vt 0.046875 0.828125
vt 0.890625 0.890625
vt 0.890625 0.921875
vt 0.921875 0.921875
vt 0.921875 0.890625
vt 0.078125 0.828125
vt 0.078125 0.859375
vt 0.109375 0.859375
vt 0.109375 0.828125
vt 0.953125 0.890625
vt 0.953125 0.921875
vt 0.984375 0.921875
vt 0.984375 0.890625
vt 0.140625 0.828125
vt 0.140625 0.859375
vt 0.171875 0.859375
vt 0.171875 0.828125
vt 0.203125 0.828125
vt 0.203125 0.859375
vt 0.234375 0.859375
vt 0.234375 0.828125
vt 0.015625 0.828125
vt 0.015625 0.859375
vt 0.046875 0.859375
vt 0.046875 0.828125
vt 0.890625 0.890625
vt 0.890625 0.921875
vt 0.921875 0.921875
vt 0.921875 0.890625
vt 0.203125 0.953125
vt 0.203125 0.984375
vt 0.234375 0.984375
vt 0.234375 0.953125
vt 0.078125 0.953125
vt 0.078125 0.984375
vt 0.109375 0.984375
vt 0.109375 0.953125
vt 0.265625 0.953125
vt 0.265625 0.984375
vt 0.296875 0.984375
vt 0.296875 0.953125
vt 0.328125 0.953125
vt 0.328125 0.984375
vt 0.359375 0.984375
vt 0.359375 0.953125
vt 0.140625 0.953125
vt 0.140625 0.984375
vt 0.171875 0.984375
vt 0.171875 0.953125
vt 0.015625 0.953125
vt 0.015625 0.984375
vt 0.046875 0.984375
vt 0.046875 0.953125
vt 0.203125 0.953125
vt 0.203125 0.984375
vt 0.234375 0.984375
vt 0.234375 0.953125
vt 0.078125 0.953125
vt 0.078125 0.984375
vt 0.109375 0.984375
vt 0.109375 0.953125
vt 0.265625 0.953125
vt 0.265625 0.984375
vt 0.296875 0.984375
vt 0.296875 0.953125
vt 0.328125 0.953125
vt 0.328125 0.984375
vt 0.359375 0.984375
vt 0.359375 0.953125
vt 0.140625 0.953125
vt 0.140625 0.984375
vt 0.171875 0.984375
vt 0.171875 0.953125
vt 0.015625 0.953125
vt 0.015625 0.984375
vt 0.046875 0.984375
vt 0.046875 0.953125
vt 0.828125 0.859375
vt 0.859375 0.859375
vt 0.828125 0.828125
vt 0.859375 0.828125
vt 0.703125 0.859375
vt 0.734375 0.859375
vt 0.703125 0.828125
vt 0.734375 0.828125
vt 0.890625 0.859375
vt 0.921875 0.859375
vt 0.890625 0.828125
vt 0.921875 0.828125
vt 0.953125 0.859375
vt 0.984375 0.859375
vt 0.953125 0.828125
vt 0.984375 0.828125
vt 0.765625 0.828125
vt 0.765625 0.859375
vt 0.796875 0.859375
vt 0.796875 0.828125
vt 0.640625 0.828125
vt 0.640625 0.859375
vt 0.671875 0.859375
vt 0.671875 0.828125
vt 0.453125 0.828125
vt 0.453125 0.859375
vt 0.484375 0.859375
vt 0.484375 0.828125
vt 0.328125 0.828125
vt 0.328125 0.859375
vt 0.359375 0.859375
vt 0.359375 0.828125
vt 0.515625 0.828125
vt 0.515625 0.859375
vt 0.546875 0.859375
vt 0.546875 0.828125
vt 0.578125 0.828125
vt 0.578125 0.859375
vt 0.609375 0.859375
vt 0.609375 0.828125
vt 0.390625 0.828125
vt 0.390625 0.859375
vt 0.421875 0.859375
vt 0.421875 0.828125
vt 0.265625 0.828125
vt 0.265625 0.859375
vt 0.296875 0.859375
vt 0.296875 0.828125
vt 0 1
vt 1.484375 1
vt 1.484375 0.875
vt 0 0.875
vt 0 1
vt 1.484375 1
vt 1.484375 0.75
vt 0 0.75
vt 1.484375 0.875
vt 1.484375 1
vt 0 1
vt 0 0.875
vt 1.484375 0.875
vt 0 0.875
vt 0 1
vt 1.484375 1
vt 0 1
vt 0 1
vt 0 1
vt 0 1
vt 0 1
vt 0 1
vt 0 1
vt 1.484375 0.875
vt 0 0.875
vt 0 1
vt 1.484375 1
vt 0.1890625 0.548828125
vt 0.1890625 0.837890625
vt 0 0.837890625
vt 0 0.548828125
vt 0 0.83765625
vt 0.1875 0.83765625
vt 0.1875 0.54859375
vt 0 0.54859375
vt 0.546875 0.26015625
vt 0.546875 0.53359375
vt 0.2734375 0.53359375
vt 0.2734375 0.26015625
vt 0.2734375 0.53359375
vt 0.546875 0.53359375
vt 0.546875 0.26015625
vt 0.2734375 0.26015625
vt 1.0484375 0.8515625
vt 1.0484375 1
vt 0 1
vt 0 0.8515625
vt 0 1
vt 1 1
vt 1 0.84375
vt 0 0.84375
vn 1 0 0
vn -1 0 0
vn 0 0 0
vn 0 0 0
vn 0 0 0
vn 0 0 0
vn 1 0 0
vn -1 0 0
vn 0 1 0
vn 0 -1 0
vn 0 0 1
vn 0 0 -1
vn 1 0 0
vn -1 0 0
vn 0 1 0
vn 0 -1 0
vn 0 0 1
vn 0 0 -1
vn 1 0 0
vn -1 0 0
vn 0 1 0
vn 0 -1 0
vn 0 0 1
vn 0 0 -1
vn 1 0 0
vn -1 0 0
vn 0 1 0
vn 0 -1 0
vn 0 0 1
vn 0 0 -1
vn 1 0 0
vn -1 0 0
vn 0 1 0
vn 0 -1 0
vn 0 0 1
vn 0 0 -1
vn 1 0 0
vn -1 0 0
vn 0 1 0
vn 0 -1 0
vn 0 0 1
vn 0 0 -1
vn 1 0 0
vn -1 0 0
vn 0 1 0
vn 0 -1 0
vn 0 0 1
vn 0 0 -1
vn 1 0 0
vn -1 0 0
vn 0 1 0
vn 0 -1 0
vn 0 0 1
vn 0 0 -1
vn 0 0 0
vn 0 0 0
vn 0 0 0
vn 0 0 0
vn 0 0 1
vn 0 0 -1
vn 1 0 0
vn -1 0 0
vn 0 1 0
vn 0 -1 0
vn 0 0 1
vn 0 0 -1
vn 0 1 0
vn 0 0 1
vn 0 0 -1
vn 0 0.7071067811865476 -0.7071067811865476
vn 1 0 0
vn 1 0 0
vn 0 -1 0
vn 0 0 1
vn 0 0 -1
vn 0 0 1
vn 0 0 -1
vn 0 0 1
vn 0 0 -1
usemtl m_cc4cbd32-c453-a4c6-e794-5e5fa231e7f1
f 362/938/236 360/939/236 359/940/236
f 362/938/236 359/940/236 361/941/236
f 365/942/237 363/943/237 364/944/237
f 365/942/237 364/944/237 366/945/237
f 360/946/238 364/947/238 359/948/238
f 360/946/238 359/948/238 363/949/238
f 361/950/239 365/951/239 362/952/239
f 361/950/239 362/952/239 366/953/239
f 359/954/240 363/955/240 361/956/240
f 359/954/240 361/956/240 365/957/240
f 364/958/241 360/959/241 366/960/241
f 364/958/241 366/960/241 362/961/241
f 370/962/242 368/963/242 367/964/242
f 370/962/242 367/964/242 369/965/242
f 373/966/243 371/967/243 372/968/243
f 373/966/243 372/968/243 374/969/243
f 367/970/244 368/971/244 372/972/244
f 367/970/244 372/972/244 371/973/244
f 370/974/245 369/975/245 373/976/245
f 370/974/245 373/976/245 374/977/245
usemtl m_95e20f84-55bb-7186-f91a-586499bd637e
f 369/978/246 367/979/246 371/980/246
f 369/978/246 371/980/246 373/981/246
usemtl m_cc4cbd32-c453-a4c6-e794-5e5fa231e7f1
f 374/982/247 372/983/247 368/984/247
f 374/982/247 368/984/247 370/985/247
f 378/986/248 376/987/248 375/988/248
f 378/986/248 375/988/248 377/989/248
f 381/990/249 379/991/249 380/992/249
f 381/990/249 380/992/249 382/993/249
f 375/994/250 376/995/250 380/996/250
f 375/994/250 380/996/250 379/997/250
f 378/998/251 377/999/251 381/1000/251
f 378/998/251 381/1000/251 382/1001/251
usemtl m_95e20f84-55bb-7186-f91a-586499bd637e
f 377/1002/252 375/1003/252 379/1004/252
f 377/1002/252 379/1004/252 381/1005/252
usemtl m_cc4cbd32-c453-a4c6-e794-5e5fa231e7f1
f 382/1006/253 380/1007/253 376/1008/253
f 382/1006/253 376/1008/253 378/1009/253
f 386/1010/254 384/1011/254 383/1012/254
f 386/1010/254 383/1012/254 385/1013/254
f 389/1014/255 387/1015/255 388/1016/255
f 389/1014/255 388/1016/255 390/1017/255
f 383/1018/256 384/1019/256 388/1020/256
f 383/1018/256 388/1020/256 387/1021/256
f 386/1022/257 385/1023/257 389/1024/257
f 386/1022/257 389/1024/257 390/1025/257
f 385/1026/258 383/1027/258 387/1028/258
f 385/1026/258 387/1028/258 389/1029/258
f 390/1030/259 388/1031/259 384/1032/259
f 390/1030/259 384/1032/259 386/1033/259
f 394/1034/260 392/1035/260 391/1036/260
f 394/1034/260 391/1036/260 393/1037/260
f 397/1038/261 395/1039/261 396/1040/261
f 397/1038/261 396/1040/261 398/1041/261
f 391/1042/262 392/1043/262 396/1044/262
f 391/1042/262 396/1044/262 395/1045/262
f 394/1046/263 393/1047/263 397/1048/263
f 394/1046/263 397/1048/263 398/1049/263
usemtl m_f59e3bac-8fcc-890c-63e5-9d78c1a9e541
f 393/1050/264 391/1051/264 395/1052/264
f 393/1050/264 395/1052/264 397/1053/264
usemtl m_cc4cbd32-c453-a4c6-e794-5e5fa231e7f1
f 398/1054/265 396/1055/265 392/1056/265
f 398/1054/265 392/1056/265 394/1057/265
f 402/1058/266 400/1059/266 399/1060/266
f 402/1058/266 399/1060/266 401/1061/266
f 405/1062/267 403/1063/267 404/1064/267
f 405/1062/267 404/1064/267 406/1065/267
f 399/1066/268 400/1067/268 404/1068/268
f 399/1066/268 404/1068/268 403/1069/268
f 402/1070/269 401/1071/269 405/1072/269
f 402/1070/269 405/1072/269 406/1073/269
usemtl m_95e20f84-55bb-7186-f91a-586499bd637e
f 401/1074/270 399/1075/270 403/1076/270
f 401/1074/270 403/1076/270 405/1077/270
usemtl m_cc4cbd32-c453-a4c6-e794-5e5fa231e7f1
f 406/1078/271 404/1079/271 400/1080/271
f 406/1078/271 400/1080/271 402/1081/271
f 410/1082/272 408/1083/272 407/1084/272
f 410/1082/272 407/1084/272 409/1085/272
f 413/1086/273 411/1087/273 412/1088/273
f 413/1086/273 412/1088/273 414/1089/273
f 407/1090/274 408/1091/274 412/1092/274
f 407/1090/274 412/1092/274 411/1093/274
f 410/1094/275 409/1095/275 413/1096/275
f 410/1094/275 413/1096/275 414/1097/275
usemtl m_f59e3bac-8fcc-890c-63e5-9d78c1a9e541
f 409/1098/276 407/1099/276 411/1100/276
f 409/1098/276 411/1100/276 413/1101/276
usemtl m_cc4cbd32-c453-a4c6-e794-5e5fa231e7f1
f 414/1102/277 412/1103/277 408/1104/277
f 414/1102/277 408/1104/277 410/1105/277
f 418/1106/278 416/1107/278 415/1108/278
f 418/1106/278 415/1108/278 417/1109/278
f 421/1110/279 419/1111/279 420/1112/279
f 421/1110/279 420/1112/279 422/1113/279
f 415/1114/280 416/1115/280 420/1116/280
f 415/1114/280 420/1116/280 419/1117/280
f 418/1118/281 417/1119/281 421/1120/281
f 418/1118/281 421/1120/281 422/1121/281
usemtl m_f59e3bac-8fcc-890c-63e5-9d78c1a9e541
f 417/1122/282 415/1123/282 419/1124/282
f 417/1122/282 419/1124/282 421/1125/282
usemtl m_cc4cbd32-c453-a4c6-e794-5e5fa231e7f1
f 422/1126/283 420/1127/283 416/1128/283
f 422/1126/283 416/1128/283 418/1129/283
f 426/1130/284 424/1131/284 423/1132/284
f 426/1130/284 423/1132/284 425/1133/284
f 429/1134/285 427/1135/285 428/1136/285
f 429/1134/285 428/1136/285 430/1137/285
f 423/1138/286 424/1139/286 428/1140/286
f 423/1138/286 428/1140/286 427/1141/286
f 426/1142/287 425/1143/287 429/1144/287
f 426/1142/287 429/1144/287 430/1145/287
usemtl m_95e20f84-55bb-7186-f91a-586499bd637e
f 425/1146/288 423/1147/288 427/1148/288
f 425/1146/288 427/1148/288 429/1149/288
usemtl m_cc4cbd32-c453-a4c6-e794-5e5fa231e7f1
f 430/1150/289 428/1151/289 424/1152/289
f 430/1150/289 424/1152/289 426/1153/289
usemtl m_f59e3bac-8fcc-890c-63e5-9d78c1a9e541
f 432/1154/290 431/1155/290 434/1156/290
f 432/1154/290 434/1156/290 433/1157/290
f 435/1158/291 436/1159/291 437/1160/291
f 435/1158/291 437/1160/291 438/1161/291
f 432/1162/292 436/1163/292 431/1164/292
f 432/1162/292 431/1164/292 435/1165/292
f 433/1166/293 437/1167/293 434/1168/293
f 433/1166/293 434/1168/293 438/1169/293
f 433/1170/294 431/1171/294 435/1172/294
f 433/1170/294 435/1172/294 437/1173/294
f 438/1174/295 436/1175/295 432/1176/295
f 438/1174/295 432/1176/295 434/1177/295
usemtl m_95e20f84-55bb-7186-f91a-586499bd637e
f 442/1178/296 440/1179/296 439/1180/296
f 442/1178/296 439/1180/296 441/1181/296
f 445/1182/297 443/1183/297 444/1184/297
f 445/1182/297 444/1184/297 446/1185/297
f 439/1186/298 440/1187/298 444/1188/298
f 439/1186/298 444/1188/298 443/1189/298
f 442/1190/299 441/1191/299 445/1192/299
f 442/1190/299 445/1192/299 446/1193/299
f 441/1194/300 439/1195/300 443/1196/300
f 441/1194/300 443/1196/300 445/1197/300
f 446/1198/301 444/1199/301 440/1200/301
f 446/1198/301 440/1200/301 442/1201/301
usemtl m_f59e3bac-8fcc-890c-63e5-9d78c1a9e541
f 452/1202/302 448/1203/302 447/1204/302
f 452/1202/302 447/1204/302 451/1205/302
f 451/1206/303 447/1207/303 449/1208/303
f 451/1206/303 449/1208/303 453/1209/303
f 450/1210/304 455/1211/304 456/1212/304
f 450/1210/304 456/1212/304 454/1213/304
f 456/1214/305 455/1215/305 448/1216/305
f 456/1214/305 448/1216/305 452/1217/305
f 456/1218/306 452/1219/306 451/1220/306
f 456/1218/306 451/1220/306 453/1221/306
f 453/1222/307 454/1223/307 456/1224/307
f 450/1225/308 454/1226/308 453/1227/308
f 450/1225/308 453/1227/308 449/1228/308
usemtl m_5f2fd1b5-ab02-44be-a8b7-644236d05904
f 459/1229/309 457/1230/309 461/1231/309
f 459/1229/309 461/1231/309 463/1232/309
f 462/1233/310 458/1234/310 460/1235/310
f 462/1233/310 460/1235/310 464/1236/310
f 467/1237/311 465/1238/311 469/1239/311
f 467/1237/311 469/1239/311 471/1240/311
f 470/1241/312 466/1242/312 468/1243/312
f 470/1241/312 468/1243/312 472/1244/312
f 475/1245/313 473/1246/313 477/1247/313
f 475/1245/313 477/1247/313 479/1248/313
f 478/1249/314 474/1250/314 476/1251/314
f 478/1249/314 476/1251/314 480/1252/314
o r_l
v -0.859375 0.65625 -0.375
v -0.859375 0.65625 -0.5
v -0.859375 0.03125 -0.375
v -0.859375 0.03125 -0.5
v -0.859375 0.65625 -0.375
v -0.859375 0.65625 -0.5
v -0.859375 0.03125 -0.375
v -0.859375 0.03125 -0.5
v 0.375 0.6875 -0.3125
v 0.375 0.6875 -0.375
v 0.375 0.625 -0.3125
v 0.375 0.625 -0.375
v -0.75 0.6875 -0.3125
v -0.75 0.6875 -0.375
v -0.75 0.625 -0.3125
v -0.75 0.625 -0.375
v 0.375 1.625 -0.3125
v 0.375 1.625 -0.375
v 0.375 1.5625 -0.3125
v 0.375 1.5625 -0.375
v -0.75 1.625 -0.3125
v -0.75 1.625 -0.375
v -0.75 1.5625 -0.3125
v -0.75 1.5625 -0.375
v 0.5 1.640625 -0.3125
v 0.5 1.640625 -0.375
v 0.5 1.625 -0.3125
v 0.5 1.625 -0.375
v -0.84375 1.640625 -0.3125
v -0.84375 1.640625 -0.375
v -0.84375 1.625 -0.3125
v -0.84375 1.625 -0.375
v 0.375 0.0625 -0.3125
v 0.375 0.0625 -0.375
v 0.375 0 -0.3125
v 0.375 0 -0.375
v -0.75 0.0625 -0.3125
v -0.75 0.0625 -0.375
v -0.75 0 -0.3125
v -0.75 0 -0.375
v 0.5 1.625 -0.3125
v 0.5 1.625 -0.375
v 0.5 0.625 -0.3125
v 0.5 0.625 -0.375
v 0.375 1.625 -0.3125
v 0.375 1.625 -0.375
v 0.375 0.625 -0.3125
v 0.375 0.625 -0.375
v 0.5 0.625 -0.3125
v 0.5 0.625 -0.375
v 0.5 0 -0.3125
v 0.5 0 -0.375
v 0.375 0.625 -0.3125
v 0.375 0.625 -0.375
v 0.375 0 -0.3125
v 0.375 0 -0.375
v -0.75 0.625 -0.3125
v -0.75 0.625 -0.375
v -0.75 0 -0.3125
v -0.75 0 -0.375
v -0.84375 0.625 -0.3125
v -0.84375 0.625 -0.375
v -0.84375 0 -0.3125
v -0.84375 0 -0.375
v -0.75 1.625 -0.3125
v -0.75 1.625 -0.375
v -0.75 0.625 -0.3125
v -0.75 0.625 -0.375
v -0.84375 1.625 -0.3125
v -0.84375 1.625 -0.375
v -0.84375 0.625 -0.3125
v -0.84375 0.625 -0.375
v 0.375 0.625 -0.3125
v 0.375 0.625 -0.3125
v 0.375 0.0625 -0.3125
v 0.375 0.0625 -0.3125
v -0.75 0.625 -0.3125
v -0.75 0.625 -0.3125
v -0.75 0.0625 -0.3125
v -0.75 0.0625 -0.3125
v -0.84375 1.640625 -0.3125
v -0.84375 1.640625 -0.375
v -0.84375 0 -0.3125
v -0.84375 0 -0.375
v -0.875 1.640625 -0.3125
v -0.875 1.640625 -0.375
v -0.875 0 -0.3125
v -0.875 0 -0.375
v -0.859375 0.375 -0.375
v -0.859375 0.375 -0.4375
v -0.859375 0.125 -0.375
v -0.859375 0.125 -0.5
v 1 0.375 -0.375
v 1 0.375 -0.4375
v 1 0.125 -0.375
v 1 0.125 -0.5
v -0.859375 0.3125 -0.5
v 1 0.3125 -0.5
v 0.375 1 -0.31875
v 0.375 1 -0.325
v 0.375 0.875 -0.31875
v 0.375 0.875 -0.325
v -0.75 1 -0.31875
v -0.75 1 -0.325
v -0.75 0.875 -0.31875
v -0.75 0.875 -0.325
v -0.09375 1.28125 -0.31875
v -0.09375 1.28125 -0.325
v -0.09375 1.09375 -0.31875
v -0.09375 1.09375 -0.325
v -0.28125 1.28125 -0.31875
v -0.28125 1.28125 -0.325
v -0.28125 1.09375 -0.31875
v -0.28125 1.09375 -0.325
v -0.515625 1.34375 -0.31875
v -0.515625 1.34375 -0.325
v -0.515625 1.09375 -0.31875
v -0.515625 1.09375 -0.325
v -0.703125 1.34375 -0.31875
v -0.703125 1.34375 -0.325
v -0.703125 1.09375 -0.31875
v -0.703125 1.09375 -0.325
vt 0.25 0.375
vt 0.25 1
vt 0.125 1
vt 0.125 0.375
vt 0.25 0.375
vt 0.25 1
vt 0.125 1
vt 0.125 0.375
vt 0 1
vt 0 1
vt 0 0.875
vt 0 0.875
vt 0 1
vt 0 1
vt 0 0.875
vt 0 0.875
vt 0 1
vt 0 1
vt 0 0.375
vt 0 0.375
vt 0 1
vt 0 1
vt 0 0.375
vt 0 0.375
vt 0.578125 0.953125
vt 0.578125 0.984375
vt 0.609375 0.984375
vt 0.609375 0.953125
vt 0.453125 0.953125
vt 0.453125 0.984375
vt 0.484375 0.984375
vt 0.484375 0.953125
vt 0.640625 0.953125
vt 0.640625 0.984375
vt 0.671875 0.984375
vt 0.671875 0.953125
vt 0.703125 0.953125
vt 0.703125 0.984375
vt 0.734375 0.984375
vt 0.734375 0.953125
vt 0.515625 0.953125
vt 0.515625 0.984375
vt 0.546875 0.984375
vt 0.546875 0.953125
vt 0.390625 0.953125
vt 0.390625 0.984375
vt 0.421875 0.984375
vt 0.421875 0.953125
vt 0.953125 0.953125
vt 0.953125 0.984375
vt 0.984375 0.984375
vt 0.984375 0.953125
vt 0.828125 0.953125
vt 0.828125 0.984375
vt 0.859375 0.984375
vt 0.859375 0.953125
vt 0.015625 0.890625
vt 0.015625 0.921875
vt 0.046875 0.921875
vt 0.046875 0.890625
vt 0.078125 0.890625
vt 0.078125 0.921875
vt 0.109375 0.921875
vt 0.109375 0.890625
vt 0.890625 0.953125
vt 0.890625 0.984375
vt 0.921875 0.984375
vt 0.921875 0.953125
vt 0.765625 0.953125
vt 0.765625 0.984375
vt 0.796875 0.984375
vt 0.796875 0.953125
vt 0.328125 0.890625
vt 0.328125 0.921875
vt 0.359375 0.921875
vt 0.359375 0.890625
vt 0.203125 0.890625
vt 0.203125 0.921875
vt 0.234375 0.921875
vt 0.234375 0.890625
vt 0.390625 0.890625
vt 0.390625 0.921875
vt 0.421875 0.921875
vt 0.421875 0.890625
vt 0.453125 0.890625
vt 0.453125 0.921875
vt 0.484375 0.921875
vt 0.484375 0.890625
vt 0.265625 0.890625
vt 0.265625 0.921875
vt 0.296875 0.921875
vt 0.296875 0.890625
vt 0.140625 0.890625
vt 0.140625 0.921875
vt 0.171875 0.921875
vt 0.171875 0.890625
vt 0.703125 0.890625
vt 0.703125 0.921875
vt 0.734375 0.921875
vt 0.734375 0.890625
vt 0.578125 0.890625
vt 0.578125 0.921875
vt 0.609375 0.921875
vt 0.609375 0.890625
vt 0.765625 0.890625
vt 0.765625 0.921875
vt 0.796875 0.921875
vt 0.796875 0.890625
vt 0.828125 0.890625
vt 0.828125 0.921875
vt 0.859375 0.921875
vt 0.859375 0.890625
vt 0.640625 0.890625
vt 0.640625 0.921875
vt 0.671875 0.921875
vt 0.671875 0.890625
vt 0.515625 0.890625
vt 0.515625 0.921875
vt 0.546875 0.921875
vt 0.546875 0.890625
vt 0.078125 0.828125
vt 0.078125 0.859375
vt 0.109375 0.859375
vt 0.109375 0.828125
vt 0.953125 0.890625
vt 0.953125 0.921875
vt 0.984375 0.921875
vt 0.984375 0.890625
vt 0.140625 0.828125
vt 0.140625 0.859375
vt 0.171875 0.859375
vt 0.171875 0.828125
vt 0.203125 0.828125
vt 0.203125 0.859375
vt 0.234375 0.859375
vt 0.234375 0.828125
vt 0.015625 0.828125
vt 0.015625 0.859375
vt 0.046875 0.859375
vt 0.046875 0.828125
vt 0.890625 0.890625
vt 0.890625 0.921875
vt 0.921875 0.921875
vt 0.921875 0.890625
vt 0.078125 0.828125
vt 0.078125 0.859375
vt 0.109375 0.859375
vt 0.109375 0.828125
vt 0.953125 0.890625
vt 0.953125 0.921875
vt 0.984375 0.921875
vt 0.984375 0.890625
vt 0.140625 0.828125
vt 0.140625 0.859375
vt 0.171875 0.859375
vt 0.171875 0.828125
vt 0.203125 0.828125
vt 0.203125 0.859375
vt 0.234375 0.859375
vt 0.234375 0.828125
vt 0.015625 0.828125
vt 0.015625 0.859375
vt 0.046875 0.859375
vt 0.046875 0.828125
vt 0.890625 0.890625
vt 0.890625 0.921875
vt 0.921875 0.921875
vt 0.921875 0.890625
vt 0.203125 0.953125
vt 0.203125 0.984375
vt 0.234375 0.984375
vt 0.234375 0.953125
vt 0.078125 0.953125
vt 0.078125 0.984375
vt 0.109375 0.984375
vt 0.109375 0.953125
vt 0.265625 0.953125
vt 0.265625 0.984375
vt 0.296875 0.984375
vt 0.296875 0.953125
vt 0.328125 0.953125
vt 0.328125 0.984375
vt 0.359375 0.984375
vt 0.359375 0.953125
vt 0.140625 0.953125
vt 0.140625 0.984375
vt 0.171875 0.984375
vt 0.171875 0.953125
vt 0.015625 0.953125
vt 0.015625 0.984375
vt 0.046875 0.984375
vt 0.046875 0.953125
vt 0.203125 0.953125
vt 0.203125 0.984375
vt 0.234375 0.984375
vt 0.234375 0.953125
vt 0.078125 0.953125
vt 0.078125 0.984375
vt 0.109375 0.984375
vt 0.109375 0.953125
vt 0.265625 0.953125
vt 0.265625 0.984375
vt 0.296875 0.984375
vt 0.296875 0.953125
vt 0.328125 0.953125
vt 0.328125 0.984375
vt 0.359375 0.984375
vt 0.359375 0.953125
vt 0.140625 0.953125
vt 0.140625 0.984375
vt 0.171875 0.984375
vt 0.171875 0.953125
vt 0.015625 0.953125
vt 0.015625 0.984375
vt 0.046875 0.984375
vt 0.046875 0.953125
vt 0.828125 0.859375
vt 0.859375 0.859375
vt 0.828125 0.828125
vt 0.859375 0.828125
vt 0.703125 0.859375
vt 0.734375 0.859375
vt 0.703125 0.828125
vt 0.734375 0.828125
vt 0.890625 0.859375
vt 0.921875 0.859375
vt 0.890625 0.828125
vt 0.921875 0.828125
vt 0.953125 0.859375
vt 0.984375 0.859375
vt 0.953125 0.828125
vt 0.984375 0.828125
vt 0.765625 0.828125
vt 0.765625 0.859375
vt 0.796875 0.859375
vt 0.796875 0.828125
vt 0.640625 0.828125
vt 0.640625 0.859375
vt 0.671875 0.859375
vt 0.671875 0.828125
vt 0.453125 0.828125
vt 0.453125 0.859375
vt 0.484375 0.859375
vt 0.484375 0.828125
vt 0.328125 0.828125
vt 0.328125 0.859375
vt 0.359375 0.859375
vt 0.359375 0.828125
vt 0.515625 0.828125
vt 0.515625 0.859375
vt 0.546875 0.859375
vt 0.546875 0.828125
vt 0.578125 0.828125
vt 0.578125 0.859375
vt 0.609375 0.859375
vt 0.609375 0.828125
vt 0.390625 0.828125
vt 0.390625 0.859375
vt 0.421875 0.859375
vt 0.421875 0.828125
vt 0.265625 0.828125
vt 0.265625 0.859375
vt 0.296875 0.859375
vt 0.296875 0.828125
vt 0 1
vt 1.484375 1
vt 1.484375 0.875
vt 0 0.875
vt 0 1
vt 1.484375 1
vt 1.484375 0.75
vt 0 0.75
vt 1.484375 0.875
vt 1.484375 1
vt 0 1
vt 0 0.875
vt 1.484375 0.875
vt 0 0.875
vt 0 1
vt 1.484375 1
vt 0 1
vt 0 1
vt 0 1
vt 0 1
vt 0 1
vt 0 1
vt 0 1
vt 1.484375 0.875
vt 0 0.875
vt 0 1
vt 1.484375 1
vt 1.0484375 0.8515625
vt 1.0484375 1
vt 0 1
vt 0 0.8515625
vt 0 1
vt 1 1
vt 1 0.84375
vt 0 0.84375
vt 0.546875 0.26015625
vt 0.546875 0.53359375
vt 0.2734375 0.53359375
vt 0.2734375 0.26015625
vt 0.2734375 0.53359375
vt 0.546875 0.53359375
vt 0.546875 0.26015625
vt 0.2734375 0.26015625
vt 0.1890625 0.548828125
vt 0.1890625 0.837890625
vt 0 0.837890625
vt 0 0.548828125
vt 0 0.83765625
vt 0.1875 0.83765625
vt 0.1875 0.54859375
vt 0 0.54859375
vn 1 0 0
vn -1 0 0
vn 0 0 0
vn 0 0 0
vn 0 0 0
vn 0 0 0
vn 1 0 0
vn -1 0 0
vn 0 1 0
vn 0 -1 0
vn 0 0 1
vn 0 0 -1
vn 1 0 0
vn -1 0 0
vn 0 1 0
vn 0 -1 0
vn 0 0 1
vn 0 0 -1
vn 1 0 0
vn -1 0 0
vn 0 1 0
vn 0 -1 0
vn 0 0 1
vn 0 0 -1
vn 1 0 0
vn -1 0 0
vn 0 1 0
vn 0 -1 0
vn 0 0 1
vn 0 0 -1
vn 1 0 0
vn -1 0 0
vn 0 1 0
vn 0 -1 0
vn 0 0 1
vn 0 0 -1
vn 1 0 0
vn -1 0 0
vn 0 1 0
vn 0 -1 0
vn 0 0 1
vn 0 0 -1
vn 1 0 0
vn -1 0 0
vn 0 1 0
vn 0 -1 0
vn 0 0 1
vn 0 0 -1
vn 1 0 0
vn -1 0 0
vn 0 1 0
vn 0 -1 0
vn 0 0 1
vn 0 0 -1
vn 0 0 0
vn 0 0 0
vn 0 0 0
vn 0 0 0
vn 0 0 1
vn 0 0 -1
vn 1 0 0
vn -1 0 0
vn 0 1 0
vn 0 -1 0
vn 0 0 1
vn 0 0 -1
vn 0 1 0
vn 0 0 1
vn 0 0 -1
vn 0 0.7071067811865476 -0.7071067811865476
vn 1 0 0
vn 1 0 0
vn 0 -1 0
vn 0 0 1
vn 0 0 -1
vn 0 0 1
vn 0 0 -1
vn 0 0 1
vn 0 0 -1
usemtl m_cc4cbd32-c453-a4c6-e794-5e5fa231e7f1
f 484/1253/315 482/1254/315 481/1255/315
f 484/1253/315 481/1255/315 483/1256/315
f 487/1257/316 485/1258/316 486/1259/316
f 487/1257/316 486/1259/316 488/1260/316
f 482/1261/317 486/1262/317 481/1263/317
f 482/1261/317 481/1263/317 485/1264/317
f 483/1265/318 487/1266/318 484/1267/318
f 483/1265/318 484/1267/318 488/1268/318
f 481/1269/319 485/1270/319 483/1271/319
f 481/1269/319 483/1271/319 487/1272/319
f 486/1273/320 482/1274/320 488/1275/320
f 486/1273/320 488/1275/320 484/1276/320
f 492/1277/321 490/1278/321 489/1279/321
f 492/1277/321 489/1279/321 491/1280/321
f 495/1281/322 493/1282/322 494/1283/322
f 495/1281/322 494/1283/322 496/1284/322
f 489/1285/323 490/1286/323 494/1287/323
f 489/1285/323 494/1287/323 493/1288/323
f 492/1289/324 491/1290/324 495/1291/324
f 492/1289/324 495/1291/324 496/1292/324
usemtl m_95e20f84-55bb-7186-f91a-586499bd637e
f 491/1293/325 489/1294/325 493/1295/325
f 491/1293/325 493/1295/325 495/1296/325
usemtl m_cc4cbd32-c453-a4c6-e794-5e5fa231e7f1
f 496/1297/326 494/1298/326 490/1299/326
f 496/1297/326 490/1299/326 492/1300/326
f 500/1301/327 498/1302/327 497/1303/327
f 500/1301/327 497/1303/327 499/1304/327
f 503/1305/328 501/1306/328 502/1307/328
f 503/1305/328 502/1307/328 504/1308/328
f 497/1309/329 498/1310/329 502/1311/329
f 497/1309/329 502/1311/329 501/1312/329
f 500/1313/330 499/1314/330 503/1315/330
f 500/1313/330 503/1315/330 504/1316/330
usemtl m_95e20f84-55bb-7186-f91a-586499bd637e
f 499/1317/331 497/1318/331 501/1319/331
f 499/1317/331 501/1319/331 503/1320/331
usemtl m_cc4cbd32-c453-a4c6-e794-5e5fa231e7f1
f 504/1321/332 502/1322/332 498/1323/332
f 504/1321/332 498/1323/332 500/1324/332
f 508/1325/333 506/1326/333 505/1327/333
f 508/1325/333 505/1327/333 507/1328/333
f 511/1329/334 509/1330/334 510/1331/334
f 511/1329/334 510/1331/334 512/1332/334
f 505/1333/335 506/1334/335 510/1335/335
f 505/1333/335 510/1335/335 509/1336/335
f 508/1337/336 507/1338/336 511/1339/336
f 508/1337/336 511/1339/336 512/1340/336
f 507/1341/337 505/1342/337 509/1343/337
f 507/1341/337 509/1343/337 511/1344/337
f 512/1345/338 510/1346/338 506/1347/338
f 512/1345/338 506/1347/338 508/1348/338
f 516/1349/339 514/1350/339 513/1351/339
f 516/1349/339 513/1351/339 515/1352/339
f 519/1353/340 517/1354/340 518/1355/340
f 519/1353/340 518/1355/340 520/1356/340
f 513/1357/341 514/1358/341 518/1359/341
f 513/1357/341 518/1359/341 517/1360/341
f 516/1361/342 515/1362/342 519/1363/342
f 516/1361/342 519/1363/342 520/1364/342
usemtl m_f59e3bac-8fcc-890c-63e5-9d78c1a9e541
f 515/1365/343 513/1366/343 517/1367/343
f 515/1365/343 517/1367/343 519/1368/343
usemtl m_cc4cbd32-c453-a4c6-e794-5e5fa231e7f1
f 520/1369/344 518/1370/344 514/1371/344
f 520/1369/344 514/1371/344 516/1372/344
f 524/1373/345 522/1374/345 521/1375/345
f 524/1373/345 521/1375/345 523/1376/345
f 527/1377/346 525/1378/346 526/1379/346
f 527/1377/346 526/1379/346 528/1380/346
f 521/1381/347 522/1382/347 526/1383/347
f 521/1381/347 526/1383/347 525/1384/347
f 524/1385/348 523/1386/348 527/1387/348
f 524/1385/348 527/1387/348 528/1388/348
usemtl m_95e20f84-55bb-7186-f91a-586499bd637e
f 523/1389/349 521/1390/349 525/1391/349
f 523/1389/349 525/1391/349 527/1392/349
usemtl m_cc4cbd32-c453-a4c6-e794-5e5fa231e7f1
f 528/1393/350 526/1394/350 522/1395/350
f 528/1393/350 522/1395/350 524/1396/350
f 532/1397/351 530/1398/351 529/1399/351
f 532/1397/351 529/1399/351 531/1400/351
f 535/1401/352 533/1402/352 534/1403/352
f 535/1401/352 534/1403/352 536/1404/352
f 529/1405/353 530/1406/353 534/1407/353
f 529/1405/353 534/1407/353 533/1408/353
f 532/1409/354 531/1410/354 535/1411/354
f 532/1409/354 535/1411/354 536/1412/354
usemtl m_f59e3bac-8fcc-890c-63e5-9d78c1a9e541
f 531/1413/355 529/1414/355 533/1415/355
f 531/1413/355 533/1415/355 535/1416/355
usemtl m_cc4cbd32-c453-a4c6-e794-5e5fa231e7f1
f 536/1417/356 534/1418/356 530/1419/356
f 536/1417/356 530/1419/356 532/1420/356
f 540/1421/357 538/1422/357 537/1423/357
f 540/1421/357 537/1423/357 539/1424/357
f 543/1425/358 541/1426/358 542/1427/358
f 543/1425/358 542/1427/358 544/1428/358
f 537/1429/359 538/1430/359 542/1431/359
f 537/1429/359 542/1431/359 541/1432/359
f 540/1433/360 539/1434/360 543/1435/360
f 540/1433/360 543/1435/360 544/1436/360
usemtl m_f59e3bac-8fcc-890c-63e5-9d78c1a9e541
f 539/1437/361 537/1438/361 541/1439/361
f 539/1437/361 541/1439/361 543/1440/361
usemtl m_cc4cbd32-c453-a4c6-e794-5e5fa231e7f1
f 544/1441/362 542/1442/362 538/1443/362
f 544/1441/362 538/1443/362 540/1444/362
f 548/1445/363 546/1446/363 545/1447/363
f 548/1445/363 545/1447/363 547/1448/363
f 551/1449/364 549/1450/364 550/1451/364
f 551/1449/364 550/1451/364 552/1452/364
f 545/1453/365 546/1454/365 550/1455/365
f 545/1453/365 550/1455/365 549/1456/365
f 548/1457/366 547/1458/366 551/1459/366
f 548/1457/366 551/1459/366 552/1460/366
usemtl m_95e20f84-55bb-7186-f91a-586499bd637e
f 547/1461/367 545/1462/367 549/1463/367
f 547/1461/367 549/1463/367 551/1464/367
usemtl m_cc4cbd32-c453-a4c6-e794-5e5fa231e7f1
f 552/1465/368 550/1466/368 546/1467/368
f 552/1465/368 546/1467/368 548/1468/368
usemtl m_f59e3bac-8fcc-890c-63e5-9d78c1a9e541
f 554/1469/369 553/1470/369 556/1471/369
f 554/1469/369 556/1471/369 555/1472/369
f 557/1473/370 558/1474/370 559/1475/370
f 557/1473/370 559/1475/370 560/1476/370
f 554/1477/371 558/1478/371 553/1479/371
f 554/1477/371 553/1479/371 557/1480/371
f 555/1481/372 559/1482/372 556/1483/372
f 555/1481/372 556/1483/372 560/1484/372
f 555/1485/373 553/1486/373 557/1487/373
f 555/1485/373 557/1487/373 559/1488/373
f 560/1489/374 558/1490/374 554/1491/374
f 560/1489/374 554/1491/374 556/1492/374
usemtl m_95e20f84-55bb-7186-f91a-586499bd637e
f 564/1493/375 562/1494/375 561/1495/375
f 564/1493/375 561/1495/375 563/1496/375
f 567/1497/376 565/1498/376 566/1499/376
f 567/1497/376 566/1499/376 568/1500/376
f 561/1501/377 562/1502/377 566/1503/377
f 561/1501/377 566/1503/377 565/1504/377
f 564/1505/378 563/1506/378 567/1507/378
f 564/1505/378 567/1507/378 568/1508/378
f 563/1509/379 561/1510/379 565/1511/379
f 563/1509/379 565/1511/379 567/1512/379
f 568/1513/380 566/1514/380 562/1515/380
f 568/1513/380 562/1515/380 564/1516/380
usemtl m_f59e3bac-8fcc-890c-63e5-9d78c1a9e541
f 574/1517/381 570/1518/381 569/1519/381
f 574/1517/381 569/1519/381 573/1520/381
f 573/1521/382 569/1522/382 571/1523/382
f 573/1521/382 571/1523/382 575/1524/382
f 572/1525/383 577/1526/383 578/1527/383
f 572/1525/383 578/1527/383 576/1528/383
f 578/1529/384 577/1530/384 570/1531/384
f 578/1529/384 570/1531/384 574/1532/384
f 578/1533/385 574/1534/385 573/1535/385
f 578/1533/385 573/1535/385 575/1536/385
f 575/1537/386 576/1538/386 578/1539/386
f 572/1540/387 576/1541/387 575/1542/387
f 572/1540/387 575/1542/387 571/1543/387
usemtl m_5f2fd1b5-ab02-44be-a8b7-644236d05904
f 581/1544/388 579/1545/388 583/1546/388
f 581/1544/388 583/1546/388 585/1547/388
f 584/1548/389 580/1549/389 582/1550/389
f 584/1548/389 582/1550/389 586/1551/389
f 589/1552/390 587/1553/390 591/1554/390
f 589/1552/390 591/1554/390 593/1555/390
f 592/1556/391 588/1557/391 590/1558/391
f 592/1556/391 590/1558/391 594/1559/391
f 597/1560/392 595/1561/392 599/1562/392
f 597/1560/392 599/1562/392 601/1563/392
f 600/1564/393 596/1565/393 598/1566/393
f 600/1564/393 598/1566/393 602/1567/393
o r_s
v -0.109375 0.65625 -0.375
v -0.109375 0.65625 -0.5
v -0.109375 0.03125 -0.375
v -0.109375 0.03125 -0.5
v 0.375 0.6875 -0.3125
v 0.375 0.6875 -0.375
v 0.375 0.625 -0.3125
v 0.375 0.625 -0.375
v 0 0.6875 -0.3125
v 0 0.6875 -0.375
v 0 0.625 -0.3125
v 0 0.625 -0.375
v 0.375 1.625 -0.3125
v 0.375 1.625 -0.375
v 0.375 1.5625 -0.3125
v 0.375 1.5625 -0.375
v 0 1.625 -0.3125
v 0 1.625 -0.375
v 0 1.5625 -0.3125
v 0 1.5625 -0.375
v 0.5 1.640625 -0.3125
v 0.5 1.640625 -0.375
v 0.5 1.625 -0.3125
v 0.5 1.625 -0.375
v -0.09375 1.640625 -0.3125
v -0.09375 1.640625 -0.375
v -0.09375 1.625 -0.3125
v -0.09375 1.625 -0.375
v 0.375 0.0625 -0.3125
v 0.375 0.0625 -0.375
v 0.375 0 -0.3125
v 0.375 0 -0.375
v 0 0.0625 -0.3125
v 0 0.0625 -0.375
v 0 0 -0.3125
v 0 0 -0.375
v 0.5 0.625 -0.3125
v 0.5 0.625 -0.375
v 0.5 0 -0.3125
v 0.5 0 -0.375
v -0.09375 0.625 -0.3125
v -0.09375 0.625 -0.375
v -0.09375 0 -0.3125
v -0.09375 0 -0.375
v -0.125 1.640625 -0.3125
v -0.125 1.640625 -0.375
v -0.125 0 -0.3125
v -0.125 0 -0.375
v -0.109375 0.375 -0.375
v -0.109375 0.375 -0.4375
v -0.109375 0.125 -0.375
v -0.109375 0.125 -0.5
v 1 0.375 -0.375
v 1 0.375 -0.4375
v 1 0.125 -0.375
v 1 0.125 -0.5
v -0.109375 0.3125 -0.5
v 1 0.3125 -0.5
v 0.4375 1 -0.31875
v 0.4375 1 -0.325
v 0.4375 0.875 -0.31875
v 0.4375 0.875 -0.325
v -0.0625 1 -0.31875
v -0.0625 1 -0.325
v -0.0625 0.875 -0.31875
v -0.0625 0.875 -0.325
v 0.28125 1.28125 -0.31875
v 0.28125 1.28125 -0.325
v 0.28125 1.09375 -0.31875
v 0.28125 1.09375 -0.325
v 0.09375 1.28125 -0.31875
v 0.09375 1.28125 -0.325
v 0.09375 1.09375 -0.31875
v 0.09375 1.09375 -0.325
vt 0 0.375
vt 0 1
vt 0.125 1
vt 0.125 0.375
vt 0 0.375
vt 0 1
vt 0.125 1
vt 0.125 0.375
vt 0.578125 0.953125
vt 0.578125 0.984375
vt 0.609375 0.984375
vt 0.609375 0.953125
vt 0.453125 0.953125
vt 0.453125 0.984375
vt 0.484375 0.984375
vt 0.484375 0.953125
vt 0.640625 0.953125
vt 0.640625 0.984375
vt 0.671875 0.984375
vt 0.671875 0.953125
vt 0.703125 0.953125
vt 0.703125 0.984375
vt 0.734375 0.984375
vt 0.734375 0.953125
vt 0.515625 0.953125
vt 0.515625 0.984375
vt 0.546875 0.984375
vt 0.546875 0.953125
vt 0.390625 0.953125
vt 0.390625 0.984375
vt 0.421875 0.984375
vt 0.421875 0.953125
vt 0.953125 0.953125
vt 0.953125 0.984375
vt 0.984375 0.984375
vt 0.984375 0.953125
vt 0.828125 0.953125
vt 0.828125 0.984375
vt 0.859375 0.984375
vt 0.859375 0.953125
vt 0.015625 0.890625
vt 0.015625 0.921875
vt 0.046875 0.921875
vt 0.046875 0.890625
vt 0.078125 0.890625
vt 0.078125 0.921875
vt 0.109375 0.921875
vt 0.109375 0.890625
vt 0.890625 0.953125
vt 0.890625 0.984375
vt 0.921875 0.984375
vt 0.921875 0.953125
vt 0.765625 0.953125
vt 0.765625 0.984375
vt 0.796875 0.984375
vt 0.796875 0.953125
vt 0.328125 0.890625
vt 0.328125 0.921875
vt 0.359375 0.921875
vt 0.359375 0.890625
vt 0.203125 0.890625
vt 0.203125 0.921875
vt 0.234375 0.921875
vt 0.234375 0.890625
vt 0.390625 0.890625
vt 0.390625 0.921875
vt 0.421875 0.921875
vt 0.421875 0.890625
vt 0.453125 0.890625
vt 0.453125 0.921875
vt 0.484375 0.921875
vt 0.484375 0.890625
vt 0.265625 0.890625
vt 0.265625 0.921875
vt 0.296875 0.921875
vt 0.296875 0.890625
vt 0.140625 0.890625
vt 0.140625 0.921875
vt 0.171875 0.921875
vt 0.171875 0.890625
vt 0.703125 0.890625
vt 0.703125 0.921875
vt 0.734375 0.921875
vt 0.734375 0.890625
vt 0.578125 0.890625
vt 0.578125 0.921875
vt 0.609375 0.921875
vt 0.609375 0.890625
vt 0.765625 0.890625
vt 0.765625 0.921875
vt 0.796875 0.921875
vt 0.796875 0.890625
vt 0.828125 0.890625
vt 0.828125 0.921875
vt 0.859375 0.921875
vt 0.859375 0.890625
vt 0.640625 0.890625
vt 0.640625 0.921875
vt 0.671875 0.921875
vt 0.671875 0.890625
vt 0.515625 0.890625
vt 0.515625 0.921875
vt 0.546875 0.921875
vt 0.546875 0.890625
vt 0.078125 0.828125
vt 0.078125 0.859375
vt 0.109375 0.859375
vt 0.109375 0.828125
vt 0.953125 0.890625
vt 0.953125 0.921875
vt 0.984375 0.921875
vt 0.984375 0.890625
vt 0.140625 0.828125
vt 0.140625 0.859375
vt 0.171875 0.859375
vt 0.171875 0.828125
vt 0.203125 0.828125
vt 0.203125 0.859375
vt 0.234375 0.859375
vt 0.234375 0.828125
vt 0.015625 0.828125
vt 0.015625 0.859375
vt 0.046875 0.859375
vt 0.046875 0.828125
vt 0.890625 0.890625
vt 0.890625 0.921875
vt 0.921875 0.921875
vt 0.921875 0.890625
vt 0.078125 0.828125
vt 0.078125 0.859375
vt 0.109375 0.859375
vt 0.109375 0.828125
vt 0.953125 0.890625
vt 0.953125 0.921875
vt 0.984375 0.921875
vt 0.984375 0.890625
vt 0.140625 0.828125
vt 0.140625 0.859375
vt 0.171875 0.859375
vt 0.171875 0.828125
vt 0.203125 0.828125
vt 0.203125 0.859375
vt 0.234375 0.859375
vt 0.234375 0.828125
vt 0.015625 0.828125
vt 0.015625 0.859375
vt 0.046875 0.859375
vt 0.046875 0.828125
vt 0.890625 0.890625
vt 0.890625 0.921875
vt 0.921875 0.921875
vt 0.921875 0.890625
vt 0.203125 0.953125
vt 0.203125 0.984375
vt 0.234375 0.984375
vt 0.234375 0.953125
vt 0.078125 0.953125
vt 0.078125 0.984375
vt 0.109375 0.984375
vt 0.109375 0.953125
vt 0.265625 0.953125
vt 0.265625 0.984375
vt 0.296875 0.984375
vt 0.296875 0.953125
vt 0.328125 0.953125
vt 0.328125 0.984375
vt 0.359375 0.984375
vt 0.359375 0.953125
vt 0.140625 0.953125
vt 0.140625 0.984375
vt 0.171875 0.984375
vt 0.171875 0.953125
vt 0.015625 0.953125
vt 0.015625 0.984375
vt 0.046875 0.984375
vt 0.046875 0.953125
vt 0.203125 0.953125
vt 0.203125 0.984375
vt 0.234375 0.984375
vt 0.234375 0.953125
vt 0.078125 0.953125
vt 0.078125 0.984375
vt 0.109375 0.984375
vt 0.109375 0.953125
vt 0.265625 0.953125
vt 0.265625 0.984375
vt 0.296875 0.984375
vt 0.296875 0.953125
vt 0.328125 0.953125
vt 0.328125 0.984375
vt 0.359375 0.984375
vt 0.359375 0.953125
vt 0.140625 0.953125
vt 0.140625 0.984375
vt 0.171875 0.984375
vt 0.171875 0.953125
vt 0.015625 0.953125
vt 0.015625 0.984375
vt 0.046875 0.984375
vt 0.046875 0.953125
vt 0.765625 0.828125
vt 0.765625 0.859375
vt 0.796875 0.859375
vt 0.796875 0.828125
vt 0.640625 0.828125
vt 0.640625 0.859375
vt 0.671875 0.859375
vt 0.671875 0.828125
vt 0.453125 0.828125
vt 0.453125 0.859375
vt 0.484375 0.859375
vt 0.484375 0.828125
vt 0.328125 0.828125
vt 0.328125 0.859375
vt 0.359375 0.859375
vt 0.359375 0.828125
vt 0.515625 0.828125
vt 0.515625 0.859375
vt 0.546875 0.859375
vt 0.546875 0.828125
vt 0.578125 0.828125
vt 0.578125 0.859375
vt 0.609375 0.859375
vt 0.609375 0.828125
vt 0.390625 0.828125
vt 0.390625 0.859375
vt 0.421875 0.859375
vt 0.421875 0.828125
vt 0.265625 0.828125
vt 0.265625 0.859375
vt 0.296875 0.859375
vt 0.296875 0.828125
vt 0 1
vt 1.484375 1
vt 1.484375 0.875
vt 0 0.875
vt 0 1
vt 1.484375 1
vt 1.484375 0.75
vt 0 0.75
vt 1.484375 0.875
vt 1.484375 1
vt 0 1
vt 0 0.875
vt 1.484375 0.875
vt 0 0.875
vt 0 1
vt 1.484375 1
vt 0 1
vt 0 1
vt 0 1
vt 0 1
vt 0 1
vt 0 1
vt 0 1
vt 1.484375 0.875
vt 0 0.875
vt 0 1
vt 1.484375 1
vt 1.0484375 0.8515625
vt 1.0484375 1
vt 0 1
vt 0 0.8515625
vt 0 1
vt 1 1
vt 1 0.84375
vt 0 0.84375
vt 0.546875 0.26015625
vt 0.546875 0.53359375
vt 0.2734375 0.53359375
vt 0.2734375 0.26015625
vt 0.2734375 0.53359375
vt 0.546875 0.53359375
vt 0.546875 0.26015625
vt 0.2734375 0.26015625
vn 1 0 0
vn -1 0 0
vn 1 0 0
vn -1 0 0
vn 0 1 0
vn 0 -1 0
vn 0 0 1
vn 0 0 -1
vn 1 0 0
vn -1 0 0
vn 0 1 0
vn 0 -1 0
vn 0 0 1
vn 0 0 -1
vn 1 0 0
vn -1 0 0
vn 0 1 0
vn 0 -1 0
vn 0 0 1
vn 0 0 -1
vn 1 0 0
vn -1 0 0
vn 0 1 0
vn 0 -1 0
vn 0 0 1
vn 0 0 -1
vn 1 0 0
vn -1 0 0
vn 0 1 0
vn 0 -1 0
vn 0 0 1
vn 0 0 -1
vn 1 0 0
vn -1 0 0
vn 0 1 0
vn 0 -1 0
vn 0 0 1
vn 0 0 -1
vn 1 0 0
vn -1 0 0
vn 0 1 0
vn 0 -1 0
vn 0 0 1
vn 0 0 -1
vn 1 0 0
vn -1 0 0
vn 0 1 0
vn 0 -1 0
vn 0 0 1
vn 0 0 -1
vn 0 0 1
vn 0 0 -1
vn 1 0 0
vn -1 0 0
vn 0 1 0
vn 0 -1 0
vn 0 0 1
vn 0 0 -1
vn 0 1 0
vn 0 0 1
vn 0 0 -1
vn 0 0.7071067811865476 -0.7071067811865476
vn 1 0 0
vn 1 0 0
vn 0 -1 0
vn 0 0 1
vn 0 0 -1
vn 0 0 1
vn 0 0 -1
usemtl m_cc4cbd32-c453-a4c6-e794-5e5fa231e7f1
f 606/1568/394 604/1569/394 603/1570/394
f 606/1568/394 603/1570/394 605/1571/394
f 605/1572/395 603/1573/395 604/1574/395
f 605/1572/395 604/1574/395 606/1575/395
f 610/1576/396 608/1577/396 607/1578/396
f 610/1576/396 607/1578/396 609/1579/396
f 613/1580/397 611/1581/397 612/1582/397
f 613/1580/397 612/1582/397 614/1583/397
f 607/1584/398 608/1585/398 612/1586/398
f 607/1584/398 612/1586/398 611/1587/398
f 610/1588/399 609/1589/399 613/1590/399
f 610/1588/399 613/1590/399 614/1591/399
usemtl m_95e20f84-55bb-7186-f91a-586499bd637e
f 609/1592/400 607/1593/400 611/1594/400
f 609/1592/400 611/1594/400 613/1595/400
usemtl m_cc4cbd32-c453-a4c6-e794-5e5fa231e7f1
f 614/1596/401 612/1597/401 608/1598/401
f 614/1596/401 608/1598/401 610/1599/401
f 618/1600/402 616/1601/402 615/1602/402
f 618/1600/402 615/1602/402 617/1603/402
f 621/1604/403 619/1605/403 620/1606/403
f 621/1604/403 620/1606/403 622/1607/403
f 615/1608/404 616/1609/404 620/1610/404
f 615/1608/404 620/1610/404 619/1611/404
f 618/1612/405 617/1613/405 621/1614/405
f 618/1612/405 621/1614/405 622/1615/405
usemtl m_95e20f84-55bb-7186-f91a-586499bd637e
f 617/1616/406 615/1617/406 619/1618/406
f 617/1616/406 619/1618/406 621/1619/406
usemtl m_cc4cbd32-c453-a4c6-e794-5e5fa231e7f1
f 622/1620/407 620/1621/407 616/1622/407
f 622/1620/407 616/1622/407 618/1623/407
f 626/1624/408 624/1625/408 623/1626/408
f 626/1624/408 623/1626/408 625/1627/408
f 629/1628/409 627/1629/409 628/1630/409
f 629/1628/409 628/1630/409 630/1631/409
f 623/1632/410 624/1633/410 628/1634/410
f 623/1632/410 628/1634/410 627/1635/410
f 626/1636/411 625/1637/411 629/1638/411
f 626/1636/411 629/1638/411 630/1639/411
f 625/1640/412 623/1641/412 627/1642/412
f 625/1640/412 627/1642/412 629/1643/412
f 630/1644/413 628/1645/413 624/1646/413
f 630/1644/413 624/1646/413 626/1647/413
f 634/1648/414 632/1649/414 631/1650/414
f 634/1648/414 631/1650/414 633/1651/414
f 637/1652/415 635/1653/415 636/1654/415
f 637/1652/415 636/1654/415 638/1655/415
f 631/1656/416 632/1657/416 636/1658/416
f 631/1656/416 636/1658/416 635/1659/416
f 634/1660/417 633/1661/417 637/1662/417
f 634/1660/417 637/1662/417 638/1663/417
usemtl m_f59e3bac-8fcc-890c-63e5-9d78c1a9e541
f 633/1664/418 631/1665/418 635/1666/418
f 633/1664/418 635/1666/418 637/1667/418
usemtl m_cc4cbd32-c453-a4c6-e794-5e5fa231e7f1
f 638/1668/419 636/1669/419 632/1670/419
f 638/1668/419 632/1670/419 634/1671/419
f 640/1672/420 626/1673/420 625/1674/420
f 640/1672/420 625/1674/420 639/1675/420
f 609/1676/421 615/1677/421 616/1678/421
f 609/1676/421 616/1678/421 610/1679/421
f 625/1680/422 626/1681/422 616/1682/422
f 625/1680/422 616/1682/422 615/1683/422
f 640/1684/423 639/1685/423 609/1686/423
f 640/1684/423 609/1686/423 610/1687/423
usemtl m_95e20f84-55bb-7186-f91a-586499bd637e
f 639/1688/424 625/1689/424 615/1690/424
f 639/1688/424 615/1690/424 609/1691/424
usemtl m_cc4cbd32-c453-a4c6-e794-5e5fa231e7f1
f 610/1692/425 616/1693/425 626/1694/425
f 610/1692/425 626/1694/425 640/1695/425
f 642/1696/426 640/1697/426 639/1698/426
f 642/1696/426 639/1698/426 641/1699/426
f 633/1700/427 609/1701/427 610/1702/427
f 633/1700/427 610/1702/427 634/1703/427
f 639/1704/428 640/1705/428 610/1706/428
f 639/1704/428 610/1706/428 609/1707/428
f 642/1708/429 641/1709/429 633/1710/429
f 642/1708/429 633/1710/429 634/1711/429
usemtl m_f59e3bac-8fcc-890c-63e5-9d78c1a9e541
f 641/1712/430 639/1713/430 609/1714/430
f 641/1712/430 609/1714/430 633/1715/430
usemtl m_cc4cbd32-c453-a4c6-e794-5e5fa231e7f1
f 634/1716/431 610/1717/431 640/1718/431
f 634/1716/431 640/1718/431 642/1719/431
f 638/1720/432 614/1721/432 613/1722/432
f 638/1720/432 613/1722/432 637/1723/432
f 645/1724/433 643/1725/433 644/1726/433
f 645/1724/433 644/1726/433 646/1727/433
f 613/1728/434 614/1729/434 644/1730/434
f 613/1728/434 644/1730/434 643/1731/434
f 638/1732/435 637/1733/435 645/1734/435
f 638/1732/435 645/1734/435 646/1735/435
usemtl m_f59e3bac-8fcc-890c-63e5-9d78c1a9e541
f 637/1736/436 613/1737/436 643/1738/436
f 637/1736/436 643/1738/436 645/1739/436
usemtl m_cc4cbd32-c453-a4c6-e794-5e5fa231e7f1
f 646/1740/437 644/1741/437 614/1742/437
f 646/1740/437 614/1742/437 638/1743/437
f 614/1744/438 620/1745/438 619/1746/438
f 614/1744/438 619/1746/438 613/1747/438
f 643/1748/439 629/1749/439 630/1750/439
f 643/1748/439 630/1750/439 644/1751/439
f 619/1752/440 620/1753/440 630/1754/440
f 619/1752/440 630/1754/440 629/1755/440
f 614/1756/441 613/1757/441 643/1758/441
f 614/1756/441 643/1758/441 644/1759/441
usemtl m_95e20f84-55bb-7186-f91a-586499bd637e
f 613/1760/442 619/1761/442 629/1762/442
f 613/1760/442 629/1762/442 643/1763/442
usemtl m_cc4cbd32-c453-a4c6-e794-5e5fa231e7f1
f 644/1764/443 630/1765/443 620/1766/443
f 644/1764/443 620/1766/443 614/1767/443
usemtl m_f59e3bac-8fcc-890c-63e5-9d78c1a9e541
f 631/1768/444 609/1769/444 613/1770/444
f 631/1768/444 613/1770/444 635/1771/444
f 635/1772/445 613/1773/445 609/1774/445
f 635/1772/445 609/1774/445 631/1775/445
usemtl m_95e20f84-55bb-7186-f91a-586499bd637e
f 646/1776/446 628/1777/446 627/1778/446
f 646/1776/446 627/1778/446 645/1779/446
f 649/1780/447 647/1781/447 648/1782/447
f 649/1780/447 648/1782/447 650/1783/447
f 627/1784/448 628/1785/448 648/1786/448
f 627/1784/448 648/1786/448 647/1787/448
f 646/1788/449 645/1789/449 649/1790/449
f 646/1788/449 649/1790/449 650/1791/449
f 645/1792/450 627/1793/450 647/1794/450
f 645/1792/450 647/1794/450 649/1795/450
f 650/1796/451 648/1797/451 628/1798/451
f 650/1796/451 628/1798/451 646/1799/451
usemtl m_f59e3bac-8fcc-890c-63e5-9d78c1a9e541
f 656/1800/452 652/1801/452 651/1802/452
f 656/1800/452 651/1802/452 655/1803/452
f 655/1804/453 651/1805/453 653/1806/453
f 655/1804/453 653/1806/453 657/1807/453
f 654/1808/454 659/1809/454 660/1810/454
f 654/1808/454 660/1810/454 658/1811/454
f 660/1812/455 659/1813/455 652/1814/455
f 660/1812/455 652/1814/455 656/1815/455
f 660/1816/456 656/1817/456 655/1818/456
f 660/1816/456 655/1818/456 657/1819/456
f 657/1820/457 658/1821/457 660/1822/457
f 654/1823/458 658/1824/458 657/1825/458
f 654/1823/458 657/1825/458 653/1826/458
usemtl m_5f2fd1b5-ab02-44be-a8b7-644236d05904
f 663/1827/459 661/1828/459 665/1829/459
f 663/1827/459 665/1829/459 667/1830/459
f 666/1831/460 662/1832/460 664/1833/460
f 666/1831/460 664/1833/460 668/1834/460
f 671/1835/461 669/1836/461 673/1837/461
f 671/1835/461 673/1837/461 675/1838/461
f 674/1839/462 670/1840/462 672/1841/462
f 674/1839/462 672/1841/462 676/1842/462
o g_rd
v 0.5 1.625 -0.1875
v 0.5 1.625 -0.3124375
v 0.5 0 -0.1875
v 0.5 0 -0.3124375
v 0.4375 1.625 -0.1875
v 0.4375 1.625 -0.3124375
v 0.4375 0 -0.1875
v 0.4375 0 -0.3124375
v 0.0625 1.625 -0.1875
v 0.0625 1.625 -0.3124375
v 0.0625 0 -0.1875
v 0.0625 0 -0.3124375
v 0 1.625 -0.1875
v 0 1.625 -0.3124375
v 0 0 -0.1875
v 0 0 -0.3124375
v 0.125 1.625 -0.1875
v 0.125 1.625 -0.25
v 0.125 0.625 -0.1875
v 0.125 0.625 -0.25
v 0.0625 1.625 -0.1875
v 0.0625 1.625 -0.25
v 0.0625 0.625 -0.1875
v 0.0625 0.625 -0.25
v 0.375 1.625 -0.1875
v 0.375 1.625 -0.25
v 0.375 1.5625 -0.1875
v 0.375 1.5625 -0.25
v 0.125 1.625 -0.1875
v 0.125 1.625 -0.25
v 0.125 1.5625 -0.1875
v 0.125 1.5625 -0.25
v 0.4375 1.625 -0.1875
v 0.4375 1.625 -0.25
v 0.4375 0.625 -0.1875
v 0.4375 0.625 -0.25
v 0.375 1.625 -0.1875
v 0.375 1.625 -0.25
v 0.375 0.625 -0.1875
v 0.375 0.625 -0.25
v 0.375 0.6875 -0.1875
v 0.375 0.6875 -0.25
v 0.375 0.625 -0.1875
v 0.375 0.625 -0.25
v 0.125 0.6875 -0.1875
v 0.125 0.6875 -0.25
v 0.125 0.625 -0.1875
v 0.125 0.625 -0.25
v 0.375 0.625 -0.1875
v 0.375 0.625 -0.25
v 0.375 0 -0.1875
v 0.375 0 -0.25
v 0.125 0.625 -0.1875
v 0.125 0.625 -0.25
v 0.125 0 -0.1875
v 0.125 0 -0.25
v 0.4375 0.625 -0.1875
v 0.4375 0.625 -0.25
v 0.4375 0 -0.1875
v 0.4375 0 -0.25
v 0.375 0.625 -0.1875
v 0.375 0.625 -0.25
v 0.375 0 -0.1875
v 0.375 0 -0.25
v 0.125 0.625 -0.1875
v 0.125 0.625 -0.25
v 0.125 0 -0.1875
v 0.125 0 -0.25
v 0.0625 0.625 -0.1875
v 0.0625 0.625 -0.25
v 0.0625 0 -0.1875
v 0.0625 0 -0.25
v 0.4375 0.015625 -0.375
v 0.4375 0.015625 -0.5
v 0.4375 0 -0.375
v 0.4375 0 -0.5
v 0 0.015625 -0.375
v 0 0.015625 -0.5
v 0 0 -0.375
v 0 0 -0.5
v 0.421875 0.375 -0.390625
v 0.421875 0.375 -0.484375
v 0.421875 0.015625 -0.390625
v 0.421875 0.015625 -0.484375
v 0.015625 0.375 -0.390625
v 0.015625 0.375 -0.484375
v 0.015625 0.015625 -0.390625
v 0.015625 0.015625 -0.484375
v 0.5 1.640625 -0.375
v 0.5 1.65625 -0.4375
v 0.5 1.625 -0.375
v 0.5 1.625 -0.4375
v 0.4375 1.640625 -0.375
v 0.4375 1.65625 -0.4375
v 0.4375 1.625 -0.375
v 0.4375 1.625 -0.4375
v 0.5 1.65625 -0.1875
v 0.5 1.640625 -0.3125
v 0.5 1.625 -0.1875
v 0.4375 1.65625 -0.1875
v 0.4375 1.640625 -0.3125
v 0.4375 1.625 -0.1875
v 0.5 1.671634375 -0.24461812500000002
v 0.4375 1.671634375 -0.24461812500000002
v 0.5 1.6821575 -0.306594375
v 0.4375 1.6821575 -0.306594375
v 0.5 1.6875 -0.37154625
v 0.4375 1.6875 -0.37154625
v 0.5 1.6875 -0.437500625
v 0.4375 1.6875 -0.437500625
v 0.4375 1.640625 -0.375
v 0.4375 1.65625 -0.4375
v 0.4375 1.625 -0.375
v 0.4375 1.625 -0.4375
v 0 1.640625 -0.375
v 0 1.65625 -0.4375
v 0 1.625 -0.375
v 0 1.625 -0.4375
v 0.4375 1.65625 -0.1875
v 0.4375 1.640625 -0.3125
v 0.4375 1.625 -0.1875
v 0 1.65625 -0.1875
v 0 1.640625 -0.3125
v 0 1.625 -0.1875
v 0.4375 1.671634375 -0.24461812500000002
v 0 1.671634375 -0.24461812500000002
v 0.4375 1.6821575 -0.306594375
v 0 1.6821575 -0.306594375
v 0.4375 1.6875 -0.37154625
v 0 1.6875 -0.37154625
v 0.4375 1.6875 -0.437500625
v 0 1.6875 -0.437500625
vt 0.125 0
vt 0.125 1
vt 0 1
vt 0 0
vt 0.125 0
vt 0.125 1
vt 0 1
vt 0 0
vt 0.0625 0.875
vt 0.0625 1
vt 0 1
vt 0 0.875
vt 0.0625 0.875
vt 0.0625 1
vt 0 1
vt 0 0.875
vt 0.0625 0
vt 0.0625 1
vt 0 1
vt 0 0
vt 0.0625 0
vt 0.0625 1
vt 0 1
vt 0 0
vt 0.125 0
vt 0.125 1
vt 0 1
vt 0 0
vt 0.125 0
vt 0.125 1
vt 0 1
vt 0 0
vt 0.0625 0.875
vt 0.0625 1
vt 0 1
vt 0 0.875
vt 0.0625 0.875
vt 0.0625 1
vt 0 1
vt 0 0.875
vt 0.0625 0
vt 0.0625 1
vt 0 1
vt 0 0
vt 0.0625 0
vt 0.0625 1
vt 0 1
vt 0 0
vt 0.984375 0.890625
vt 0.984375 0.921875
vt 0.953125 0.921875
vt 0.953125 0.890625
vt 0.109375 0.828125
vt 0.109375 0.859375
vt 0.078125 0.859375
vt 0.078125 0.828125
vt 0.171875 0.828125
vt 0.171875 0.859375
vt 0.140625 0.859375
vt 0.140625 0.828125
vt 0.234375 0.828125
vt 0.234375 0.859375
vt 0.203125 0.859375
vt 0.203125 0.828125
vt 0.046875 0.828125
vt 0.046875 0.859375
vt 0.015625 0.859375
vt 0.015625 0.828125
vt 0.921875 0.890625
vt 0.921875 0.921875
vt 0.890625 0.921875
vt 0.890625 0.890625
vt 0.859375 0.953125
vt 0.859375 0.984375
vt 0.828125 0.984375
vt 0.828125 0.953125
vt 0.984375 0.953125
vt 0.984375 0.984375
vt 0.953125 0.984375
vt 0.953125 0.953125
vt 0.046875 0.890625
vt 0.046875 0.921875
vt 0.015625 0.921875
vt 0.015625 0.890625
vt 0.109375 0.890625
vt 0.109375 0.921875
vt 0.078125 0.921875
vt 0.078125 0.890625
vt 0.921875 0.953125
vt 0.921875 0.984375
vt 0.890625 0.984375
vt 0.890625 0.953125
vt 0.796875 0.953125
vt 0.796875 0.984375
vt 0.765625 0.984375
vt 0.765625 0.953125
vt 0.109375 0.953125
vt 0.109375 0.984375
vt 0.078125 0.984375
vt 0.078125 0.953125
vt 0.234375 0.953125
vt 0.234375 0.984375
vt 0.203125 0.984375
vt 0.203125 0.953125
vt 0.296875 0.953125
vt 0.296875 0.984375
vt 0.265625 0.984375
vt 0.265625 0.953125
vt 0.359375 0.953125
vt 0.359375 0.984375
vt 0.328125 0.984375
vt 0.328125 0.953125
vt 0.171875 0.953125
vt 0.171875 0.984375
vt 0.140625 0.984375
vt 0.140625 0.953125
vt 0.046875 0.953125
vt 0.046875 0.984375
vt 0.015625 0.984375
vt 0.015625 0.953125
vt 0.484375 0.953125
vt 0.484375 0.984375
vt 0.453125 0.984375
vt 0.453125 0.953125
vt 0.609375 0.953125
vt 0.609375 0.984375
vt 0.578125 0.984375
vt 0.578125 0.953125
vt 0.671875 0.953125
vt 0.671875 0.984375
vt 0.640625 0.984375
vt 0.640625 0.953125
vt 0.734375 0.953125
vt 0.734375 0.984375
vt 0.703125 0.984375
vt 0.703125 0.953125
vt 0.546875 0.953125
vt 0.546875 0.984375
vt 0.515625 0.984375
vt 0.515625 0.953125
vt 0.421875 0.953125
vt 0.421875 0.984375
vt 0.390625 0.984375
vt 0.390625 0.953125
vt 0.609375 0.890625
vt 0.609375 0.921875
vt 0.578125 0.921875
vt 0.578125 0.890625
vt 0.734375 0.890625
vt 0.734375 0.921875
vt 0.703125 0.921875
vt 0.703125 0.890625
vt 0.796875 0.890625
vt 0.796875 0.921875
vt 0.765625 0.921875
vt 0.765625 0.890625
vt 0.859375 0.890625
vt 0.859375 0.921875
vt 0.828125 0.921875
vt 0.828125 0.890625
vt 0.671875 0.890625
vt 0.671875 0.921875
vt 0.640625 0.921875
vt 0.640625 0.890625
vt 0.546875 0.890625
vt 0.546875 0.921875
vt 0.515625 0.921875
vt 0.515625 0.890625
vt 0.109375 0.953125
vt 0.109375 0.984375
vt 0.078125 0.984375
vt 0.078125 0.953125
vt 0.234375 0.953125
vt 0.234375 0.984375
vt 0.203125 0.984375
vt 0.203125 0.953125
vt 0.296875 0.953125
vt 0.296875 0.984375
vt 0.265625 0.984375
vt 0.265625 0.953125
vt 0.359375 0.953125
vt 0.359375 0.984375
vt 0.328125 0.984375
vt 0.328125 0.953125
vt 0.171875 0.953125
vt 0.171875 0.984375
vt 0.140625 0.984375
vt 0.140625 0.953125
vt 0.046875 0.953125
vt 0.046875 0.984375
vt 0.015625 0.984375
vt 0.015625 0.953125
vt 0.984375 0.890625
vt 0.984375 0.921875
vt 0.953125 0.921875
vt 0.953125 0.890625
vt 0.109375 0.828125
vt 0.109375 0.859375
vt 0.078125 0.859375
vt 0.078125 0.828125
vt 0.171875 0.828125
vt 0.171875 0.859375
vt 0.140625 0.859375
vt 0.140625 0.828125
vt 0.234375 0.828125
vt 0.234375 0.859375
vt 0.203125 0.859375
vt 0.203125 0.828125
vt 0.046875 0.828125
vt 0.046875 0.859375
vt 0.015625 0.859375
vt 0.015625 0.828125
vt 0.921875 0.890625
vt 0.921875 0.921875
vt 0.890625 0.921875
vt 0.890625 0.890625
vt 0.125 0.984375
vt 0.125 1
vt 0 1
vt 0 0.984375
vt 0.125 0.984375
vt 0.125 1
vt 0 1
vt 0 0.984375
vt 0.4375 0.875
vt 0.4375 1
vt 0 1
vt 0 0.875
vt 0.4375 0.875
vt 0.4375 1
vt 0 1
vt 0 0.875
vt 0.4375 0.984375
vt 0.4375 1
vt 0 1
vt 0 0.984375
vt 0.4375 0.984375
vt 0.4375 1
vt 0 1
vt 0 0.984375
vt 0.09375 0.640625
vt 0.09375 1
vt 0 1
vt 0 0.640625
vt 0.09375 0.640625
vt 0.09375 1
vt 0 1
vt 0 0.640625
vt 0.40625 0.90625
vt 0.40625 1
vt 0 1
vt 0 0.90625
vt 0.40625 0.90625
vt 0.40625 1
vt 0 1
vt 0 0.90625
vt 0.40625 0.640625
vt 0.40625 1
vt 0 1
vt 0 0.640625
vt 0.40625 0.640625
vt 0.40625 1
vt 0 1
vt 0 0.640625
vt 0.1875 0.96875
vt 0.1875 1
vt 0 1
vt 0 0.96875
vt 0.1875 0.96875
vt 0.1875 1
vt 0 1
vt 0 0.96875
vt 0.0625 0.8125
vt 0.0625 1
vt 0 1
vt 0 0.8125
vt 0.0625 0.96875
vt 0.0625 1
vt 0 1
vt 0 0.96875
vt 0.0625 0.96875
vt 0.0625 1
vt 0 1
vt 0 0.96875
vt 0.1875 0.96875
vt 0.1875 1
vt 0 1
vt 0 0.96875
vt 0.1875 0.96875
vt 0.1875 1
vt 0 1
vt 0 0.96875
vt 0.0625 0.8125
vt 0.0625 1
vt 0 1
vt 0 0.8125
vt 0.0625 0.96875
vt 0.0625 1
vt 0 1
vt 0 0.96875
vt 0.0625 0.96875
vt 0.0625 1
vt 0 1
vt 0 0.96875
vt 0.0625 0.9375
vt 0.0625 1
vt 0 1
vt 0 0.9375
vt 0.501913125 0.91284625
vt 0.49428125 1
vt 0 0.91284625
vt 0 0.5
vt 0.0874875 0.5
vt 0.0874875 1
vt 0 1
vt 0 0.49809375
vt 0.087155 0.505711875
vt 0 1
vt 0.501909375 0.912845
vt 0.494288125 1
vt 0 0.912845
vt 0 0.5
vt 0.0874875 0.5
vt 0.0874875 1
vt 0 1
vt 0 0.49808687500000004
vt 0.08715375 0.505715625
vt 0 1
vt 0.50191 0.91284125
vt 0.494283125 1
vt 0 0.91284125
vt 0 0.5
vt 0.0874875 0.5
vt 0.0874875 1
vt 0 1
vt 0 0.498090625
vt 0.08715875 0.505715625
vt 0 1
vt 0 0.5
vt 0.0874875 0.5
vt 0.0874875 1
vt 0 1
vt 0.5 0.9125125000000001
vt 0.5 1
vt 0 0.95625625
vt 0.5 0.9125125000000001
vt 0.5 1
vt 0 0.95625625
vt 0 0.5
vt 0.50759375 0.5
vt 0.50759375 1
vt 0 1
vt 0.25 1
vt 0 1
vt 0.0625 0.984375
vt 0.125 0.984375
vt 0.25 1
vt 0 1
vt 0.125 0.984375
vt 0.1875 0.984375
vt 0.1875 0.96875
vt 0.1875 1
vt 0 1
vt 0 0.96875
vt 0.1875 0.96875
vt 0.1875 1
vt 0 1
vt 0 0.96875
vt 0.0625 0.8125
vt 0.0625 1
vt 0 1
vt 0 0.8125
vt 0.0625 0.96875
vt 0.0625 1
vt 0 1
vt 0 0.96875
vt 0.0625 0.96875
vt 0.0625 1
vt 0 1
vt 0 0.96875
vt 0.1875 0.96875
vt 0.1875 1
vt 0 1
vt 0 0.96875
vt 0.1875 0.96875
vt 0.1875 1
vt 0 1
vt 0 0.96875
vt 0.0625 0.8125
vt 0.0625 1
vt 0 1
vt 0 0.8125
vt 0.0625 0.96875
vt 0.0625 1
vt 0 1
vt 0 0.96875
vt 0.0625 0.96875
vt 0.0625 1
vt 0 1
vt 0 0.96875
vt 0.0625 0.9375
vt 0.0625 1
vt 0 1
vt 0 0.9375
vt 0.501913125 0.91284625
vt 0.49428125 1
vt 0 0.91284625
vt 0 0.5
vt 0.0874875 0.5
vt 0.0874875 1
vt 0 1
vt 0 0.49809375
vt 0.087155 0.505711875
vt 0 1
vt 0.501909375 0.912845
vt 0.494288125 1
vt 0 0.912845
vt 0 0.5
vt 0.0874875 0.5
vt 0.0874875 1
vt 0 1
vt 0 0.49808687500000004
vt 0.08715375 0.505715625
vt 0 1
vt 0.50191 0.91284125
vt 0.494283125 1
vt 0 0.91284125
vt 0 0.5
vt 0.0874875 0.5
vt 0.0874875 1
vt 0 1
vt 0 0.498090625
vt 0.08715875 0.505715625
vt 0 1
vt 0 0.5
vt 0.0874875 0.5
vt 0.0874875 1
vt 0 1
vt 0.5 0.9125125000000001
vt 0.5 1
vt 0 0.95625625
vt 0.5 0.9125125000000001
vt 0.5 1
vt 0 0.95625625
vt 0 0.5
vt 0.50759375 0.5
vt 0.50759375 1
vt 0 1
vt 0.25 1
vt 0 1
vt 0.0625 0.984375
vt 0.125 0.984375
vt 0.25 1
vt 0 1
vt 0.125 0.984375
vt 0.1875 0.984375
vn 1 0 0
vn -1 0 0
vn 0 1 0
vn 0 -1 0
vn 0 0 1
vn 0 0 -1
vn 1 0 0
vn -1 0 0
vn 0 1 0
vn 0 -1 0
vn 0 0 1
vn 0 0 -1
vn 1 0 0
vn -1 0 0
vn 0 1 0
vn 0 -1 0
vn 0 0 1
vn 0 0 -1
vn 1 0 0
vn -1 0 0
vn 0 1 0
vn 0 -1 0
vn 0 0 1
vn 0 0 -1
vn 1 0 0
vn -1 0 0
vn 0 1 0
vn 0 -1 0
vn 0 0 1
vn 0 0 -1
vn 1 0 0
vn -1 0 0
vn 0 1 0
vn 0 -1 0
vn 0 0 1
vn 0 0 -1
vn 1 0 0
vn -1 0 0
vn 0 1 0
vn 0 -1 0
vn 0 0 1
vn 0 0 -1
vn 1 0 0
vn -1 0 0
vn 0 1 0
vn 0 -1 0
vn 0 0 1
vn 0 0 -1
vn 1 0 0
vn -1 0 0
vn 0 1 0
vn 0 -1 0
vn 0 0 1
vn 0 0 -1
vn 1 0 0
vn -1 0 0
vn 0 1 0
vn 0 -1 0
vn 0 0 1
vn 0 0 -1
vn 1 0 0
vn -1 0 0
vn 0 1 0
vn 0 -1 0
vn 0 0 1
vn 0 0 -1
vn 1 0 0
vn -1 0 0
vn 0 -1 0
vn 0 0 1
vn 0 0 -1
vn 1 0 0
vn -1 0 0
vn 0 -1 0
vn 0 0 1
vn 0 -0.0039999680003839945 -0.9999920000959988
vn 0 -1 0
vn 1 0 0
vn 0 0.9655885155818094 0.2600746403948642
vn -1 0 0
vn 1 0 0
vn 0 0.9858895677867838 0.16739701350140201
vn -1 0 0
vn 1 0 0
vn 0 0.996634273740347 0.08197636492338105
vn -1 0 0
vn 0 1 0
vn -1 0 0
vn 1 0 0
vn 0 -0.000019999999996131023 -0.9999999998
vn -1 0 0
vn 1 0 0
vn 1 0 0
vn -1 0 0
vn 0 -1 0
vn 0 0 1
vn 0 0 -1
vn 1 0 0
vn -1 0 0
vn 0 -1 0
vn 0 0 1
vn 0 -0.003999968000383995 -0.9999920000959989
vn 0 -1 0
vn 1 0 0
vn 0 0.9655885155818094 0.26007464039486416
vn -1 0 0
vn 1 0 0
vn 0 0.9858895677867838 0.16739701350140201
vn -1 0 0
vn 1 0 0
vn 0 0.996634273740347 0.08197636492338105
vn -1 0 0
vn 0 1 0
vn -1 0 0
vn 1 0 0
vn 0 -0.000019999999996131023 -0.9999999998
vn -1 0 0
vn 1 0 0
usemtl m_cc4cbd32-c453-a4c6-e794-5e5fa231e7f1
f 680/1843/463 678/1844/463 677/1845/463
f 680/1843/463 677/1845/463 679/1846/463
f 683/1847/464 681/1848/464 682/1849/464
f 683/1847/464 682/1849/464 684/1850/464
f 677/1851/465 678/1852/465 682/1853/465
f 677/1851/465 682/1853/465 681/1854/465
f 680/1855/466 679/1856/466 683/1857/466
f 680/1855/466 683/1857/466 684/1858/466
f 679/1859/467 677/1860/467 681/1861/467
f 679/1859/467 681/1861/467 683/1862/467
f 684/1863/468 682/1864/468 678/1865/468
f 684/1863/468 678/1865/468 680/1866/468
f 688/1867/469 686/1868/469 685/1869/469
f 688/1867/469 685/1869/469 687/1870/469
f 691/1871/470 689/1872/470 690/1873/470
f 691/1871/470 690/1873/470 692/1874/470
f 685/1875/471 686/1876/471 690/1877/471
f 685/1875/471 690/1877/471 689/1878/471
f 688/1879/472 687/1880/472 691/1881/472
f 688/1879/472 691/1881/472 692/1882/472
f 687/1883/473 685/1884/473 689/1885/473
f 687/1883/473 689/1885/473 691/1886/473
f 692/1887/474 690/1888/474 686/1889/474
f 692/1887/474 686/1889/474 688/1890/474
f 696/1891/475 694/1892/475 693/1893/475
f 696/1891/475 693/1893/475 695/1894/475
f 699/1895/476 697/1896/476 698/1897/476
f 699/1895/476 698/1897/476 700/1898/476
f 693/1899/477 694/1900/477 698/1901/477
f 693/1899/477 698/1901/477 697/1902/477
f 696/1903/478 695/1904/478 699/1905/478
f 696/1903/478 699/1905/478 700/1906/478
usemtl m_95e20f84-55bb-7186-f91a-586499bd637e
f 695/1907/479 693/1908/479 697/1909/479
f 695/1907/479 697/1909/479 699/1910/479
usemtl m_cc4cbd32-c453-a4c6-e794-5e5fa231e7f1
f 700/1911/480 698/1912/480 694/1913/480
f 700/1911/480 694/1913/480 696/1914/480
f 704/1915/481 702/1916/481 701/1917/481
f 704/1915/481 701/1917/481 703/1918/481
f 707/1919/482 705/1920/482 706/1921/482
f 707/1919/482 706/1921/482 708/1922/482
f 701/1923/483 702/1924/483 706/1925/483
f 701/1923/483 706/1925/483 705/1926/483
f 704/1927/484 703/1928/484 707/1929/484
f 704/1927/484 707/1929/484 708/1930/484
usemtl m_95e20f84-55bb-7186-f91a-586499bd637e
f 703/1931/485 701/1932/485 705/1933/485
f 703/1931/485 705/1933/485 707/1934/485
usemtl m_cc4cbd32-c453-a4c6-e794-5e5fa231e7f1
f 708/1935/486 706/1936/486 702/1937/486
f 708/1935/486 702/1937/486 704/1938/486
f 712/1939/487 710/1940/487 709/1941/487
f 712/1939/487 709/1941/487 711/1942/487
f 715/1943/488 713/1944/488 714/1945/488
f 715/1943/488 714/1945/488 716/1946/488
f 709/1947/489 710/1948/489 714/1949/489
f 709/1947/489 714/1949/489 713/1950/489
f 712/1951/490 711/1952/490 715/1953/490
f 712/1951/490 715/1953/490 716/1954/490
usemtl m_95e20f84-55bb-7186-f91a-586499bd637e
f 711/1955/491 709/1956/491 713/1957/491
f 711/1955/491 713/1957/491 715/1958/491
usemtl m_cc4cbd32-c453-a4c6-e794-5e5fa231e7f1
f 716/1959/492 714/1960/492 710/1961/492
f 716/1959/492 710/1961/492 712/1962/492
f 720/1963/493 718/1964/493 717/1965/493
f 720/1963/493 717/1965/493 719/1966/493
f 723/1967/494 721/1968/494 722/1969/494
f 723/1967/494 722/1969/494 724/1970/494
f 717/1971/495 718/1972/495 722/1973/495
f 717/1971/495 722/1973/495 721/1974/495
f 720/1975/496 719/1976/496 723/1977/496
f 720/1975/496 723/1977/496 724/1978/496
usemtl m_95e20f84-55bb-7186-f91a-586499bd637e
f 719/1979/497 717/1980/497 721/1981/497
f 719/1979/497 721/1981/497 723/1982/497
usemtl m_cc4cbd32-c453-a4c6-e794-5e5fa231e7f1
f 724/1983/498 722/1984/498 718/1985/498
f 724/1983/498 718/1985/498 720/1986/498
f 728/1987/499 726/1988/499 725/1989/499
f 728/1987/499 725/1989/499 727/1990/499
f 731/1991/500 729/1992/500 730/1993/500
f 731/1991/500 730/1993/500 732/1994/500
f 725/1995/501 726/1996/501 730/1997/501
f 725/1995/501 730/1997/501 729/1998/501
f 728/1999/502 727/2000/502 731/2001/502
f 728/1999/502 731/2001/502 732/2002/502
usemtl m_f59e3bac-8fcc-890c-63e5-9d78c1a9e541
f 727/2003/503 725/2004/503 729/2005/503
f 727/2003/503 729/2005/503 731/2006/503
usemtl m_cc4cbd32-c453-a4c6-e794-5e5fa231e7f1
f 732/2007/504 730/2008/504 726/2009/504
f 732/2007/504 726/2009/504 728/2010/504
f 736/2011/505 734/2012/505 733/2013/505
f 736/2011/505 733/2013/505 735/2014/505
f 739/2015/506 737/2016/506 738/2017/506
f 739/2015/506 738/2017/506 740/2018/506
f 733/2019/507 734/2020/507 738/2021/507
f 733/2019/507 738/2021/507 737/2022/507
f 736/2023/508 735/2024/508 739/2025/508
f 736/2023/508 739/2025/508 740/2026/508
usemtl m_f59e3bac-8fcc-890c-63e5-9d78c1a9e541
f 735/2027/509 733/2028/509 737/2029/509
f 735/2027/509 737/2029/509 739/2030/509
usemtl m_cc4cbd32-c453-a4c6-e794-5e5fa231e7f1
f 740/2031/510 738/2032/510 734/2033/510
f 740/2031/510 734/2033/510 736/2034/510
f 744/2035/511 742/2036/511 741/2037/511
f 744/2035/511 741/2037/511 743/2038/511
f 747/2039/512 745/2040/512 746/2041/512
f 747/2039/512 746/2041/512 748/2042/512
f 741/2043/513 742/2044/513 746/2045/513
f 741/2043/513 746/2045/513 745/2046/513
f 744/2047/514 743/2048/514 747/2049/514
f 744/2047/514 747/2049/514 748/2050/514
usemtl m_f59e3bac-8fcc-890c-63e5-9d78c1a9e541
f 743/2051/515 741/2052/515 745/2053/515
f 743/2051/515 745/2053/515 747/2054/515
usemtl m_cc4cbd32-c453-a4c6-e794-5e5fa231e7f1
f 748/2055/516 746/2056/516 742/2057/516
f 748/2055/516 742/2057/516 744/2058/516
f 752/2059/517 750/2060/517 749/2061/517
f 752/2059/517 749/2061/517 751/2062/517
f 755/2063/518 753/2064/518 754/2065/518
f 755/2063/518 754/2065/518 756/2066/518
f 749/2067/519 750/2068/519 754/2069/519
f 749/2067/519 754/2069/519 753/2070/519
f 752/2071/520 751/2072/520 755/2073/520
f 752/2071/520 755/2073/520 756/2074/520
f 751/2075/521 749/2076/521 753/2077/521
f 751/2075/521 753/2077/521 755/2078/521
f 756/2079/522 754/2080/522 750/2081/522
f 756/2079/522 750/2081/522 752/2082/522
usemtl m_f59e3bac-8fcc-890c-63e5-9d78c1a9e541
f 760/2083/523 758/2084/523 757/2085/523
f 760/2083/523 757/2085/523 759/2086/523
f 763/2087/524 761/2088/524 762/2089/524
f 763/2087/524 762/2089/524 764/2090/524
f 757/2091/525 758/2092/525 762/2093/525
f 757/2091/525 762/2093/525 761/2094/525
f 760/2095/526 759/2096/526 763/2097/526
f 760/2095/526 763/2097/526 764/2098/526
f 759/2099/527 757/2100/527 761/2101/527
f 759/2099/527 761/2101/527 763/2102/527
f 764/2103/528 762/2104/528 758/2105/528
f 764/2103/528 758/2105/528 760/2106/528
usemtl m_c4e970a6-7e7d-3bdf-035e-10403ac06252
f 768/2107/529 766/2108/529 765/2109/529
f 768/2107/529 765/2109/529 767/2110/529
f 771/2111/530 769/2112/530 770/2113/530
f 771/2111/530 770/2113/530 772/2114/530
f 768/2115/531 767/2116/531 771/2117/531
f 768/2115/531 771/2117/531 772/2118/531
f 767/2119/532 765/2120/532 769/2121/532
f 767/2119/532 769/2121/532 771/2122/532
f 772/2123/533 770/2124/533 766/2125/533
f 772/2123/533 766/2125/533 768/2126/533
f 678/2127/534 774/2128/534 773/2129/534
f 678/2127/534 773/2129/534 775/2130/534
f 778/2131/535 776/2132/535 777/2133/535
f 778/2131/535 777/2133/535 682/2134/535
f 678/2135/536 775/2136/536 778/2137/536
f 678/2135/536 778/2137/536 682/2138/536
f 775/2139/537 773/2140/537 776/2141/537
f 775/2139/537 776/2141/537 778/2142/537
f 682/2143/538 777/2144/538 774/2145/538
f 682/2143/538 774/2145/538 678/2146/538
f 765/2147/539 774/2148/539 777/2149/539
f 765/2147/539 777/2149/539 769/2150/539
f 779/2151/540 773/2152/540 766/2153/540
f 773/2154/541 779/2155/541 780/2156/541
f 773/2154/541 780/2156/541 776/2157/541
f 776/2158/542 780/2159/542 770/2160/542
f 781/2161/543 779/2162/543 766/2163/543
f 779/2164/544 781/2165/544 782/2166/544
f 779/2164/544 782/2166/544 780/2167/544
f 780/2168/545 782/2169/545 770/2170/545
f 783/2171/546 781/2172/546 766/2173/546
f 781/2174/547 783/2175/547 784/2176/547
f 781/2174/547 784/2176/547 782/2177/547
f 782/2178/548 784/2179/548 770/2180/548
f 783/2181/549 785/2182/549 786/2183/549
f 783/2181/549 786/2183/549 784/2184/549
f 784/2185/550 786/2186/550 770/2187/550
f 785/2188/551 783/2189/551 766/2190/551
f 785/2191/552 766/2192/552 770/2193/552
f 785/2191/552 770/2193/552 786/2194/552
f 776/2195/553 770/2196/553 769/2197/553
f 776/2195/553 769/2197/553 777/2198/553
f 766/2199/554 773/2200/554 774/2201/554
f 766/2199/554 774/2201/554 765/2202/554
usemtl m_f59e3bac-8fcc-890c-63e5-9d78c1a9e541
f 790/2203/555 788/2204/555 787/2205/555
f 790/2203/555 787/2205/555 789/2206/555
f 793/2207/556 791/2208/556 792/2209/556
f 793/2207/556 792/2209/556 794/2210/556
f 790/2211/557 789/2212/557 793/2213/557
f 790/2211/557 793/2213/557 794/2214/557
f 789/2215/558 787/2216/558 791/2217/558
f 789/2215/558 791/2217/558 793/2218/558
f 794/2219/559 792/2220/559 788/2221/559
f 794/2219/559 788/2221/559 790/2222/559
f 682/2223/560 796/2224/560 795/2225/560
f 682/2223/560 795/2225/560 797/2226/560
f 800/2227/561 798/2228/561 799/2229/561
f 800/2227/561 799/2229/561 690/2230/561
usemtl m_cc4cbd32-c453-a4c6-e794-5e5fa231e7f1
f 682/2231/562 797/2232/562 800/2233/562
f 682/2231/562 800/2233/562 690/2234/562
usemtl m_f59e3bac-8fcc-890c-63e5-9d78c1a9e541
f 797/2235/563 795/2236/563 798/2237/563
f 797/2235/563 798/2237/563 800/2238/563
usemtl m_cc4cbd32-c453-a4c6-e794-5e5fa231e7f1
f 690/2239/564 799/2240/564 796/2241/564
f 690/2239/564 796/2241/564 682/2242/564
usemtl m_f59e3bac-8fcc-890c-63e5-9d78c1a9e541
f 787/2243/565 796/2244/565 799/2245/565
f 787/2243/565 799/2245/565 791/2246/565
f 801/2247/566 795/2248/566 788/2249/566
f 795/2250/567 801/2251/567 802/2252/567
f 795/2250/567 802/2252/567 798/2253/567
f 798/2254/568 802/2255/568 792/2256/568
f 803/2257/569 801/2258/569 788/2259/569
f 801/2260/570 803/2261/570 804/2262/570
f 801/2260/570 804/2262/570 802/2263/570
f 802/2264/571 804/2265/571 792/2266/571
f 805/2267/572 803/2268/572 788/2269/572
f 803/2270/573 805/2271/573 806/2272/573
f 803/2270/573 806/2272/573 804/2273/573
f 804/2274/574 806/2275/574 792/2276/574
f 805/2277/575 807/2278/575 808/2279/575
f 805/2277/575 808/2279/575 806/2280/575
f 806/2281/576 808/2282/576 792/2283/576
f 807/2284/577 805/2285/577 788/2286/577
f 807/2287/578 788/2288/578 792/2289/578
f 807/2287/578 792/2289/578 808/2290/578
f 798/2291/579 792/2292/579 791/2293/579
f 798/2291/579 791/2293/579 799/2294/579
f 788/2295/580 795/2296/580 796/2297/580
f 788/2295/580 796/2297/580 787/2298/580
o g_rgn
v 0.4375 1.625 -0.1875
v 0.4375 1.625 -0.25
v 0.4375 1.5625 -0.1875
v 0.4375 1.5625 -0.25
v 0 1.625 -0.1875
v 0 1.625 -0.25
v 0 1.5625 -0.1875
v 0 1.5625 -0.25
v 0.5 1.625 -0.1875
v 0.5 1.625 -0.25
v 0.5 0.625 -0.1875
v 0.5 0.625 -0.25
v 0.4375 1.625 -0.1875
v 0.4375 1.625 -0.25
v 0.4375 0.625 -0.1875
v 0.4375 0.625 -0.25
v 0.4375 0.6875 -0.1875
v 0.4375 0.6875 -0.25
v 0.4375 0.625 -0.1875
v 0.4375 0.625 -0.25
v 0 0.6875 -0.1875
v 0 0.6875 -0.25
v 0 0.625 -0.1875
v 0 0.625 -0.25
v 0.4375 0.125 -0.1875
v 0.4375 0.125 -0.25
v 0.4375 0 -0.1875
v 0.4375 0 -0.25
v 0 0.125 -0.1875
v 0 0.125 -0.25
v 0 0 -0.1875
v 0 0 -0.25
v 0.4375 0.625 -0.1875
v 0.4375 0.625 -0.1875
v 0.4375 0.125 -0.1875
v 0.4375 0.125 -0.1875
v 0 0.625 -0.1875
v 0 0.625 -0.1875
v 0 0.125 -0.1875
v 0 0.125 -0.1875
v 0.5 0.625 -0.1875
v 0.5 0.625 -0.25
v 0.5 0 -0.1875
v 0.5 0 -0.25
v 0.4375 0.625 -0.1875
v 0.4375 0.625 -0.25
v 0.4375 0 -0.1875
v 0.4375 0 -0.25
v 0.5 1.640625 -0.1875
v 0.5 1.640625 -0.25
v 0.5 1.625 -0.1875
v 0.5 1.625 -0.25
v 0 1.640625 -0.1875
v 0 1.640625 -0.25
v 0 1.625 -0.1875
v 0 1.625 -0.25
vt 0.859375 0.953125
vt 0.859375 0.984375
vt 0.828125 0.984375
vt 0.828125 0.953125
vt 0.984375 0.953125
vt 0.984375 0.984375
vt 0.953125 0.984375
vt 0.953125 0.953125
vt 0.046875 0.890625
vt 0.046875 0.921875
vt 0.015625 0.921875
vt 0.015625 0.890625
vt 0.109375 0.890625
vt 0.109375 0.921875
vt 0.078125 0.921875
vt 0.078125 0.890625
vt 0.921875 0.953125
vt 0.921875 0.984375
vt 0.890625 0.984375
vt 0.890625 0.953125
vt 0.796875 0.953125
vt 0.796875 0.984375
vt 0.765625 0.984375
vt 0.765625 0.953125
vt 0.109375 0.953125
vt 0.109375 0.984375
vt 0.078125 0.984375
vt 0.078125 0.953125
vt 0.234375 0.953125
vt 0.234375 0.984375
vt 0.203125 0.984375
vt 0.203125 0.953125
vt 0.296875 0.953125
vt 0.296875 0.984375
vt 0.265625 0.984375
vt 0.265625 0.953125
vt 0.359375 0.953125
vt 0.359375 0.984375
vt 0.328125 0.984375
vt 0.328125 0.953125
vt 0.171875 0.953125
vt 0.171875 0.984375
vt 0.140625 0.984375
vt 0.140625 0.953125
vt 0.046875 0.953125
vt 0.046875 0.984375
vt 0.015625 0.984375
vt 0.015625 0.953125
vt 0.484375 0.953125
vt 0.484375 0.984375
vt 0.453125 0.984375
vt 0.453125 0.953125
vt 0.609375 0.953125
vt 0.609375 0.984375
vt 0.578125 0.984375
vt 0.578125 0.953125
vt 0.671875 0.953125
vt 0.671875 0.984375
vt 0.640625 0.984375
vt 0.640625 0.953125
vt 0.734375 0.953125
vt 0.734375 0.984375
vt 0.703125 0.984375
vt 0.703125 0.953125
vt 0.546875 0.953125
vt 0.546875 0.984375
vt 0.515625 0.984375
vt 0.515625 0.953125
vt 0.421875 0.953125
vt 0.421875 0.984375
vt 0.390625 0.984375
vt 0.390625 0.953125
vt 0.609375 0.890625
vt 0.609375 0.921875
vt 0.578125 0.921875
vt 0.578125 0.890625
vt 0.734375 0.890625
vt 0.734375 0.921875
vt 0.703125 0.921875
vt 0.703125 0.890625
vt 0.796875 0.890625
vt 0.796875 0.921875
vt 0.765625 0.921875
vt 0.765625 0.890625
vt 0.859375 0.890625
vt 0.859375 0.921875
vt 0.828125 0.921875
vt 0.828125 0.890625
vt 0.671875 0.890625
vt 0.671875 0.921875
vt 0.640625 0.921875
vt 0.640625 0.890625
vt 0.546875 0.890625
vt 0.546875 0.921875
vt 0.515625 0.921875
vt 0.515625 0.890625
vt 0.609375 0.921875
vt 0.578125 0.921875
vt 0.609375 0.890625
vt 0.578125 0.890625
vt 0.734375 0.921875
vt 0.703125 0.921875
vt 0.734375 0.890625
vt 0.703125 0.890625
vt 0.796875 0.921875
vt 0.765625 0.921875
vt 0.796875 0.890625
vt 0.765625 0.890625
vt 0.859375 0.921875
vt 0.828125 0.921875
vt 0.859375 0.890625
vt 0.828125 0.890625
vt 0.671875 0.890625
vt 0.671875 0.921875
vt 0.640625 0.921875
vt 0.640625 0.890625
vt 0.546875 0.890625
vt 0.546875 0.921875
vt 0.515625 0.921875
vt 0.515625 0.890625
vt 0.109375 0.953125
vt 0.109375 0.984375
vt 0.078125 0.984375
vt 0.078125 0.953125
vt 0.234375 0.953125
vt 0.234375 0.984375
vt 0.203125 0.984375
vt 0.203125 0.953125
vt 0.296875 0.953125
vt 0.296875 0.984375
vt 0.265625 0.984375
vt 0.265625 0.953125
vt 0.359375 0.953125
vt 0.359375 0.984375
vt 0.328125 0.984375
vt 0.328125 0.953125
vt 0.171875 0.953125
vt 0.171875 0.984375
vt 0.140625 0.984375
vt 0.140625 0.953125
vt 0.046875 0.953125
vt 0.046875 0.984375
vt 0.015625 0.984375
vt 0.015625 0.953125
vt 0.859375 0.953125
vt 0.859375 0.984375
vt 0.828125 0.984375
vt 0.828125 0.953125
vt 0.984375 0.953125
vt 0.984375 0.984375
vt 0.953125 0.984375
vt 0.953125 0.953125
vt 0.046875 0.890625
vt 0.046875 0.921875
vt 0.015625 0.921875
vt 0.015625 0.890625
vt 0.109375 0.890625
vt 0.109375 0.921875
vt 0.078125 0.921875
vt 0.078125 0.890625
vt 0.921875 0.953125
vt 0.921875 0.984375
vt 0.890625 0.984375
vt 0.890625 0.953125
vt 0.796875 0.953125
vt 0.796875 0.984375
vt 0.765625 0.984375
vt 0.765625 0.953125
vn 1 0 0
vn -1 0 0
vn 0 1 0
vn 0 -1 0
vn 0 0 1
vn 0 0 -1
vn 1 0 0
vn -1 0 0
vn 0 1 0
vn 0 -1 0
vn 0 0 1
vn 0 0 -1
vn 1 0 0
vn -1 0 0
vn 0 1 0
vn 0 -1 0
vn 0 0 1
vn 0 0 -1
vn 1 0 0
vn -1 0 0
vn 0 1 0
vn 0 -1 0
vn 0 0 1
vn 0 0 -1
vn 0 0 0
vn 0 0 0
vn 0 0 0
vn 0 0 0
vn 0 0 1
vn 0 0 -1
vn 1 0 0
vn -1 0 0
vn 0 1 0
vn 0 -1 0
vn 0 0 1
vn 0 0 -1
vn 1 0 0
vn -1 0 0
vn 0 1 0
vn 0 -1 0
vn 0 0 1
vn 0 0 -1
usemtl m_cc4cbd32-c453-a4c6-e794-5e5fa231e7f1
f 812/2299/581 810/2300/581 809/2301/581
f 812/2299/581 809/2301/581 811/2302/581
f 815/2303/582 813/2304/582 814/2305/582
f 815/2303/582 814/2305/582 816/2306/582
f 809/2307/583 810/2308/583 814/2309/583
f 809/2307/583 814/2309/583 813/2310/583
f 812/2311/584 811/2312/584 815/2313/584
f 812/2311/584 815/2313/584 816/2314/584
usemtl m_95e20f84-55bb-7186-f91a-586499bd637e
f 811/2315/585 809/2316/585 813/2317/585
f 811/2315/585 813/2317/585 815/2318/585
usemtl m_cc4cbd32-c453-a4c6-e794-5e5fa231e7f1
f 816/2319/586 814/2320/586 810/2321/586
f 816/2319/586 810/2321/586 812/2322/586
f 820/2323/587 818/2324/587 817/2325/587
f 820/2323/587 817/2325/587 819/2326/587
f 823/2327/588 821/2328/588 822/2329/588
f 823/2327/588 822/2329/588 824/2330/588
f 817/2331/589 818/2332/589 822/2333/589
f 817/2331/589 822/2333/589 821/2334/589
f 820/2335/590 819/2336/590 823/2337/590
f 820/2335/590 823/2337/590 824/2338/590
usemtl m_95e20f84-55bb-7186-f91a-586499bd637e
f 819/2339/591 817/2340/591 821/2341/591
f 819/2339/591 821/2341/591 823/2342/591
usemtl m_cc4cbd32-c453-a4c6-e794-5e5fa231e7f1
f 824/2343/592 822/2344/592 818/2345/592
f 824/2343/592 818/2345/592 820/2346/592
f 828/2347/593 826/2348/593 825/2349/593
f 828/2347/593 825/2349/593 827/2350/593
f 831/2351/594 829/2352/594 830/2353/594
f 831/2351/594 830/2353/594 832/2354/594
f 825/2355/595 826/2356/595 830/2357/595
f 825/2355/595 830/2357/595 829/2358/595
f 828/2359/596 827/2360/596 831/2361/596
f 828/2359/596 831/2361/596 832/2362/596
usemtl m_95e20f84-55bb-7186-f91a-586499bd637e
f 827/2363/597 825/2364/597 829/2365/597
f 827/2363/597 829/2365/597 831/2366/597
usemtl m_cc4cbd32-c453-a4c6-e794-5e5fa231e7f1
f 832/2367/598 830/2368/598 826/2369/598
f 832/2367/598 826/2369/598 828/2370/598
f 836/2371/599 834/2372/599 833/2373/599
f 836/2371/599 833/2373/599 835/2374/599
f 839/2375/600 837/2376/600 838/2377/600
f 839/2375/600 838/2377/600 840/2378/600
f 833/2379/601 834/2380/601 838/2381/601
f 833/2379/601 838/2381/601 837/2382/601
f 836/2383/602 835/2384/602 839/2385/602
f 836/2383/602 839/2385/602 840/2386/602
usemtl m_f59e3bac-8fcc-890c-63e5-9d78c1a9e541
f 835/2387/603 833/2388/603 837/2389/603
f 835/2387/603 837/2389/603 839/2390/603
usemtl m_cc4cbd32-c453-a4c6-e794-5e5fa231e7f1
f 840/2391/604 838/2392/604 834/2393/604
f 840/2391/604 834/2393/604 836/2394/604
f 842/2395/605 841/2396/605 844/2397/605
f 842/2395/605 844/2397/605 843/2398/605
f 845/2399/606 846/2400/606 847/2401/606
f 845/2399/606 847/2401/606 848/2402/606
f 842/2403/607 846/2404/607 841/2405/607
f 842/2403/607 841/2405/607 845/2406/607
f 843/2407/608 847/2408/608 844/2409/608
f 843/2407/608 844/2409/608 848/2410/608
usemtl m_f59e3bac-8fcc-890c-63e5-9d78c1a9e541
f 843/2411/609 841/2412/609 845/2413/609
f 843/2411/609 845/2413/609 847/2414/609
usemtl m_cc4cbd32-c453-a4c6-e794-5e5fa231e7f1
f 848/2415/610 846/2416/610 842/2417/610
f 848/2415/610 842/2417/610 844/2418/610
f 852/2419/611 850/2420/611 849/2421/611
f 852/2419/611 849/2421/611 851/2422/611
f 855/2423/612 853/2424/612 854/2425/612
f 855/2423/612 854/2425/612 856/2426/612
f 849/2427/613 850/2428/613 854/2429/613
f 849/2427/613 854/2429/613 853/2430/613
f 852/2431/614 851/2432/614 855/2433/614
f 852/2431/614 855/2433/614 856/2434/614
usemtl m_f59e3bac-8fcc-890c-63e5-9d78c1a9e541
f 851/2435/615 849/2436/615 853/2437/615
f 851/2435/615 853/2437/615 855/2438/615
usemtl m_cc4cbd32-c453-a4c6-e794-5e5fa231e7f1
f 856/2439/616 854/2440/616 850/2441/616
f 856/2439/616 850/2441/616 852/2442/616
f 860/2443/617 858/2444/617 857/2445/617
f 860/2443/617 857/2445/617 859/2446/617
f 863/2447/618 861/2448/618 862/2449/618
f 863/2447/618 862/2449/618 864/2450/618
f 857/2451/619 858/2452/619 862/2453/619
f 857/2451/619 862/2453/619 861/2454/619
f 860/2455/620 859/2456/620 863/2457/620
f 860/2455/620 863/2457/620 864/2458/620
f 859/2459/621 857/2460/621 861/2461/621
f 859/2459/621 861/2461/621 863/2462/621
f 864/2463/622 862/2464/622 858/2465/622
f 864/2463/622 858/2465/622 860/2466/622
o g_rdg
v 0.5 1.625 -0.1875
v 0.5 1.625 -0.25
v 0.5 1.5625 -0.1875
v 0.5 1.5625 -0.25
v 0.0625 1.625 -0.1875
v 0.0625 1.625 -0.25
v 0.0625 1.5625 -0.1875
v 0.0625 1.5625 -0.25
v 0.0625 1.625 -0.1875
v 0.0625 1.625 -0.25
v 0.0625 0.625 -0.1875
v 0.0625 0.625 -0.25
v 0 1.625 -0.1875
v 0 1.625 -0.25
v 0 0.625 -0.1875
v 0 0.625 -0.25
v 0.5 0.6875 -0.1875
v 0.5 0.6875 -0.25
v 0.5 0.625 -0.1875
v 0.5 0.625 -0.25
v 0.0625 0.6875 -0.1875
v 0.0625 0.6875 -0.25
v 0.0625 0.625 -0.1875
v 0.0625 0.625 -0.25
v 0.5 0.125 -0.1875
v 0.5 0.125 -0.25
v 0.5 0 -0.1875
v 0.5 0 -0.25
v 0.0625 0.125 -0.1875
v 0.0625 0.125 -0.25
v 0.0625 0 -0.1875
v 0.0625 0 -0.25
v 0.5 0.625 -0.1875
v 0.5 0.625 -0.1875
v 0.5 0.125 -0.1875
v 0.5 0.125 -0.1875
v 0.0625 0.625 -0.1875
v 0.0625 0.625 -0.1875
v 0.0625 0.125 -0.1875
v 0.0625 0.125 -0.1875
v 0.0625 0.625 -0.1875
v 0.0625 0.625 -0.25
v 0.0625 0 -0.1875
v 0.0625 0 -0.25
v 0 0.625 -0.1875
v 0 0.625 -0.25
v 0 0 -0.1875
v 0 0 -0.25
v 0.5 1.640625 -0.1875
v 0.5 1.640625 -0.25
v 0.5 1.625 -0.1875
v 0.5 1.625 -0.25
v 0 1.640625 -0.1875
v 0 1.640625 -0.25
v 0 1.625 -0.1875
v 0 1.625 -0.25
vt 0.953125 0.953125
vt 0.953125 0.984375
vt 0.984375 0.984375
vt 0.984375 0.953125
vt 0.828125 0.953125
vt 0.828125 0.984375
vt 0.859375 0.984375
vt 0.859375 0.953125
vt 0.015625 0.890625
vt 0.015625 0.921875
vt 0.046875 0.921875
vt 0.046875 0.890625
vt 0.078125 0.890625
vt 0.078125 0.921875
vt 0.109375 0.921875
vt 0.109375 0.890625
vt 0.890625 0.953125
vt 0.890625 0.984375
vt 0.921875 0.984375
vt 0.921875 0.953125
vt 0.765625 0.953125
vt 0.765625 0.984375
vt 0.796875 0.984375
vt 0.796875 0.953125
vt 0.203125 0.953125
vt 0.203125 0.984375
vt 0.234375 0.984375
vt 0.234375 0.953125
vt 0.078125 0.953125
vt 0.078125 0.984375
vt 0.109375 0.984375
vt 0.109375 0.953125
vt 0.265625 0.953125
vt 0.265625 0.984375
vt 0.296875 0.984375
vt 0.296875 0.953125
vt 0.328125 0.953125
vt 0.328125 0.984375
vt 0.359375 0.984375
vt 0.359375 0.953125
vt 0.140625 0.953125
vt 0.140625 0.984375
vt 0.171875 0.984375
vt 0.171875 0.953125
vt 0.015625 0.953125
vt 0.015625 0.984375
vt 0.046875 0.984375
vt 0.046875 0.953125
vt 0.578125 0.953125
vt 0.578125 0.984375
vt 0.609375 0.984375
vt 0.609375 0.953125
vt 0.453125 0.953125
vt 0.453125 0.984375
vt 0.484375 0.984375
vt 0.484375 0.953125
vt 0.640625 0.953125
vt 0.640625 0.984375
vt 0.671875 0.984375
vt 0.671875 0.953125
vt 0.703125 0.953125
vt 0.703125 0.984375
vt 0.734375 0.984375
vt 0.734375 0.953125
vt 0.515625 0.953125
vt 0.515625 0.984375
vt 0.546875 0.984375
vt 0.546875 0.953125
vt 0.390625 0.953125
vt 0.390625 0.984375
vt 0.421875 0.984375
vt 0.421875 0.953125
vt 0.703125 0.890625
vt 0.703125 0.921875
vt 0.734375 0.921875
vt 0.734375 0.890625
vt 0.578125 0.890625
vt 0.578125 0.921875
vt 0.609375 0.921875
vt 0.609375 0.890625
vt 0.765625 0.890625
vt 0.765625 0.921875
vt 0.796875 0.921875
vt 0.796875 0.890625
vt 0.828125 0.890625
vt 0.828125 0.921875
vt 0.859375 0.921875
vt 0.859375 0.890625
vt 0.640625 0.890625
vt 0.640625 0.921875
vt 0.671875 0.921875
vt 0.671875 0.890625
vt 0.515625 0.890625
vt 0.515625 0.921875
vt 0.546875 0.921875
vt 0.546875 0.890625
vt 0.703125 0.921875
vt 0.734375 0.921875
vt 0.703125 0.890625
vt 0.734375 0.890625
vt 0.578125 0.921875
vt 0.609375 0.921875
vt 0.578125 0.890625
vt 0.609375 0.890625
vt 0.765625 0.921875
vt 0.796875 0.921875
vt 0.765625 0.890625
vt 0.796875 0.890625
vt 0.828125 0.921875
vt 0.859375 0.921875
vt 0.828125 0.890625
vt 0.859375 0.890625
vt 0.640625 0.890625
vt 0.640625 0.921875
vt 0.671875 0.921875
vt 0.671875 0.890625
vt 0.515625 0.890625
vt 0.515625 0.921875
vt 0.546875 0.921875
vt 0.546875 0.890625
vt 0.203125 0.953125
vt 0.203125 0.984375
vt 0.234375 0.984375
vt 0.234375 0.953125
vt 0.078125 0.953125
vt 0.078125 0.984375
vt 0.109375 0.984375
vt 0.109375 0.953125
vt 0.265625 0.953125
vt 0.265625 0.984375
vt 0.296875 0.984375
vt 0.296875 0.953125
vt 0.328125 0.953125
vt 0.328125 0.984375
vt 0.359375 0.984375
vt 0.359375 0.953125
vt 0.140625 0.953125
vt 0.140625 0.984375
vt 0.171875 0.984375
vt 0.171875 0.953125
vt 0.015625 0.953125
vt 0.015625 0.984375
vt 0.046875 0.984375
vt 0.046875 0.953125
vt 0.953125 0.953125
vt 0.953125 0.984375
vt 0.984375 0.984375
vt 0.984375 0.953125
vt 0.828125 0.953125
vt 0.828125 0.984375
vt 0.859375 0.984375
vt 0.859375 0.953125
vt 0.015625 0.890625
vt 0.015625 0.921875
vt 0.046875 0.921875
vt 0.046875 0.890625
vt 0.078125 0.890625
vt 0.078125 0.921875
vt 0.109375 0.921875
vt 0.109375 0.890625
vt 0.890625 0.953125
vt 0.890625 0.984375
vt 0.921875 0.984375
vt 0.921875 0.953125
vt 0.765625 0.953125
vt 0.765625 0.984375
vt 0.796875 0.984375
vt 0.796875 0.953125
vn 1 0 0
vn -1 0 0
vn 0 1 0
vn 0 -1 0
vn 0 0 1
vn 0 0 -1
vn 1 0 0
vn -1 0 0
vn 0 1 0
vn 0 -1 0
vn 0 0 1
vn 0 0 -1
vn 1 0 0
vn -1 0 0
vn 0 1 0
vn 0 -1 0
vn 0 0 1
vn 0 0 -1
vn 1 0 0
vn -1 0 0
vn 0 1 0
vn 0 -1 0
vn 0 0 1
vn 0 0 -1
vn 0 0 0
vn 0 0 0
vn 0 0 0
vn 0 0 0
vn 0 0 1
vn 0 0 -1
vn 1 0 0
vn -1 0 0
vn 0 1 0
vn 0 -1 0
vn 0 0 1
vn 0 0 -1
vn 1 0 0
vn -1 0 0
vn 0 1 0
vn 0 -1 0
vn 0 0 1
vn 0 0 -1
usemtl m_cc4cbd32-c453-a4c6-e794-5e5fa231e7f1
f 868/2467/623 866/2468/623 865/2469/623
f 868/2467/623 865/2469/623 867/2470/623
f 871/2471/624 869/2472/624 870/2473/624
f 871/2471/624 870/2473/624 872/2474/624
f 865/2475/625 866/2476/625 870/2477/625
f 865/2475/625 870/2477/625 869/2478/625
f 868/2479/626 867/2480/626 871/2481/626
f 868/2479/626 871/2481/626 872/2482/626
usemtl m_95e20f84-55bb-7186-f91a-586499bd637e
f 867/2483/627 865/2484/627 869/2485/627
f 867/2483/627 869/2485/627 871/2486/627
usemtl m_cc4cbd32-c453-a4c6-e794-5e5fa231e7f1
f 872/2487/628 870/2488/628 866/2489/628
f 872/2487/628 866/2489/628 868/2490/628
f 876/2491/629 874/2492/629 873/2493/629
f 876/2491/629 873/2493/629 875/2494/629
f 879/2495/630 877/2496/630 878/2497/630
f 879/2495/630 878/2497/630 880/2498/630
f 873/2499/631 874/2500/631 878/2501/631
f 873/2499/631 878/2501/631 877/2502/631
f 876/2503/632 875/2504/632 879/2505/632
f 876/2503/632 879/2505/632 880/2506/632
usemtl m_95e20f84-55bb-7186-f91a-586499bd637e
f 875/2507/633 873/2508/633 877/2509/633
f 875/2507/633 877/2509/633 879/2510/633
usemtl m_cc4cbd32-c453-a4c6-e794-5e5fa231e7f1
f 880/2511/634 878/2512/634 874/2513/634
f 880/2511/634 874/2513/634 876/2514/634
f 884/2515/635 882/2516/635 881/2517/635
f 884/2515/635 881/2517/635 883/2518/635
f 887/2519/636 885/2520/636 886/2521/636
f 887/2519/636 886/2521/636 888/2522/636
f 881/2523/637 882/2524/637 886/2525/637
f 881/2523/637 886/2525/637 885/2526/637
f 884/2527/638 883/2528/638 887/2529/638
f 884/2527/638 887/2529/638 888/2530/638
usemtl m_95e20f84-55bb-7186-f91a-586499bd637e
f 883/2531/639 881/2532/639 885/2533/639
f 883/2531/639 885/2533/639 887/2534/639
usemtl m_cc4cbd32-c453-a4c6-e794-5e5fa231e7f1
f 888/2535/640 886/2536/640 882/2537/640
f 888/2535/640 882/2537/640 884/2538/640
f 892/2539/641 890/2540/641 889/2541/641
f 892/2539/641 889/2541/641 891/2542/641
f 895/2543/642 893/2544/642 894/2545/642
f 895/2543/642 894/2545/642 896/2546/642
f 889/2547/643 890/2548/643 894/2549/643
f 889/2547/643 894/2549/643 893/2550/643
f 892/2551/644 891/2552/644 895/2553/644
f 892/2551/644 895/2553/644 896/2554/644
usemtl m_f59e3bac-8fcc-890c-63e5-9d78c1a9e541
f 891/2555/645 889/2556/645 893/2557/645
f 891/2555/645 893/2557/645 895/2558/645
usemtl m_cc4cbd32-c453-a4c6-e794-5e5fa231e7f1
f 896/2559/646 894/2560/646 890/2561/646
f 896/2559/646 890/2561/646 892/2562/646
f 898/2563/647 897/2564/647 900/2565/647
f 898/2563/647 900/2565/647 899/2566/647
f 901/2567/648 902/2568/648 903/2569/648
f 901/2567/648 903/2569/648 904/2570/648
f 898/2571/649 902/2572/649 897/2573/649
f 898/2571/649 897/2573/649 901/2574/649
f 899/2575/650 903/2576/650 900/2577/650
f 899/2575/650 900/2577/650 904/2578/650
usemtl m_f59e3bac-8fcc-890c-63e5-9d78c1a9e541
f 899/2579/651 897/2580/651 901/2581/651
f 899/2579/651 901/2581/651 903/2582/651
usemtl m_cc4cbd32-c453-a4c6-e794-5e5fa231e7f1
f 904/2583/652 902/2584/652 898/2585/652
f 904/2583/652 898/2585/652 900/2586/652
f 908/2587/653 906/2588/653 905/2589/653
f 908/2587/653 905/2589/653 907/2590/653
f 911/2591/654 909/2592/654 910/2593/654
f 911/2591/654 910/2593/654 912/2594/654
f 905/2595/655 906/2596/655 910/2597/655
f 905/2595/655 910/2597/655 909/2598/655
f 908/2599/656 907/2600/656 911/2601/656
f 908/2599/656 911/2601/656 912/2602/656
usemtl m_f59e3bac-8fcc-890c-63e5-9d78c1a9e541
f 907/2603/657 905/2604/657 909/2605/657
f 907/2603/657 909/2605/657 911/2606/657
usemtl m_cc4cbd32-c453-a4c6-e794-5e5fa231e7f1
f 912/2607/658 910/2608/658 906/2609/658
f 912/2607/658 906/2609/658 908/2610/658
f 916/2611/659 914/2612/659 913/2613/659
f 916/2611/659 913/2613/659 915/2614/659
f 919/2615/660 917/2616/660 918/2617/660
f 919/2615/660 918/2617/660 920/2618/660
f 913/2619/661 914/2620/661 918/2621/661
f 913/2619/661 918/2621/661 917/2622/661
f 916/2623/662 915/2624/662 919/2625/662
f 916/2623/662 919/2625/662 920/2626/662
f 915/2627/663 913/2628/663 917/2629/663
f 915/2627/663 917/2629/663 919/2630/663
f 920/2631/664 918/2632/664 914/2633/664
f 920/2631/664 914/2633/664 916/2634/664
o g_rg
v 0.5 1.625 -0.1875
v 0.5 1.625 -0.25
v 0.5 1.5625 -0.1875
v 0.5 1.5625 -0.25
v 0 1.625 -0.1875
v 0 1.625 -0.25
v 0 1.5625 -0.1875
v 0 1.5625 -0.25
v 0.5 0.6875 -0.1875
v 0.5 0.6875 -0.25
v 0.5 0.625 -0.1875
v 0.5 0.625 -0.25
v 0 0.6875 -0.1875
v 0 0.6875 -0.25
v 0 0.625 -0.1875
v 0 0.625 -0.25
v 0.5 0.125 -0.1875
v 0.5 0.125 -0.25
v 0.5 0 -0.1875
v 0.5 0 -0.25
v 0 0.125 -0.1875
v 0 0.125 -0.25
v 0 0 -0.1875
v 0 0 -0.25
v 0.5 0.625 -0.1875
v 0.5 0.625 -0.1875
v 0.5 0.125 -0.1875
v 0.5 0.125 -0.1875
v 0 0.625 -0.1875
v 0 0.625 -0.1875
v 0 0.125 -0.1875
v 0 0.125 -0.1875
v 0.5 1.640625 -0.1875
v 0.5 1.640625 -0.25
v 0.5 1.625 -0.1875
v 0.5 1.625 -0.25
v 0 1.640625 -0.1875
v 0 1.640625 -0.25
v 0 1.625 -0.1875
v 0 1.625 -0.25
vt 0.859375 0.953125
vt 0.859375 0.984375
vt 0.828125 0.984375
vt 0.828125 0.953125
vt 0.984375 0.953125
vt 0.984375 0.984375
vt 0.953125 0.984375
vt 0.953125 0.953125
vt 0.046875 0.890625
vt 0.046875 0.921875
vt 0.015625 0.921875
vt 0.015625 0.890625
vt 0.109375 0.890625
vt 0.109375 0.921875
vt 0.078125 0.921875
vt 0.078125 0.890625
vt 0.921875 0.953125
vt 0.921875 0.984375
vt 0.890625 0.984375
vt 0.890625 0.953125
vt 0.796875 0.953125
vt 0.796875 0.984375
vt 0.765625 0.984375
vt 0.765625 0.953125
vt 0.484375 0.953125
vt 0.484375 0.984375
vt 0.453125 0.984375
vt 0.453125 0.953125
vt 0.609375 0.953125
vt 0.609375 0.984375
vt 0.578125 0.984375
vt 0.578125 0.953125
vt 0.671875 0.953125
vt 0.671875 0.984375
vt 0.640625 0.984375
vt 0.640625 0.953125
vt 0.734375 0.953125
vt 0.734375 0.984375
vt 0.703125 0.984375
vt 0.703125 0.953125
vt 0.546875 0.953125
vt 0.546875 0.984375
vt 0.515625 0.984375
vt 0.515625 0.953125
vt 0.421875 0.953125
vt 0.421875 0.984375
vt 0.390625 0.984375
vt 0.390625 0.953125
vt 0.609375 0.890625
vt 0.609375 0.921875
vt 0.578125 0.921875
vt 0.578125 0.890625
vt 0.734375 0.890625
vt 0.734375 0.921875
vt 0.703125 0.921875
vt 0.703125 0.890625
vt 0.796875 0.890625
vt 0.796875 0.921875
vt 0.765625 0.921875
vt 0.765625 0.890625
vt 0.859375 0.890625
vt 0.859375 0.921875
vt 0.828125 0.921875
vt 0.828125 0.890625
vt 0.671875 0.890625
vt 0.671875 0.921875
vt 0.640625 0.921875
vt 0.640625 0.890625
vt 0.546875 0.890625
vt 0.546875 0.921875
vt 0.515625 0.921875
vt 0.515625 0.890625
vt 0.609375 0.921875
vt 0.578125 0.921875
vt 0.609375 0.890625
vt 0.578125 0.890625
vt 0.734375 0.921875
vt 0.703125 0.921875
vt 0.734375 0.890625
vt 0.703125 0.890625
vt 0.796875 0.921875
vt 0.765625 0.921875
vt 0.796875 0.890625
vt 0.765625 0.890625
vt 0.859375 0.921875
vt 0.828125 0.921875
vt 0.859375 0.890625
vt 0.828125 0.890625
vt 0.671875 0.890625
vt 0.671875 0.921875
vt 0.640625 0.921875
vt 0.640625 0.890625
vt 0.546875 0.890625
vt 0.546875 0.921875
vt 0.515625 0.921875
vt 0.515625 0.890625
vt 0.859375 0.953125
vt 0.859375 0.984375
vt 0.828125 0.984375
vt 0.828125 0.953125
vt 0.984375 0.953125
vt 0.984375 0.984375
vt 0.953125 0.984375
vt 0.953125 0.953125
vt 0.046875 0.890625
vt 0.046875 0.921875
vt 0.015625 0.921875
vt 0.015625 0.890625
vt 0.109375 0.890625
vt 0.109375 0.921875
vt 0.078125 0.921875
vt 0.078125 0.890625
vt 0.921875 0.953125
vt 0.921875 0.984375
vt 0.890625 0.984375
vt 0.890625 0.953125
vt 0.796875 0.953125
vt 0.796875 0.984375
vt 0.765625 0.984375
vt 0.765625 0.953125
vn 1 0 0
vn -1 0 0
vn 0 1 0
vn 0 -1 0
vn 0 0 1
vn 0 0 -1
vn 1 0 0
vn -1 0 0
vn 0 1 0
vn 0 -1 0
vn 0 0 1
vn 0 0 -1
vn 1 0 0
vn -1 0 0
vn 0 1 0
vn 0 -1 0
vn 0 0 1
vn 0 0 -1
vn 0 0 0
vn 0 0 0
vn 0 0 0
vn 0 0 0
vn 0 0 1
vn 0 0 -1
vn 1 0 0
vn -1 0 0
vn 0 1 0
vn 0 -1 0
vn 0 0 1
vn 0 0 -1
usemtl m_cc4cbd32-c453-a4c6-e794-5e5fa231e7f1
f 924/2635/665 922/2636/665 921/2637/665
f 924/2635/665 921/2637/665 923/2638/665
f 927/2639/666 925/2640/666 926/2641/666
f 927/2639/666 926/2641/666 928/2642/666
f 921/2643/667 922/2644/667 926/2645/667
f 921/2643/667 926/2645/667 925/2646/667
f 924/2647/668 923/2648/668 927/2649/668
f 924/2647/668 927/2649/668 928/2650/668
usemtl m_95e20f84-55bb-7186-f91a-586499bd637e
f 923/2651/669 921/2652/669 925/2653/669
f 923/2651/669 925/2653/669 927/2654/669
usemtl m_cc4cbd32-c453-a4c6-e794-5e5fa231e7f1
f 928/2655/670 926/2656/670 922/2657/670
f 928/2655/670 922/2657/670 924/2658/670
f 932/2659/671 930/2660/671 929/2661/671
f 932/2659/671 929/2661/671 931/2662/671
f 935/2663/672 933/2664/672 934/2665/672
f 935/2663/672 934/2665/672 936/2666/672
f 929/2667/673 930/2668/673 934/2669/673
f 929/2667/673 934/2669/673 933/2670/673
f 932/2671/674 931/2672/674 935/2673/674
f 932/2671/674 935/2673/674 936/2674/674
usemtl m_95e20f84-55bb-7186-f91a-586499bd637e
f 931/2675/675 929/2676/675 933/2677/675
f 931/2675/675 933/2677/675 935/2678/675
usemtl m_cc4cbd32-c453-a4c6-e794-5e5fa231e7f1
f 936/2679/676 934/2680/676 930/2681/676
f 936/2679/676 930/2681/676 932/2682/676
f 940/2683/677 938/2684/677 937/2685/677
f 940/2683/677 937/2685/677 939/2686/677
f 943/2687/678 941/2688/678 942/2689/678
f 943/2687/678 942/2689/678 944/2690/678
f 937/2691/679 938/2692/679 942/2693/679
f 937/2691/679 942/2693/679 941/2694/679
f 940/2695/680 939/2696/680 943/2697/680
f 940/2695/680 943/2697/680 944/2698/680
usemtl m_f59e3bac-8fcc-890c-63e5-9d78c1a9e541
f 939/2699/681 937/2700/681 941/2701/681
f 939/2699/681 941/2701/681 943/2702/681
usemtl m_cc4cbd32-c453-a4c6-e794-5e5fa231e7f1
f 944/2703/682 942/2704/682 938/2705/682
f 944/2703/682 938/2705/682 940/2706/682
f 946/2707/683 945/2708/683 948/2709/683
f 946/2707/683 948/2709/683 947/2710/683
f 949/2711/684 950/2712/684 951/2713/684
f 949/2711/684 951/2713/684 952/2714/684
f 946/2715/685 950/2716/685 945/2717/685
f 946/2715/685 945/2717/685 949/2718/685
f 947/2719/686 951/2720/686 948/2721/686
f 947/2719/686 948/2721/686 952/2722/686
usemtl m_f59e3bac-8fcc-890c-63e5-9d78c1a9e541
f 947/2723/687 945/2724/687 949/2725/687
f 947/2723/687 949/2725/687 951/2726/687
usemtl m_cc4cbd32-c453-a4c6-e794-5e5fa231e7f1
f 952/2727/688 950/2728/688 946/2729/688
f 952/2727/688 946/2729/688 948/2730/688
f 956/2731/689 954/2732/689 953/2733/689
f 956/2731/689 953/2733/689 955/2734/689
f 959/2735/690 957/2736/690 958/2737/690
f 959/2735/690 958/2737/690 960/2738/690
f 953/2739/691 954/2740/691 958/2741/691
f 953/2739/691 958/2741/691 957/2742/691
f 956/2743/692 955/2744/692 959/2745/692
f 956/2743/692 959/2745/692 960/2746/692
f 955/2747/693 953/2748/693 957/2749/693
f 955/2747/693 957/2749/693 959/2750/693
f 960/2751/694 958/2752/694 954/2753/694
f 960/2751/694 954/2753/694 956/2754/694
o g_rse
v 0 1.625 -0.0625
v 0 1.625 -0.1875
v 0 0 -0.0625
v 0 0 -0.1875
v -0.0625 1.625 -0.0625
v -0.0625 1.625 -0.1875
v -0.0625 0 -0.0625
v -0.0625 0 -0.1875
v 0 1.640625 -0.0625
v 0 1.640625 -0.1875
v 0 1.625 -0.0625
v 0 1.625 -0.1875
v -0.0625 1.640625 -0.0625
v -0.0625 1.640625 -0.1875
v -0.0625 1.625 -0.0625
v -0.0625 1.625 -0.1875
vt 0.25 0
vt 0.25 1
vt 0.125 1
vt 0.125 0
vt 0.25 0
vt 0.25 1
vt 0.125 1
vt 0.125 0
vt 0.125 0.875
vt 0.125 1
vt 0.0625 1
vt 0.0625 0.875
vt 0.125 0.875
vt 0.125 1
vt 0.0625 1
vt 0.0625 0.875
vt 0.125 0
vt 0.125 1
vt 0.0625 1
vt 0.0625 0
vt 0.125 0
vt 0.125 1
vt 0.0625 1
vt 0.0625 0
vt 0.859375 0.953125
vt 0.859375 0.984375
vt 0.828125 0.984375
vt 0.828125 0.953125
vt 0.984375 0.953125
vt 0.984375 0.984375
vt 0.953125 0.984375
vt 0.953125 0.953125
vt 0.046875 0.890625
vt 0.046875 0.921875
vt 0.015625 0.921875
vt 0.015625 0.890625
vt 0.109375 0.890625
vt 0.109375 0.921875
vt 0.078125 0.921875
vt 0.078125 0.890625
vt 0.921875 0.953125
vt 0.921875 0.984375
vt 0.890625 0.984375
vt 0.890625 0.953125
vt 0.796875 0.953125
vt 0.796875 0.984375
vt 0.765625 0.984375
vt 0.765625 0.953125
vn 1 0 0
vn -1 0 0
vn 0 1 0
vn 0 -1 0
vn 0 0 1
vn 0 0 -1
vn 1 0 0
vn -1 0 0
vn 0 1 0
vn 0 -1 0
vn 0 0 1
vn 0 0 -1
usemtl m_cc4cbd32-c453-a4c6-e794-5e5fa231e7f1
f 964/2755/695 962/2756/695 961/2757/695
f 964/2755/695 961/2757/695 963/2758/695
f 967/2759/696 965/2760/696 966/2761/696
f 967/2759/696 966/2761/696 968/2762/696
f 961/2763/697 962/2764/697 966/2765/697
f 961/2763/697 966/2765/697 965/2766/697
f 964/2767/698 963/2768/698 967/2769/698
f 964/2767/698 967/2769/698 968/2770/698
f 963/2771/699 961/2772/699 965/2773/699
f 963/2771/699 965/2773/699 967/2774/699
f 968/2775/700 966/2776/700 962/2777/700
f 968/2775/700 962/2777/700 964/2778/700
f 972/2779/701 970/2780/701 969/2781/701
f 972/2779/701 969/2781/701 971/2782/701
f 975/2783/702 973/2784/702 974/2785/702
f 975/2783/702 974/2785/702 976/2786/702
f 969/2787/703 970/2788/703 974/2789/703
f 969/2787/703 974/2789/703 973/2790/703
f 972/2791/704 971/2792/704 975/2793/704
f 972/2791/704 975/2793/704 976/2794/704
f 971/2795/705 969/2796/705 973/2797/705
f 971/2795/705 973/2797/705 975/2798/705
f 976/2799/706 974/2800/706 970/2801/706
f 976/2799/706 970/2801/706 972/2802/706
o g_ld
v -0.4375 1.640625 -0.375
v -0.4375 1.65625 -0.4375
v -0.4375 1.625 -0.375
v -0.4375 1.625 -0.4375
v 0 1.640625 -0.375
v 0 1.65625 -0.4375
v 0 1.625 -0.375
v 0 1.625 -0.4375
v -0.4375 1.65625 -0.1875
v -0.4375 1.640625 -0.3125
v -0.4375 1.625 -0.1875
v 0 1.65625 -0.1875
v 0 1.640625 -0.3125
v 0 1.625 -0.1875
v -0.4375 1.671634375 -0.244618125
v 0 1.671634375 -0.244618125
v -0.4375 1.6821575 -0.306594375
v 0 1.6821575 -0.306594375
v -0.4375 1.6875 -0.37154624999999997
v 0 1.6875 -0.37154624999999997
v -0.4375 1.6875 -0.437500625
v 0 1.6875 -0.437500625
v -0.4375 1.625 -0.1875
v -0.4375 1.625 -0.31243750000000003
v -0.4375 0 -0.1875
v -0.4375 0 -0.31243750000000003
v -0.5 1.625 -0.1875
v -0.5 1.625 -0.31243750000000003
v -0.5 0 -0.1875
v -0.5 0 -0.31243750000000003
v 0 1.625 -0.1875
v 0 1.625 -0.31243750000000003
v 0 0 -0.1875
v 0 0 -0.31243750000000003
v -0.0625 1.625 -0.1875
v -0.0625 1.625 -0.31243750000000003
v -0.0625 0 -0.1875
v -0.0625 0 -0.31243750000000003
v -0.0625 1.625 -0.1875
v -0.0625 1.625 -0.25
v -0.0625 0.625 -0.1875
v -0.0625 0.625 -0.25
v -0.125 1.625 -0.1875
v -0.125 1.625 -0.25
v -0.125 0.625 -0.1875
v -0.125 0.625 -0.25
v -0.125 1.625 -0.1875
v -0.125 1.625 -0.25
v -0.125 1.5625 -0.1875
v -0.125 1.5625 -0.25
v -0.375 1.625 -0.1875
v -0.375 1.625 -0.25
v -0.375 1.5625 -0.1875
v -0.375 1.5625 -0.25
v -0.375 1.625 -0.1875
v -0.375 1.625 -0.25
v -0.375 0.625 -0.1875
v -0.375 0.625 -0.25
v -0.4375 1.625 -0.1875
v -0.4375 1.625 -0.25
v -0.4375 0.625 -0.1875
v -0.4375 0.625 -0.25
v -0.125 0.6875 -0.1875
v -0.125 0.6875 -0.25
v -0.125 0.625 -0.1875
v -0.125 0.625 -0.25
v -0.375 0.6875 -0.1875
v -0.375 0.6875 -0.25
v -0.375 0.625 -0.1875
v -0.375 0.625 -0.25
v -0.125 0.625 -0.1875
v -0.125 0.625 -0.25
v -0.125 0 -0.1875
v -0.125 0 -0.25
v -0.375 0.625 -0.1875
v -0.375 0.625 -0.25
v -0.375 0 -0.1875
v -0.375 0 -0.25
v -0.375 0.625 -0.1875
v -0.375 0.625 -0.25
v -0.375 0 -0.1875
v -0.375 0 -0.25
v -0.4375 0.625 -0.1875
v -0.4375 0.625 -0.25
v -0.4375 0 -0.1875
v -0.4375 0 -0.25
v -0.0625 0.625 -0.1875
v -0.0625 0.625 -0.25
v -0.0625 0 -0.1875
v -0.0625 0 -0.25
v -0.125 0.625 -0.1875
v -0.125 0.625 -0.25
v -0.125 0 -0.1875
v -0.125 0 -0.25
v 0 0.015625 -0.375
v 0 0.015625 -0.5
v 0 0 -0.375
v 0 0 -0.5
v -0.4375 0.015625 -0.375
v -0.4375 0.015625 -0.5
v -0.4375 0 -0.375
v -0.4375 0 -0.5
v -0.015625 0.125 -0.390625
v -0.015625 0.125 -0.484375
v -0.015625 0.015625 -0.390625
v -0.015625 0.015625 -0.484375
v -0.421875 0.125 -0.390625
v -0.421875 0.125 -0.484375
v -0.421875 0.015625 -0.390625
v -0.421875 0.015625 -0.484375
v -0.5 1.640625 -0.375
v -0.5 1.65625 -0.4375
v -0.5 1.625 -0.375
v -0.5 1.625 -0.4375
v -0.4375 1.640625 -0.375
v -0.4375 1.65625 -0.4375
v -0.4375 1.625 -0.375
v -0.4375 1.625 -0.4375
v -0.5 1.65625 -0.1875
v -0.5 1.640625 -0.3125
v -0.5 1.625 -0.1875
v -0.4375 1.65625 -0.1875
v -0.4375 1.640625 -0.3125
v -0.4375 1.625 -0.1875
v -0.5 1.671634375 -0.244618125
v -0.4375 1.671634375 -0.244618125
v -0.5 1.6821575 -0.306594375
v -0.4375 1.6821575 -0.306594375
v -0.5 1.6875 -0.37154624999999997
v -0.4375 1.6875 -0.37154624999999997
v -0.5 1.6875 -0.437500625
v -0.4375 1.6875 -0.437500625
vt 0 1
vt 0.1875 1
vt 0.1875 0.96875
vt 0 0.96875
vt 0 1
vt 0.1875 1
vt 0.1875 0.96875
vt 0 0.96875
vt 0 1
vt 0.0625 1
vt 0.0625 0.8125
vt 0 0.8125
vt 0 1
vt 0.0625 1
vt 0.0625 0.96875
vt 0 0.96875
vt 0 1
vt 0.0625 1
vt 0.0625 0.96875
vt 0 0.96875
vt 0 1
vt 0.1875 1
vt 0.1875 0.96875
vt 0 0.96875
vt 0 1
vt 0.1875 1
vt 0.1875 0.96875
vt 0 0.96875
vt 0 1
vt 0.0625 1
vt 0.0625 0.8125
vt 0 0.8125
vt 0 1
vt 0.0625 1
vt 0.0625 0.96875
vt 0 0.96875
vt 0 1
vt 0.0625 1
vt 0.0625 0.96875
vt 0 0.96875
vt 0 1
vt 0.0625 1
vt 0.0625 0.9375
vt 0 0.9375
vt 0.49428125 1
vt 0.501913125 0.91284625
vt 0 0.91284625
vt 0.0874875 1
vt 0.0874875 0.5
vt 0 0.5
vt 0 1
vt 0.087155 0.505711875
vt 0 0.49809375
vt 0 1
vt 0.494288125 1
vt 0.501909375 0.912845
vt 0 0.912845
vt 0.0874875 1
vt 0.0874875 0.5
vt 0 0.5
vt 0 1
vt 0.08715375 0.505715625
vt 0 0.49808687500000004
vt 0 1
vt 0.494283125 1
vt 0.50191 0.91284125
vt 0 0.91284125
vt 0.0874875 1
vt 0.0874875 0.5
vt 0 0.5
vt 0 1
vt 0.08715875 0.505715625
vt 0 0.498090625
vt 0 1
vt 0.0874875 1
vt 0.0874875 0.5
vt 0 0.5
vt 0 1
vt 0.5 1
vt 0.5 0.9125125000000001
vt 0 0.95625625
vt 0.5 1
vt 0.5 0.9125125000000001
vt 0 0.95625625
vt 0.50759375 1
vt 0.50759375 0.5
vt 0 0.5
vt 0 1
vt 0.0625 0.984375
vt 0 1
vt 0.25 1
vt 0.125 0.984375
vt 0.125 0.984375
vt 0 1
vt 0.25 1
vt 0.1875 0.984375
vt 0 0
vt 0 1
vt 0.125 1
vt 0.125 0
vt 0 0
vt 0 1
vt 0.125 1
vt 0.125 0
vt 0 0.875
vt 0 1
vt 0.0625 1
vt 0.0625 0.875
vt 0 0.875
vt 0 1
vt 0.0625 1
vt 0.0625 0.875
vt 0 0
vt 0 1
vt 0.0625 1
vt 0.0625 0
vt 0 0
vt 0 1
vt 0.0625 1
vt 0.0625 0
vt 0 0
vt 0 1
vt 0.125 1
vt 0.125 0
vt 0 0
vt 0 1
vt 0.125 1
vt 0.125 0
vt 0 0.875
vt 0 1
vt 0.0625 1
vt 0.0625 0.875
vt 0 0.875
vt 0 1
vt 0.0625 1
vt 0.0625 0.875
vt 0 0
vt 0 1
vt 0.0625 1
vt 0.0625 0
vt 0 0
vt 0 1
vt 0.0625 1
vt 0.0625 0
vt 0.078125 0.828125
vt 0.078125 0.859375
vt 0.109375 0.859375
vt 0.109375 0.828125
vt 0.953125 0.890625
vt 0.953125 0.921875
vt 0.984375 0.921875
vt 0.984375 0.890625
vt 0.140625 0.828125
vt 0.140625 0.859375
vt 0.171875 0.859375
vt 0.171875 0.828125
vt 0.203125 0.828125
vt 0.203125 0.859375
vt 0.234375 0.859375
vt 0.234375 0.828125
vt 0.015625 0.828125
vt 0.015625 0.859375
vt 0.046875 0.859375
vt 0.046875 0.828125
vt 0.890625 0.890625
vt 0.890625 0.921875
vt 0.921875 0.921875
vt 0.921875 0.890625
vt 0.953125 0.953125
vt 0.953125 0.984375
vt 0.984375 0.984375
vt 0.984375 0.953125
vt 0.828125 0.953125
vt 0.828125 0.984375
vt 0.859375 0.984375
vt 0.859375 0.953125
vt 0.015625 0.890625
vt 0.015625 0.921875
vt 0.046875 0.921875
vt 0.046875 0.890625
vt 0.078125 0.890625
vt 0.078125 0.921875
vt 0.109375 0.921875
vt 0.109375 0.890625
vt 0.890625 0.953125
vt 0.890625 0.984375
vt 0.921875 0.984375
vt 0.921875 0.953125
vt 0.765625 0.953125
vt 0.765625 0.984375
vt 0.796875 0.984375
vt 0.796875 0.953125
vt 0.203125 0.953125
vt 0.203125 0.984375
vt 0.234375 0.984375
vt 0.234375 0.953125
vt 0.078125 0.953125
vt 0.078125 0.984375
vt 0.109375 0.984375
vt 0.109375 0.953125
vt 0.265625 0.953125
vt 0.265625 0.984375
vt 0.296875 0.984375
vt 0.296875 0.953125
vt 0.328125 0.953125
vt 0.328125 0.984375
vt 0.359375 0.984375
vt 0.359375 0.953125
vt 0.140625 0.953125
vt 0.140625 0.984375
vt 0.171875 0.984375
vt 0.171875 0.953125
vt 0.015625 0.953125
vt 0.015625 0.984375
vt 0.046875 0.984375
vt 0.046875 0.953125
vt 0.578125 0.953125
vt 0.578125 0.984375
vt 0.609375 0.984375
vt 0.609375 0.953125
vt 0.453125 0.953125
vt 0.453125 0.984375
vt 0.484375 0.984375
vt 0.484375 0.953125
vt 0.640625 0.953125
vt 0.640625 0.984375
vt 0.671875 0.984375
vt 0.671875 0.953125
vt 0.703125 0.953125
vt 0.703125 0.984375
vt 0.734375 0.984375
vt 0.734375 0.953125
vt 0.515625 0.953125
vt 0.515625 0.984375
vt 0.546875 0.984375
vt 0.546875 0.953125
vt 0.390625 0.953125
vt 0.390625 0.984375
vt 0.421875 0.984375
vt 0.421875 0.953125
vt 0.703125 0.890625
vt 0.703125 0.921875
vt 0.734375 0.921875
vt 0.734375 0.890625
vt 0.578125 0.890625
vt 0.578125 0.921875
vt 0.609375 0.921875
vt 0.609375 0.890625
vt 0.765625 0.890625
vt 0.765625 0.921875
vt 0.796875 0.921875
vt 0.796875 0.890625
vt 0.828125 0.890625
vt 0.828125 0.921875
vt 0.859375 0.921875
vt 0.859375 0.890625
vt 0.640625 0.890625
vt 0.640625 0.921875
vt 0.671875 0.921875
vt 0.671875 0.890625
vt 0.515625 0.890625
vt 0.515625 0.921875
vt 0.546875 0.921875
vt 0.546875 0.890625
vt 0.203125 0.953125
vt 0.203125 0.984375
vt 0.234375 0.984375
vt 0.234375 0.953125
vt 0.078125 0.953125
vt 0.078125 0.984375
vt 0.109375 0.984375
vt 0.109375 0.953125
vt 0.265625 0.953125
vt 0.265625 0.984375
vt 0.296875 0.984375
vt 0.296875 0.953125
vt 0.328125 0.953125
vt 0.328125 0.984375
vt 0.359375 0.984375
vt 0.359375 0.953125
vt 0.140625 0.953125
vt 0.140625 0.984375
vt 0.171875 0.984375
vt 0.171875 0.953125
vt 0.015625 0.953125
vt 0.015625 0.984375
vt 0.046875 0.984375
vt 0.046875 0.953125
vt 0.078125 0.828125
vt 0.078125 0.859375
vt 0.109375 0.859375
vt 0.109375 0.828125
vt 0.953125 0.890625
vt 0.953125 0.921875
vt 0.984375 0.921875
vt 0.984375 0.890625
vt 0.140625 0.828125
vt 0.140625 0.859375
vt 0.171875 0.859375
vt 0.171875 0.828125
vt 0.203125 0.828125
vt 0.203125 0.859375
vt 0.234375 0.859375
vt 0.234375 0.828125
vt 0.015625 0.828125
vt 0.015625 0.859375
vt 0.046875 0.859375
vt 0.046875 0.828125
vt 0.890625 0.890625
vt 0.890625 0.921875
vt 0.921875 0.921875
vt 0.921875 0.890625
vt 0 0.984375
vt 0 1
vt 0.125 1
vt 0.125 0.984375
vt 0 0.984375
vt 0 1
vt 0.125 1
vt 0.125 0.984375
vt 0 0.875
vt 0 1
vt 0.4375 1
vt 0.4375 0.875
vt 0 0.875
vt 0 1
vt 0.4375 1
vt 0.4375 0.875
vt 0 0.984375
vt 0 1
vt 0.4375 1
vt 0.4375 0.984375
vt 0 0.984375
vt 0 1
vt 0.4375 1
vt 0.4375 0.984375
vt 0 0.640625
vt 0 1
vt 0.09375 1
vt 0.09375 0.640625
vt 0 0.640625
vt 0 1
vt 0.09375 1
vt 0.09375 0.640625
vt 0 0.90625
vt 0 1
vt 0.40625 1
vt 0.40625 0.90625
vt 0 0.90625
vt 0 1
vt 0.40625 1
vt 0.40625 0.90625
vt 0 0.640625
vt 0 1
vt 0.40625 1
vt 0.40625 0.640625
vt 0 0.640625
vt 0 1
vt 0.40625 1
vt 0.40625 0.640625
vt 0 1
vt 0.1875 1
vt 0.1875 0.96875
vt 0 0.96875
vt 0 1
vt 0.1875 1
vt 0.1875 0.96875
vt 0 0.96875
vt 0 1
vt 0.0625 1
vt 0.0625 0.8125
vt 0 0.8125
vt 0 1
vt 0.0625 1
vt 0.0625 0.96875
vt 0 0.96875
vt 0 1
vt 0.0625 1
vt 0.0625 0.96875
vt 0 0.96875
vt 0 1
vt 0.1875 1
vt 0.1875 0.96875
vt 0 0.96875
vt 0 1
vt 0.1875 1
vt 0.1875 0.96875
vt 0 0.96875
vt 0 1
vt 0.0625 1
vt 0.0625 0.8125
vt 0 0.8125
vt 0 1
vt 0.0625 1
vt 0.0625 0.96875
vt 0 0.96875
vt 0 1
vt 0.0625 1
vt 0.0625 0.96875
vt 0 0.96875
vt 0 1
vt 0.0625 1
vt 0.0625 0.9375
vt 0 0.9375
vt 0.49428125 1
vt 0.501913125 0.91284625
vt 0 0.91284625
vt 0.0874875 1
vt 0.0874875 0.5
vt 0 0.5
vt 0 1
vt 0.087155 0.505711875
vt 0 0.49809375
vt 0 1
vt 0.494288125 1
vt 0.501909375 0.912845
vt 0 0.912845
vt 0.0874875 1
vt 0.0874875 0.5
vt 0 0.5
vt 0 1
vt 0.08715375 0.505715625
vt 0 0.49808687500000004
vt 0 1
vt 0.494283125 1
vt 0.50191 0.91284125
vt 0 0.91284125
vt 0.0874875 1
vt 0.0874875 0.5
vt 0 0.5
vt 0 1
vt 0.08715875 0.505715625
vt 0 0.498090625
vt 0 1
vt 0.0874875 1
vt 0.0874875 0.5
vt 0 0.5
vt 0 1
vt 0.5 1
vt 0.5 0.9125125000000001
vt 0 0.95625625
vt 0.5 1
vt 0.5 0.9125125000000001
vt 0 0.95625625
vt 0.50759375 1
vt 0.50759375 0.5
vt 0 0.5
vt 0 1
vt 0.0625 0.984375
vt 0 1
vt 0.25 1
vt 0.125 0.984375
vt 0.125 0.984375
vt 0 1
vt 0.25 1
vt 0.1875 0.984375
vn -1 0 0
vn 1 0 0
vn 0 -1 0
vn 0 0 1
vn 0 0 -1
vn -1 0 0
vn 1 0 0
vn 0 -1 0
vn 0 0 1
vn 0 -0.003999968000383555 -0.9999920000959989
vn 0 -1 0
vn -1 0 0
vn 0 0.9655885155818094 0.2600746403948643
vn 1 0 0
vn -1 0 0
vn 0 0.9858895677867838 0.16739701350140243
vn 1 0 0
vn -1 0 0
vn 0 0.9966342737403471 0.08197636492338066
vn 1 0 0
vn 0 1 0
vn 1 0 0
vn -1 0 0
vn 0 -0.000019999999996 -0.9999999998
vn 1 0 0
vn -1 0 0
vn 1 0 0
vn -1 0 0
vn 0 1 0
vn 0 -1 0
vn 0 0 1
vn 0 0 -1
vn 1 0 0
vn -1 0 0
vn 0 1 0
vn 0 -1 0
vn 0 0 1
vn 0 0 -1
vn 1 0 0
vn -1 0 0
vn 0 1 0
vn 0 -1 0
vn 0 0 1
vn 0 0 -1
vn 1 0 0
vn -1 0 0
vn 0 1 0
vn 0 -1 0
vn 0 0 1
vn 0 0 -1
vn 1 0 0
vn -1 0 0
vn 0 1 0
vn 0 -1 0
vn 0 0 1
vn 0 0 -1
vn 1 0 0
vn -1 0 0
vn 0 1 0
vn 0 -1 0
vn 0 0 1
vn 0 0 -1
vn 1 0 0
vn -1 0 0
vn 0 1 0
vn 0 -1 0
vn 0 0 1
vn 0 0 -1
vn 1 0 0
vn -1 0 0
vn 0 1 0
vn 0 -1 0
vn 0 0 1
vn 0 0 -1
vn 1 0 0
vn -1 0 0
vn 0 1 0
vn 0 -1 0
vn 0 0 1
vn 0 0 -1
vn 1 0 0
vn -1 0 0
vn 0 1 0
vn 0 -1 0
vn 0 0 1
vn 0 0 -1
vn 1 0 0
vn -1 0 0
vn 0 1 0
vn 0 -1 0
vn 0 0 1
vn 0 0 -1
vn -1 0 0
vn 1 0 0
vn 0 -1 0
vn 0 0 1
vn 0 0 -1
vn -1 0 0
vn 1 0 0
vn 0 -1 0
vn 0 0 1
vn 0 -0.003999968000383554 -0.9999920000959988
vn 0 -1 0
vn -1 0 0
vn 0 0.9655885155818094 0.2600746403948643
vn 1 0 0
vn -1 0 0
vn 0 0.9858895677867838 0.16739701350140243
vn 1 0 0
vn -1 0 0
vn 0 0.996634273740347 0.08197636492338065
vn 1 0 0
vn 0 1 0
vn 1 0 0
vn -1 0 0
vn 0 -0.000019999999996 -0.9999999998
vn 1 0 0
vn -1 0 0
usemtl m_f59e3bac-8fcc-890c-63e5-9d78c1a9e541
f 977/2803/707 978/2804/707 980/2805/707
f 977/2803/707 980/2805/707 979/2806/707
f 982/2807/708 981/2808/708 983/2809/708
f 982/2807/708 983/2809/708 984/2810/708
f 983/2811/709 979/2812/709 980/2813/709
f 983/2811/709 980/2813/709 984/2814/709
f 981/2815/710 977/2816/710 979/2817/710
f 981/2815/710 979/2817/710 983/2818/710
f 978/2819/711 982/2820/711 984/2821/711
f 978/2819/711 984/2821/711 980/2822/711
f 985/2823/712 986/2824/712 1000/2825/712
f 985/2823/712 1000/2825/712 987/2826/712
f 989/2827/713 988/2828/713 990/2829/713
f 989/2827/713 990/2829/713 1008/2830/713
usemtl m_cc4cbd32-c453-a4c6-e794-5e5fa231e7f1
f 990/2831/714 987/2832/714 1000/2833/714
f 990/2831/714 1000/2833/714 1008/2834/714
usemtl m_f59e3bac-8fcc-890c-63e5-9d78c1a9e541
f 988/2835/715 985/2836/715 987/2837/715
f 988/2835/715 987/2837/715 990/2838/715
usemtl m_cc4cbd32-c453-a4c6-e794-5e5fa231e7f1
f 986/2839/716 989/2840/716 1008/2841/716
f 986/2839/716 1008/2841/716 1000/2842/716
usemtl m_f59e3bac-8fcc-890c-63e5-9d78c1a9e541
f 989/2843/717 986/2844/717 977/2845/717
f 989/2843/717 977/2845/717 981/2846/717
f 985/2847/718 991/2848/718 978/2849/718
f 992/2850/719 991/2851/719 985/2852/719
f 992/2850/719 985/2852/719 988/2853/719
f 992/2854/720 988/2855/720 982/2856/720
f 991/2857/721 993/2858/721 978/2859/721
f 994/2860/722 993/2861/722 991/2862/722
f 994/2860/722 991/2862/722 992/2863/722
f 994/2864/723 992/2865/723 982/2866/723
f 993/2867/724 995/2868/724 978/2869/724
f 996/2870/725 995/2871/725 993/2872/725
f 996/2870/725 993/2872/725 994/2873/725
f 996/2874/726 994/2875/726 982/2876/726
f 998/2877/727 997/2878/727 995/2879/727
f 998/2877/727 995/2879/727 996/2880/727
f 998/2881/728 996/2882/728 982/2883/728
f 995/2884/729 997/2885/729 978/2886/729
f 982/2887/730 978/2888/730 997/2889/730
f 982/2887/730 997/2889/730 998/2890/730
f 981/2891/731 982/2892/731 988/2893/731
f 981/2891/731 988/2893/731 989/2894/731
f 986/2895/732 985/2896/732 978/2897/732
f 986/2895/732 978/2897/732 977/2898/732
usemtl m_cc4cbd32-c453-a4c6-e794-5e5fa231e7f1
f 1002/2899/733 1000/2900/733 999/2901/733
f 1002/2899/733 999/2901/733 1001/2902/733
f 1005/2903/734 1003/2904/734 1004/2905/734
f 1005/2903/734 1004/2905/734 1006/2906/734
f 999/2907/735 1000/2908/735 1004/2909/735
f 999/2907/735 1004/2909/735 1003/2910/735
f 1002/2911/736 1001/2912/736 1005/2913/736
f 1002/2911/736 1005/2913/736 1006/2914/736
f 1001/2915/737 999/2916/737 1003/2917/737
f 1001/2915/737 1003/2917/737 1005/2918/737
f 1006/2919/738 1004/2920/738 1000/2921/738
f 1006/2919/738 1000/2921/738 1002/2922/738
f 1010/2923/739 1008/2924/739 1007/2925/739
f 1010/2923/739 1007/2925/739 1009/2926/739
f 1013/2927/740 1011/2928/740 1012/2929/740
f 1013/2927/740 1012/2929/740 1014/2930/740
f 1007/2931/741 1008/2932/741 1012/2933/741
f 1007/2931/741 1012/2933/741 1011/2934/741
f 1010/2935/742 1009/2936/742 1013/2937/742
f 1010/2935/742 1013/2937/742 1014/2938/742
f 1009/2939/743 1007/2940/743 1011/2941/743
f 1009/2939/743 1011/2941/743 1013/2942/743
f 1014/2943/744 1012/2944/744 1008/2945/744
f 1014/2943/744 1008/2945/744 1010/2946/744
f 1018/2947/745 1016/2948/745 1015/2949/745
f 1018/2947/745 1015/2949/745 1017/2950/745
f 1021/2951/746 1019/2952/746 1020/2953/746
f 1021/2951/746 1020/2953/746 1022/2954/746
f 1015/2955/747 1016/2956/747 1020/2957/747
f 1015/2955/747 1020/2957/747 1019/2958/747
f 1018/2959/748 1017/2960/748 1021/2961/748
f 1018/2959/748 1021/2961/748 1022/2962/748
usemtl m_95e20f84-55bb-7186-f91a-586499bd637e
f 1017/2963/749 1015/2964/749 1019/2965/749
f 1017/2963/749 1019/2965/749 1021/2966/749
usemtl m_cc4cbd32-c453-a4c6-e794-5e5fa231e7f1
f 1022/2967/750 1020/2968/750 1016/2969/750
f 1022/2967/750 1016/2969/750 1018/2970/750
f 1026/2971/751 1024/2972/751 1023/2973/751
f 1026/2971/751 1023/2973/751 1025/2974/751
f 1029/2975/752 1027/2976/752 1028/2977/752
f 1029/2975/752 1028/2977/752 1030/2978/752
f 1023/2979/753 1024/2980/753 1028/2981/753
f 1023/2979/753 1028/2981/753 1027/2982/753
f 1026/2983/754 1025/2984/754 1029/2985/754
f 1026/2983/754 1029/2985/754 1030/2986/754
usemtl m_95e20f84-55bb-7186-f91a-586499bd637e
f 1025/2987/755 1023/2988/755 1027/2989/755
f 1025/2987/755 1027/2989/755 1029/2990/755
usemtl m_cc4cbd32-c453-a4c6-e794-5e5fa231e7f1
f 1030/2991/756 1028/2992/756 1024/2993/756
f 1030/2991/756 1024/2993/756 1026/2994/756
f 1034/2995/757 1032/2996/757 1031/2997/757
f 1034/2995/757 1031/2997/757 1033/2998/757
f 1037/2999/758 1035/3000/758 1036/3001/758
f 1037/2999/758 1036/3001/758 1038/3002/758
f 1031/3003/759 1032/3004/759 1036/3005/759
f 1031/3003/759 1036/3005/759 1035/3006/759
f 1034/3007/760 1033/3008/760 1037/3009/760
f 1034/3007/760 1037/3009/760 1038/3010/760
usemtl m_95e20f84-55bb-7186-f91a-586499bd637e
f 1033/3011/761 1031/3012/761 1035/3013/761
f 1033/3011/761 1035/3013/761 1037/3014/761
usemtl m_cc4cbd32-c453-a4c6-e794-5e5fa231e7f1
f 1038/3015/762 1036/3016/762 1032/3017/762
f 1038/3015/762 1032/3017/762 1034/3018/762
f 1042/3019/763 1040/3020/763 1039/3021/763
f 1042/3019/763 1039/3021/763 1041/3022/763
f 1045/3023/764 1043/3024/764 1044/3025/764
f 1045/3023/764 1044/3025/764 1046/3026/764
f 1039/3027/765 1040/3028/765 1044/3029/765
f 1039/3027/765 1044/3029/765 1043/3030/765
f 1042/3031/766 1041/3032/766 1045/3033/766
f 1042/3031/766 1045/3033/766 1046/3034/766
usemtl m_95e20f84-55bb-7186-f91a-586499bd637e
f 1041/3035/767 1039/3036/767 1043/3037/767
f 1041/3035/767 1043/3037/767 1045/3038/767
usemtl m_cc4cbd32-c453-a4c6-e794-5e5fa231e7f1
f 1046/3039/768 1044/3040/768 1040/3041/768
f 1046/3039/768 1040/3041/768 1042/3042/768
f 1050/3043/769 1048/3044/769 1047/3045/769
f 1050/3043/769 1047/3045/769 1049/3046/769
f 1053/3047/770 1051/3048/770 1052/3049/770
f 1053/3047/770 1052/3049/770 1054/3050/770
f 1047/3051/771 1048/3052/771 1052/3053/771
f 1047/3051/771 1052/3053/771 1051/3054/771
f 1050/3055/772 1049/3056/772 1053/3057/772
f 1050/3055/772 1053/3057/772 1054/3058/772
usemtl m_f59e3bac-8fcc-890c-63e5-9d78c1a9e541
f 1049/3059/773 1047/3060/773 1051/3061/773
f 1049/3059/773 1051/3061/773 1053/3062/773
usemtl m_cc4cbd32-c453-a4c6-e794-5e5fa231e7f1
f 1054/3063/774 1052/3064/774 1048/3065/774
f 1054/3063/774 1048/3065/774 1050/3066/774
f 1058/3067/775 1056/3068/775 1055/3069/775
f 1058/3067/775 1055/3069/775 1057/3070/775
f 1061/3071/776 1059/3072/776 1060/3073/776
f 1061/3071/776 1060/3073/776 1062/3074/776
f 1055/3075/777 1056/3076/777 1060/3077/777
f 1055/3075/777 1060/3077/777 1059/3078/777
f 1058/3079/778 1057/3080/778 1061/3081/778
f 1058/3079/778 1061/3081/778 1062/3082/778
usemtl m_f59e3bac-8fcc-890c-63e5-9d78c1a9e541
f 1057/3083/779 1055/3084/779 1059/3085/779
f 1057/3083/779 1059/3085/779 1061/3086/779
usemtl m_cc4cbd32-c453-a4c6-e794-5e5fa231e7f1
f 1062/3087/780 1060/3088/780 1056/3089/780
f 1062/3087/780 1056/3089/780 1058/3090/780
f 1066/3091/781 1064/3092/781 1063/3093/781
f 1066/3091/781 1063/3093/781 1065/3094/781
f 1069/3095/782 1067/3096/782 1068/3097/782
f 1069/3095/782 1068/3097/782 1070/3098/782
f 1063/3099/783 1064/3100/783 1068/3101/783
f 1063/3099/783 1068/3101/783 1067/3102/783
f 1066/3103/784 1065/3104/784 1069/3105/784
f 1066/3103/784 1069/3105/784 1070/3106/784
usemtl m_f59e3bac-8fcc-890c-63e5-9d78c1a9e541
f 1065/3107/785 1063/3108/785 1067/3109/785
f 1065/3107/785 1067/3109/785 1069/3110/785
usemtl m_cc4cbd32-c453-a4c6-e794-5e5fa231e7f1
f 1070/3111/786 1068/3112/786 1064/3113/786
f 1070/3111/786 1064/3113/786 1066/3114/786
f 1074/3115/787 1072/3116/787 1071/3117/787
f 1074/3115/787 1071/3117/787 1073/3118/787
f 1077/3119/788 1075/3120/788 1076/3121/788
f 1077/3119/788 1076/3121/788 1078/3122/788
f 1071/3123/789 1072/3124/789 1076/3125/789
f 1071/3123/789 1076/3125/789 1075/3126/789
f 1074/3127/790 1073/3128/790 1077/3129/790
f 1074/3127/790 1077/3129/790 1078/3130/790
f 1073/3131/791 1071/3132/791 1075/3133/791
f 1073/3131/791 1075/3133/791 1077/3134/791
f 1078/3135/792 1076/3136/792 1072/3137/792
f 1078/3135/792 1072/3137/792 1074/3138/792
usemtl m_f59e3bac-8fcc-890c-63e5-9d78c1a9e541
f 1082/3139/793 1080/3140/793 1079/3141/793
f 1082/3139/793 1079/3141/793 1081/3142/793
f 1085/3143/794 1083/3144/794 1084/3145/794
f 1085/3143/794 1084/3145/794 1086/3146/794
f 1079/3147/795 1080/3148/795 1084/3149/795
f 1079/3147/795 1084/3149/795 1083/3150/795
f 1082/3151/796 1081/3152/796 1085/3153/796
f 1082/3151/796 1085/3153/796 1086/3154/796
f 1081/3155/797 1079/3156/797 1083/3157/797
f 1081/3155/797 1083/3157/797 1085/3158/797
f 1086/3159/798 1084/3160/798 1080/3161/798
f 1086/3159/798 1080/3161/798 1082/3162/798
usemtl m_c4e970a6-7e7d-3bdf-035e-10403ac06252
f 1087/3163/799 1088/3164/799 1090/3165/799
f 1087/3163/799 1090/3165/799 1089/3166/799
f 1092/3167/800 1091/3168/800 1093/3169/800
f 1092/3167/800 1093/3169/800 1094/3170/800
f 1093/3171/801 1089/3172/801 1090/3173/801
f 1093/3171/801 1090/3173/801 1094/3174/801
f 1091/3175/802 1087/3176/802 1089/3177/802
f 1091/3175/802 1089/3177/802 1093/3178/802
f 1088/3179/803 1092/3180/803 1094/3181/803
f 1088/3179/803 1094/3181/803 1090/3182/803
f 1095/3183/804 1096/3184/804 1004/3185/804
f 1095/3183/804 1004/3185/804 1097/3186/804
f 1099/3187/805 1098/3188/805 1100/3189/805
f 1099/3187/805 1100/3189/805 1000/3190/805
f 1100/3191/806 1097/3192/806 1004/3193/806
f 1100/3191/806 1004/3193/806 1000/3194/806
f 1098/3195/807 1095/3196/807 1097/3197/807
f 1098/3195/807 1097/3197/807 1100/3198/807
f 1096/3199/808 1099/3200/808 1000/3201/808
f 1096/3199/808 1000/3201/808 1004/3202/808
f 1099/3203/809 1096/3204/809 1087/3205/809
f 1099/3203/809 1087/3205/809 1091/3206/809
f 1095/3207/810 1101/3208/810 1088/3209/810
f 1102/3210/811 1101/3211/811 1095/3212/811
f 1102/3210/811 1095/3212/811 1098/3213/811
f 1102/3214/812 1098/3215/812 1092/3216/812
f 1101/3217/813 1103/3218/813 1088/3219/813
f 1104/3220/814 1103/3221/814 1101/3222/814
f 1104/3220/814 1101/3222/814 1102/3223/814
f 1104/3224/815 1102/3225/815 1092/3226/815
f 1103/3227/816 1105/3228/816 1088/3229/816
f 1106/3230/817 1105/3231/817 1103/3232/817
f 1106/3230/817 1103/3232/817 1104/3233/817
f 1106/3234/818 1104/3235/818 1092/3236/818
f 1108/3237/819 1107/3238/819 1105/3239/819
f 1108/3237/819 1105/3239/819 1106/3240/819
f 1108/3241/820 1106/3242/820 1092/3243/820
f 1105/3244/821 1107/3245/821 1088/3246/821
f 1092/3247/822 1088/3248/822 1107/3249/822
f 1092/3247/822 1107/3249/822 1108/3250/822
f 1091/3251/823 1092/3252/823 1098/3253/823
f 1091/3251/823 1098/3253/823 1099/3254/823
f 1096/3255/824 1095/3256/824 1088/3257/824
f 1096/3255/824 1088/3257/824 1087/3258/824
o g_lgn
v 0 1.625 -0.1875
v 0 1.625 -0.25
v 0 1.5625 -0.1875
v 0 1.5625 -0.25
v -0.4375 1.625 -0.1875
v -0.4375 1.625 -0.25
v -0.4375 1.5625 -0.1875
v -0.4375 1.5625 -0.25
v -0.4375 1.625 -0.1875
v -0.4375 1.625 -0.25
v -0.4375 0.625 -0.1875
v -0.4375 0.625 -0.25
v -0.5 1.625 -0.1875
v -0.5 1.625 -0.25
v -0.5 0.625 -0.1875
v -0.5 0.625 -0.25
v 0 0.6875 -0.1875
v 0 0.6875 -0.25
v 0 0.625 -0.1875
v 0 0.625 -0.25
v -0.4375 0.6875 -0.1875
v -0.4375 0.6875 -0.25
v -0.4375 0.625 -0.1875
v -0.4375 0.625 -0.25
v 0 0.125 -0.1875
v 0 0.125 -0.25
v 0 0 -0.1875
v 0 0 -0.25
v -0.4375 0.125 -0.1875
v -0.4375 0.125 -0.25
v -0.4375 0 -0.1875
v -0.4375 0 -0.25
v 0 0.625 -0.1875
v 0 0.625 -0.1875
v 0 0.125 -0.1875
v 0 0.125 -0.1875
v -0.4375 0.625 -0.1875
v -0.4375 0.625 -0.1875
v -0.4375 0.125 -0.1875
v -0.4375 0.125 -0.1875
v -0.4375 0.625 -0.1875
v -0.4375 0.625 -0.25
v -0.4375 0 -0.1875
v -0.4375 0 -0.25
v -0.5 0.625 -0.1875
v -0.5 0.625 -0.25
v -0.5 0 -0.1875
v -0.5 0 -0.25
v 0 1.640625 -0.1875
v 0 1.640625 -0.25
v 0 1.625 -0.1875
v 0 1.625 -0.25
v -0.5 1.640625 -0.1875
v -0.5 1.640625 -0.25
v -0.5 1.625 -0.1875
v -0.5 1.625 -0.25
vt 0.953125 0.953125
vt 0.953125 0.984375
vt 0.984375 0.984375
vt 0.984375 0.953125
vt 0.828125 0.953125
vt 0.828125 0.984375
vt 0.859375 0.984375
vt 0.859375 0.953125
vt 0.015625 0.890625
vt 0.015625 0.921875
vt 0.046875 0.921875
vt 0.046875 0.890625
vt 0.078125 0.890625
vt 0.078125 0.921875
vt 0.109375 0.921875
vt 0.109375 0.890625
vt 0.890625 0.953125
vt 0.890625 0.984375
vt 0.921875 0.984375
vt 0.921875 0.953125
vt 0.765625 0.953125
vt 0.765625 0.984375
vt 0.796875 0.984375
vt 0.796875 0.953125
vt 0.203125 0.953125
vt 0.203125 0.984375
vt 0.234375 0.984375
vt 0.234375 0.953125
vt 0.078125 0.953125
vt 0.078125 0.984375
vt 0.109375 0.984375
vt 0.109375 0.953125
vt 0.265625 0.953125
vt 0.265625 0.984375
vt 0.296875 0.984375
vt 0.296875 0.953125
vt 0.328125 0.953125
vt 0.328125 0.984375
vt 0.359375 0.984375
vt 0.359375 0.953125
vt 0.140625 0.953125
vt 0.140625 0.984375
vt 0.171875 0.984375
vt 0.171875 0.953125
vt 0.015625 0.953125
vt 0.015625 0.984375
vt 0.046875 0.984375
vt 0.046875 0.953125
vt 0.578125 0.953125
vt 0.578125 0.984375
vt 0.609375 0.984375
vt 0.609375 0.953125
vt 0.453125 0.953125
vt 0.453125 0.984375
vt 0.484375 0.984375
vt 0.484375 0.953125
vt 0.640625 0.953125
vt 0.640625 0.984375
vt 0.671875 0.984375
vt 0.671875 0.953125
vt 0.703125 0.953125
vt 0.703125 0.984375
vt 0.734375 0.984375
vt 0.734375 0.953125
vt 0.515625 0.953125
vt 0.515625 0.984375
vt 0.546875 0.984375
vt 0.546875 0.953125
vt 0.390625 0.953125
vt 0.390625 0.984375
vt 0.421875 0.984375
vt 0.421875 0.953125
vt 0.703125 0.890625
vt 0.703125 0.921875
vt 0.734375 0.921875
vt 0.734375 0.890625
vt 0.578125 0.890625
vt 0.578125 0.921875
vt 0.609375 0.921875
vt 0.609375 0.890625
vt 0.765625 0.890625
vt 0.765625 0.921875
vt 0.796875 0.921875
vt 0.796875 0.890625
vt 0.828125 0.890625
vt 0.828125 0.921875
vt 0.859375 0.921875
vt 0.859375 0.890625
vt 0.640625 0.890625
vt 0.640625 0.921875
vt 0.671875 0.921875
vt 0.671875 0.890625
vt 0.515625 0.890625
vt 0.515625 0.921875
vt 0.546875 0.921875
vt 0.546875 0.890625
vt 0.703125 0.921875
vt 0.734375 0.921875
vt 0.703125 0.890625
vt 0.734375 0.890625
vt 0.578125 0.921875
vt 0.609375 0.921875
vt 0.578125 0.890625
vt 0.609375 0.890625
vt 0.765625 0.921875
vt 0.796875 0.921875
vt 0.765625 0.890625
vt 0.796875 0.890625
vt 0.828125 0.921875
vt 0.859375 0.921875
vt 0.828125 0.890625
vt 0.859375 0.890625
vt 0.640625 0.890625
vt 0.640625 0.921875
vt 0.671875 0.921875
vt 0.671875 0.890625
vt 0.515625 0.890625
vt 0.515625 0.921875
vt 0.546875 0.921875
vt 0.546875 0.890625
vt 0.203125 0.953125
vt 0.203125 0.984375
vt 0.234375 0.984375
vt 0.234375 0.953125
vt 0.078125 0.953125
vt 0.078125 0.984375
vt 0.109375 0.984375
vt 0.109375 0.953125
vt 0.265625 0.953125
vt 0.265625 0.984375
vt 0.296875 0.984375
vt 0.296875 0.953125
vt 0.328125 0.953125
vt 0.328125 0.984375
vt 0.359375 0.984375
vt 0.359375 0.953125
vt 0.140625 0.953125
vt 0.140625 0.984375
vt 0.171875 0.984375
vt 0.171875 0.953125
vt 0.015625 0.953125
vt 0.015625 0.984375
vt 0.046875 0.984375
vt 0.046875 0.953125
vt 0.953125 0.953125
vt 0.953125 0.984375
vt 0.984375 0.984375
vt 0.984375 0.953125
vt 0.828125 0.953125
vt 0.828125 0.984375
vt 0.859375 0.984375
vt 0.859375 0.953125
vt 0.015625 0.890625
vt 0.015625 0.921875
vt 0.046875 0.921875
vt 0.046875 0.890625
vt 0.078125 0.890625
vt 0.078125 0.921875
vt 0.109375 0.921875
vt 0.109375 0.890625
vt 0.890625 0.953125
vt 0.890625 0.984375
vt 0.921875 0.984375
vt 0.921875 0.953125
vt 0.765625 0.953125
vt 0.765625 0.984375
vt 0.796875 0.984375
vt 0.796875 0.953125
vn 1 0 0
vn -1 0 0
vn 0 1 0
vn 0 -1 0
vn 0 0 1
vn 0 0 -1
vn 1 0 0
vn -1 0 0
vn 0 1 0
vn 0 -1 0
vn 0 0 1
vn 0 0 -1
vn 1 0 0
vn -1 0 0
vn 0 1 0
vn 0 -1 0
vn 0 0 1
vn 0 0 -1
vn 1 0 0
vn -1 0 0
vn 0 1 0
vn 0 -1 0
vn 0 0 1
vn 0 0 -1
vn 0 0 0
vn 0 0 0
vn 0 0 0
vn 0 0 0
vn 0 0 1
vn 0 0 -1
vn 1 0 0
vn -1 0 0
vn 0 1 0
vn 0 -1 0
vn 0 0 1
vn 0 0 -1
vn 1 0 0
vn -1 0 0
vn 0 1 0
vn 0 -1 0
vn 0 0 1
vn 0 0 -1
usemtl m_cc4cbd32-c453-a4c6-e794-5e5fa231e7f1
f 1112/3259/825 1110/3260/825 1109/3261/825
f 1112/3259/825 1109/3261/825 1111/3262/825
f 1115/3263/826 1113/3264/826 1114/3265/826
f 1115/3263/826 1114/3265/826 1116/3266/826
f 1109/3267/827 1110/3268/827 1114/3269/827
f 1109/3267/827 1114/3269/827 1113/3270/827
f 1112/3271/828 1111/3272/828 1115/3273/828
f 1112/3271/828 1115/3273/828 1116/3274/828
usemtl m_95e20f84-55bb-7186-f91a-586499bd637e
f 1111/3275/829 1109/3276/829 1113/3277/829
f 1111/3275/829 1113/3277/829 1115/3278/829
usemtl m_cc4cbd32-c453-a4c6-e794-5e5fa231e7f1
f 1116/3279/830 1114/3280/830 1110/3281/830
f 1116/3279/830 1110/3281/830 1112/3282/830
f 1120/3283/831 1118/3284/831 1117/3285/831
f 1120/3283/831 1117/3285/831 1119/3286/831
f 1123/3287/832 1121/3288/832 1122/3289/832
f 1123/3287/832 1122/3289/832 1124/3290/832
f 1117/3291/833 1118/3292/833 1122/3293/833
f 1117/3291/833 1122/3293/833 1121/3294/833
f 1120/3295/834 1119/3296/834 1123/3297/834
f 1120/3295/834 1123/3297/834 1124/3298/834
usemtl m_95e20f84-55bb-7186-f91a-586499bd637e
f 1119/3299/835 1117/3300/835 1121/3301/835
f 1119/3299/835 1121/3301/835 1123/3302/835
usemtl m_cc4cbd32-c453-a4c6-e794-5e5fa231e7f1
f 1124/3303/836 1122/3304/836 1118/3305/836
f 1124/3303/836 1118/3305/836 1120/3306/836
f 1128/3307/837 1126/3308/837 1125/3309/837
f 1128/3307/837 1125/3309/837 1127/3310/837
f 1131/3311/838 1129/3312/838 1130/3313/838
f 1131/3311/838 1130/3313/838 1132/3314/838
f 1125/3315/839 1126/3316/839 1130/3317/839
f 1125/3315/839 1130/3317/839 1129/3318/839
f 1128/3319/840 1127/3320/840 1131/3321/840
f 1128/3319/840 1131/3321/840 1132/3322/840
usemtl m_95e20f84-55bb-7186-f91a-586499bd637e
f 1127/3323/841 1125/3324/841 1129/3325/841
f 1127/3323/841 1129/3325/841 1131/3326/841
usemtl m_cc4cbd32-c453-a4c6-e794-5e5fa231e7f1
f 1132/3327/842 1130/3328/842 1126/3329/842
f 1132/3327/842 1126/3329/842 1128/3330/842
f 1136/3331/843 1134/3332/843 1133/3333/843
f 1136/3331/843 1133/3333/843 1135/3334/843
f 1139/3335/844 1137/3336/844 1138/3337/844
f 1139/3335/844 1138/3337/844 1140/3338/844
f 1133/3339/845 1134/3340/845 1138/3341/845
f 1133/3339/845 1138/3341/845 1137/3342/845
f 1136/3343/846 1135/3344/846 1139/3345/846
f 1136/3343/846 1139/3345/846 1140/3346/846
usemtl m_f59e3bac-8fcc-890c-63e5-9d78c1a9e541
f 1135/3347/847 1133/3348/847 1137/3349/847
f 1135/3347/847 1137/3349/847 1139/3350/847
usemtl m_cc4cbd32-c453-a4c6-e794-5e5fa231e7f1
f 1140/3351/848 1138/3352/848 1134/3353/848
f 1140/3351/848 1134/3353/848 1136/3354/848
f 1142/3355/849 1141/3356/849 1144/3357/849
f 1142/3355/849 1144/3357/849 1143/3358/849
f 1145/3359/850 1146/3360/850 1147/3361/850
f 1145/3359/850 1147/3361/850 1148/3362/850
f 1142/3363/851 1146/3364/851 1141/3365/851
f 1142/3363/851 1141/3365/851 1145/3366/851
f 1143/3367/852 1147/3368/852 1144/3369/852
f 1143/3367/852 1144/3369/852 1148/3370/852
usemtl m_f59e3bac-8fcc-890c-63e5-9d78c1a9e541
f 1143/3371/853 1141/3372/853 1145/3373/853
f 1143/3371/853 1145/3373/853 1147/3374/853
usemtl m_cc4cbd32-c453-a4c6-e794-5e5fa231e7f1
f 1148/3375/854 1146/3376/854 1142/3377/854
f 1148/3375/854 1142/3377/854 1144/3378/854
f 1152/3379/855 1150/3380/855 1149/3381/855
f 1152/3379/855 1149/3381/855 1151/3382/855
f 1155/3383/856 1153/3384/856 1154/3385/856
f 1155/3383/856 1154/3385/856 1156/3386/856
f 1149/3387/857 1150/3388/857 1154/3389/857
f 1149/3387/857 1154/3389/857 1153/3390/857
f 1152/3391/858 1151/3392/858 1155/3393/858
f 1152/3391/858 1155/3393/858 1156/3394/858
usemtl m_f59e3bac-8fcc-890c-63e5-9d78c1a9e541
f 1151/3395/859 1149/3396/859 1153/3397/859
f 1151/3395/859 1153/3397/859 1155/3398/859
usemtl m_cc4cbd32-c453-a4c6-e794-5e5fa231e7f1
f 1156/3399/860 1154/3400/860 1150/3401/860
f 1156/3399/860 1150/3401/860 1152/3402/860
f 1160/3403/861 1158/3404/861 1157/3405/861
f 1160/3403/861 1157/3405/861 1159/3406/861
f 1163/3407/862 1161/3408/862 1162/3409/862
f 1163/3407/862 1162/3409/862 1164/3410/862
f 1157/3411/863 1158/3412/863 1162/3413/863
f 1157/3411/863 1162/3413/863 1161/3414/863
f 1160/3415/864 1159/3416/864 1163/3417/864
f 1160/3415/864 1163/3417/864 1164/3418/864
f 1159/3419/865 1157/3420/865 1161/3421/865
f 1159/3419/865 1161/3421/865 1163/3422/865
f 1164/3423/866 1162/3424/866 1158/3425/866
f 1164/3423/866 1158/3425/866 1160/3426/866
o g_ldg
v -0.0625 1.625 -0.1875
v -0.0625 1.625 -0.25
v -0.0625 1.5625 -0.1875
v -0.0625 1.5625 -0.25
v -0.5 1.625 -0.1875
v -0.5 1.625 -0.25
v -0.5 1.5625 -0.1875
v -0.5 1.5625 -0.25
v 0 1.625 -0.1875
v 0 1.625 -0.25
v 0 0.625 -0.1875
v 0 0.625 -0.25
v -0.0625 1.625 -0.1875
v -0.0625 1.625 -0.25
v -0.0625 0.625 -0.1875
v -0.0625 0.625 -0.25
v -0.0625 0.6875 -0.1875
v -0.0625 0.6875 -0.25
v -0.0625 0.625 -0.1875
v -0.0625 0.625 -0.25
v -0.5 0.6875 -0.1875
v -0.5 0.6875 -0.25
v -0.5 0.625 -0.1875
v -0.5 0.625 -0.25
v -0.0625 0.125 -0.1875
v -0.0625 0.125 -0.25
v -0.0625 0 -0.1875
v -0.0625 0 -0.25
v -0.5 0.125 -0.1875
v -0.5 0.125 -0.25
v -0.5 0 -0.1875
v -0.5 0 -0.25
v -0.0625 0.625 -0.1875
v -0.0625 0.625 -0.1875
v -0.0625 0.125 -0.1875
v -0.0625 0.125 -0.1875
v -0.5 0.625 -0.1875
v -0.5 0.625 -0.1875
v -0.5 0.125 -0.1875
v -0.5 0.125 -0.1875
v 0 0.625 -0.1875
v 0 0.625 -0.25
v 0 0 -0.1875
v 0 0 -0.25
v -0.0625 0.625 -0.1875
v -0.0625 0.625 -0.25
v -0.0625 0 -0.1875
v -0.0625 0 -0.25
v 0 1.640625 -0.1875
v 0 1.640625 -0.25
v 0 1.625 -0.1875
v 0 1.625 -0.25
v -0.5 1.640625 -0.1875
v -0.5 1.640625 -0.25
v -0.5 1.625 -0.1875
v -0.5 1.625 -0.25
vt 0.859375 0.953125
vt 0.859375 0.984375
vt 0.828125 0.984375
vt 0.828125 0.953125
vt 0.984375 0.953125
vt 0.984375 0.984375
vt 0.953125 0.984375
vt 0.953125 0.953125
vt 0.046875 0.890625
vt 0.046875 0.921875
vt 0.015625 0.921875
vt 0.015625 0.890625
vt 0.109375 0.890625
vt 0.109375 0.921875
vt 0.078125 0.921875
vt 0.078125 0.890625
vt 0.921875 0.953125
vt 0.921875 0.984375
vt 0.890625 0.984375
vt 0.890625 0.953125
vt 0.796875 0.953125
vt 0.796875 0.984375
vt 0.765625 0.984375
vt 0.765625 0.953125
vt 0.109375 0.953125
vt 0.109375 0.984375
vt 0.078125 0.984375
vt 0.078125 0.953125
vt 0.234375 0.953125
vt 0.234375 0.984375
vt 0.203125 0.984375
vt 0.203125 0.953125
vt 0.296875 0.953125
vt 0.296875 0.984375
vt 0.265625 0.984375
vt 0.265625 0.953125
vt 0.359375 0.953125
vt 0.359375 0.984375
vt 0.328125 0.984375
vt 0.328125 0.953125
vt 0.171875 0.953125
vt 0.171875 0.984375
vt 0.140625 0.984375
vt 0.140625 0.953125
vt 0.046875 0.953125
vt 0.046875 0.984375
vt 0.015625 0.984375
vt 0.015625 0.953125
vt 0.484375 0.953125
vt 0.484375 0.984375
vt 0.453125 0.984375
vt 0.453125 0.953125
vt 0.609375 0.953125
vt 0.609375 0.984375
vt 0.578125 0.984375
vt 0.578125 0.953125
vt 0.671875 0.953125
vt 0.671875 0.984375
vt 0.640625 0.984375
vt 0.640625 0.953125
vt 0.734375 0.953125
vt 0.734375 0.984375
vt 0.703125 0.984375
vt 0.703125 0.953125
vt 0.546875 0.953125
vt 0.546875 0.984375
vt 0.515625 0.984375
vt 0.515625 0.953125
vt 0.421875 0.953125
vt 0.421875 0.984375
vt 0.390625 0.984375
vt 0.390625 0.953125
vt 0.609375 0.890625
vt 0.609375 0.921875
vt 0.578125 0.921875
vt 0.578125 0.890625
vt 0.734375 0.890625
vt 0.734375 0.921875
vt 0.703125 0.921875
vt 0.703125 0.890625
vt 0.796875 0.890625
vt 0.796875 0.921875
vt 0.765625 0.921875
vt 0.765625 0.890625
vt 0.859375 0.890625
vt 0.859375 0.921875
vt 0.828125 0.921875
vt 0.828125 0.890625
vt 0.671875 0.890625
vt 0.671875 0.921875
vt 0.640625 0.921875
vt 0.640625 0.890625
vt 0.546875 0.890625
vt 0.546875 0.921875
vt 0.515625 0.921875
vt 0.515625 0.890625
vt 0.609375 0.921875
vt 0.578125 0.921875
vt 0.609375 0.890625
vt 0.578125 0.890625
vt 0.734375 0.921875
vt 0.703125 0.921875
vt 0.734375 0.890625
vt 0.703125 0.890625
vt 0.796875 0.921875
vt 0.765625 0.921875
vt 0.796875 0.890625
vt 0.765625 0.890625
vt 0.859375 0.921875
vt 0.828125 0.921875
vt 0.859375 0.890625
vt 0.828125 0.890625
vt 0.671875 0.890625
vt 0.671875 0.921875
vt 0.640625 0.921875
vt 0.640625 0.890625
vt 0.546875 0.890625
vt 0.546875 0.921875
vt 0.515625 0.921875
vt 0.515625 0.890625
vt 0.109375 0.953125
vt 0.109375 0.984375
vt 0.078125 0.984375
vt 0.078125 0.953125
vt 0.234375 0.953125
vt 0.234375 0.984375
vt 0.203125 0.984375
vt 0.203125 0.953125
vt 0.296875 0.953125
vt 0.296875 0.984375
vt 0.265625 0.984375
vt 0.265625 0.953125
vt 0.359375 0.953125
vt 0.359375 0.984375
vt 0.328125 0.984375
vt 0.328125 0.953125
vt 0.171875 0.953125
vt 0.171875 0.984375
vt 0.140625 0.984375
vt 0.140625 0.953125
vt 0.046875 0.953125
vt 0.046875 0.984375
vt 0.015625 0.984375
vt 0.015625 0.953125
vt 0.859375 0.953125
vt 0.859375 0.984375
vt 0.828125 0.984375
vt 0.828125 0.953125
vt 0.984375 0.953125
vt 0.984375 0.984375
vt 0.953125 0.984375
vt 0.953125 0.953125
vt 0.046875 0.890625
vt 0.046875 0.921875
vt 0.015625 0.921875
vt 0.015625 0.890625
vt 0.109375 0.890625
vt 0.109375 0.921875
vt 0.078125 0.921875
vt 0.078125 0.890625
vt 0.921875 0.953125
vt 0.921875 0.984375
vt 0.890625 0.984375
vt 0.890625 0.953125
vt 0.796875 0.953125
vt 0.796875 0.984375
vt 0.765625 0.984375
vt 0.765625 0.953125
vn 1 0 0
vn -1 0 0
vn 0 1 0
vn 0 -1 0
vn 0 0 1
vn 0 0 -1
vn 1 0 0
vn -1 0 0
vn 0 1 0
vn 0 -1 0
vn 0 0 1
vn 0 0 -1
vn 1 0 0
vn -1 0 0
vn 0 1 0
vn 0 -1 0
vn 0 0 1
vn 0 0 -1
vn 1 0 0
vn -1 0 0
vn 0 1 0
vn 0 -1 0
vn 0 0 1
vn 0 0 -1
vn 0 0 0
vn 0 0 0
vn 0 0 0
vn 0 0 0
vn 0 0 1
vn 0 0 -1
vn 1 0 0
vn -1 0 0
vn 0 1 0
vn 0 -1 0
vn 0 0 1
vn 0 0 -1
vn 1 0 0
vn -1 0 0
vn 0 1 0
vn 0 -1 0
vn 0 0 1
vn 0 0 -1
usemtl m_cc4cbd32-c453-a4c6-e794-5e5fa231e7f1
f 1168/3427/867 1166/3428/867 1165/3429/867
f 1168/3427/867 1165/3429/867 1167/3430/867
f 1171/3431/868 1169/3432/868 1170/3433/868
f 1171/3431/868 1170/3433/868 1172/3434/868
f 1165/3435/869 1166/3436/869 1170/3437/869
f 1165/3435/869 1170/3437/869 1169/3438/869
f 1168/3439/870 1167/3440/870 1171/3441/870
f 1168/3439/870 1171/3441/870 1172/3442/870
usemtl m_95e20f84-55bb-7186-f91a-586499bd637e
f 1167/3443/871 1165/3444/871 1169/3445/871
f 1167/3443/871 1169/3445/871 1171/3446/871
usemtl m_cc4cbd32-c453-a4c6-e794-5e5fa231e7f1
f 1172/3447/872 1170/3448/872 1166/3449/872
f 1172/3447/872 1166/3449/872 1168/3450/872
f 1176/3451/873 1174/3452/873 1173/3453/873
f 1176/3451/873 1173/3453/873 1175/3454/873
f 1179/3455/874 1177/3456/874 1178/3457/874
f 1179/3455/874 1178/3457/874 1180/3458/874
f 1173/3459/875 1174/3460/875 1178/3461/875
f 1173/3459/875 1178/3461/875 1177/3462/875
f 1176/3463/876 1175/3464/876 1179/3465/876
f 1176/3463/876 1179/3465/876 1180/3466/876
usemtl m_95e20f84-55bb-7186-f91a-586499bd637e
f 1175/3467/877 1173/3468/877 1177/3469/877
f 1175/3467/877 1177/3469/877 1179/3470/877
usemtl m_cc4cbd32-c453-a4c6-e794-5e5fa231e7f1
f 1180/3471/878 1178/3472/878 1174/3473/878
f 1180/3471/878 1174/3473/878 1176/3474/878
f 1184/3475/879 1182/3476/879 1181/3477/879
f 1184/3475/879 1181/3477/879 1183/3478/879
f 1187/3479/880 1185/3480/880 1186/3481/880
f 1187/3479/880 1186/3481/880 1188/3482/880
f 1181/3483/881 1182/3484/881 1186/3485/881
f 1181/3483/881 1186/3485/881 1185/3486/881
f 1184/3487/882 1183/3488/882 1187/3489/882
f 1184/3487/882 1187/3489/882 1188/3490/882
usemtl m_95e20f84-55bb-7186-f91a-586499bd637e
f 1183/3491/883 1181/3492/883 1185/3493/883
f 1183/3491/883 1185/3493/883 1187/3494/883
usemtl m_cc4cbd32-c453-a4c6-e794-5e5fa231e7f1
f 1188/3495/884 1186/3496/884 1182/3497/884
f 1188/3495/884 1182/3497/884 1184/3498/884
f 1192/3499/885 1190/3500/885 1189/3501/885
f 1192/3499/885 1189/3501/885 1191/3502/885
f 1195/3503/886 1193/3504/886 1194/3505/886
f 1195/3503/886 1194/3505/886 1196/3506/886
f 1189/3507/887 1190/3508/887 1194/3509/887
f 1189/3507/887 1194/3509/887 1193/3510/887
f 1192/3511/888 1191/3512/888 1195/3513/888
f 1192/3511/888 1195/3513/888 1196/3514/888
usemtl m_f59e3bac-8fcc-890c-63e5-9d78c1a9e541
f 1191/3515/889 1189/3516/889 1193/3517/889
f 1191/3515/889 1193/3517/889 1195/3518/889
usemtl m_cc4cbd32-c453-a4c6-e794-5e5fa231e7f1
f 1196/3519/890 1194/3520/890 1190/3521/890
f 1196/3519/890 1190/3521/890 1192/3522/890
f 1198/3523/891 1197/3524/891 1200/3525/891
f 1198/3523/891 1200/3525/891 1199/3526/891
f 1201/3527/892 1202/3528/892 1203/3529/892
f 1201/3527/892 1203/3529/892 1204/3530/892
f 1198/3531/893 1202/3532/893 1197/3533/893
f 1198/3531/893 1197/3533/893 1201/3534/893
f 1199/3535/894 1203/3536/894 1200/3537/894
f 1199/3535/894 1200/3537/894 1204/3538/894
usemtl m_f59e3bac-8fcc-890c-63e5-9d78c1a9e541
f 1199/3539/895 1197/3540/895 1201/3541/895
f 1199/3539/895 1201/3541/895 1203/3542/895
usemtl m_cc4cbd32-c453-a4c6-e794-5e5fa231e7f1
f 1204/3543/896 1202/3544/896 1198/3545/896
f 1204/3543/896 1198/3545/896 1200/3546/896
f 1208/3547/897 1206/3548/897 1205/3549/897
f 1208/3547/897 1205/3549/897 1207/3550/897
f 1211/3551/898 1209/3552/898 1210/3553/898
f 1211/3551/898 1210/3553/898 1212/3554/898
f 1205/3555/899 1206/3556/899 1210/3557/899
f 1205/3555/899 1210/3557/899 1209/3558/899
f 1208/3559/900 1207/3560/900 1211/3561/900
f 1208/3559/900 1211/3561/900 1212/3562/900
usemtl m_f59e3bac-8fcc-890c-63e5-9d78c1a9e541
f 1207/3563/901 1205/3564/901 1209/3565/901
f 1207/3563/901 1209/3565/901 1211/3566/901
usemtl m_cc4cbd32-c453-a4c6-e794-5e5fa231e7f1
f 1212/3567/902 1210/3568/902 1206/3569/902
f 1212/3567/902 1206/3569/902 1208/3570/902
f 1216/3571/903 1214/3572/903 1213/3573/903
f 1216/3571/903 1213/3573/903 1215/3574/903
f 1219/3575/904 1217/3576/904 1218/3577/904
f 1219/3575/904 1218/3577/904 1220/3578/904
f 1213/3579/905 1214/3580/905 1218/3581/905
f 1213/3579/905 1218/3581/905 1217/3582/905
f 1216/3583/906 1215/3584/906 1219/3585/906
f 1216/3583/906 1219/3585/906 1220/3586/906
f 1215/3587/907 1213/3588/907 1217/3589/907
f 1215/3587/907 1217/3589/907 1219/3590/907
f 1220/3591/908 1218/3592/908 1214/3593/908
f 1220/3591/908 1214/3593/908 1216/3594/908
o g_lg
v 0 1.625 -0.1875
v 0 1.625 -0.25
v 0 1.5625 -0.1875
v 0 1.5625 -0.25
v -0.5 1.625 -0.1875
v -0.5 1.625 -0.25
v -0.5 1.5625 -0.1875
v -0.5 1.5625 -0.25
v 0 0.6875 -0.1875
v 0 0.6875 -0.25
v 0 0.625 -0.1875
v 0 0.625 -0.25
v -0.5 0.6875 -0.1875
v -0.5 0.6875 -0.25
v -0.5 0.625 -0.1875
v -0.5 0.625 -0.25
v 0 0.125 -0.1875
v 0 0.125 -0.25
v 0 0 -0.1875
v 0 0 -0.25
v -0.5 0.125 -0.1875
v -0.5 0.125 -0.25
v -0.5 0 -0.1875
v -0.5 0 -0.25
v 0 0.625 -0.1875
v 0 0.625 -0.1875
v 0 0.125 -0.1875
v 0 0.125 -0.1875
v -0.5 0.625 -0.1875
v -0.5 0.625 -0.1875
v -0.5 0.125 -0.1875
v -0.5 0.125 -0.1875
v 0 1.640625 -0.1875
v 0 1.640625 -0.25
v 0 1.625 -0.1875
v 0 1.625 -0.25
v -0.5 1.640625 -0.1875
v -0.5 1.640625 -0.25
v -0.5 1.625 -0.1875
v -0.5 1.625 -0.25
vt 0.859375 0.953125
vt 0.859375 0.984375
vt 0.828125 0.984375
vt 0.828125 0.953125
vt 0.984375 0.953125
vt 0.984375 0.984375
vt 0.953125 0.984375
vt 0.953125 0.953125
vt 0.046875 0.890625
vt 0.046875 0.921875
vt 0.015625 0.921875
vt 0.015625 0.890625
vt 0.109375 0.890625
vt 0.109375 0.921875
vt 0.078125 0.921875
vt 0.078125 0.890625
vt 0.921875 0.953125
vt 0.921875 0.984375
vt 0.890625 0.984375
vt 0.890625 0.953125
vt 0.796875 0.953125
vt 0.796875 0.984375
vt 0.765625 0.984375
vt 0.765625 0.953125
vt 0.484375 0.953125
vt 0.484375 0.984375
vt 0.453125 0.984375
vt 0.453125 0.953125
vt 0.609375 0.953125
vt 0.609375 0.984375
vt 0.578125 0.984375
vt 0.578125 0.953125
vt 0.671875 0.953125
vt 0.671875 0.984375
vt 0.640625 0.984375
vt 0.640625 0.953125
vt 0.734375 0.953125
vt 0.734375 0.984375
vt 0.703125 0.984375
vt 0.703125 0.953125
vt 0.546875 0.953125
vt 0.546875 0.984375
vt 0.515625 0.984375
vt 0.515625 0.953125
vt 0.421875 0.953125
vt 0.421875 0.984375
vt 0.390625 0.984375
vt 0.390625 0.953125
vt 0.609375 0.890625
vt 0.609375 0.921875
vt 0.578125 0.921875
vt 0.578125 0.890625
vt 0.734375 0.890625
vt 0.734375 0.921875
vt 0.703125 0.921875
vt 0.703125 0.890625
vt 0.796875 0.890625
vt 0.796875 0.921875
vt 0.765625 0.921875
vt 0.765625 0.890625
vt 0.859375 0.890625
vt 0.859375 0.921875
vt 0.828125 0.921875
vt 0.828125 0.890625
vt 0.671875 0.890625
vt 0.671875 0.921875
vt 0.640625 0.921875
vt 0.640625 0.890625
vt 0.546875 0.890625
vt 0.546875 0.921875
vt 0.515625 0.921875
vt 0.515625 0.890625
vt 0.609375 0.921875
vt 0.578125 0.921875
vt 0.609375 0.890625
vt 0.578125 0.890625
vt 0.734375 0.921875
vt 0.703125 0.921875
vt 0.734375 0.890625
vt 0.703125 0.890625
vt 0.796875 0.921875
vt 0.765625 0.921875
vt 0.796875 0.890625
vt 0.765625 0.890625
vt 0.859375 0.921875
vt 0.828125 0.921875
vt 0.859375 0.890625
vt 0.828125 0.890625
vt 0.671875 0.890625
vt 0.671875 0.921875
vt 0.640625 0.921875
vt 0.640625 0.890625
vt 0.546875 0.890625
vt 0.546875 0.921875
vt 0.515625 0.921875
vt 0.515625 0.890625
vt 0.859375 0.953125
vt 0.859375 0.984375
vt 0.828125 0.984375
vt 0.828125 0.953125
vt 0.984375 0.953125
vt 0.984375 0.984375
vt 0.953125 0.984375
vt 0.953125 0.953125
vt 0.046875 0.890625
vt 0.046875 0.921875
vt 0.015625 0.921875
vt 0.015625 0.890625
vt 0.109375 0.890625
vt 0.109375 0.921875
vt 0.078125 0.921875
vt 0.078125 0.890625
vt 0.921875 0.953125
vt 0.921875 0.984375
vt 0.890625 0.984375
vt 0.890625 0.953125
vt 0.796875 0.953125
vt 0.796875 0.984375
vt 0.765625 0.984375
vt 0.765625 0.953125
vn 1 0 0
vn -1 0 0
vn 0 1 0
vn 0 -1 0
vn 0 0 1
vn 0 0 -1
vn 1 0 0
vn -1 0 0
vn 0 1 0
vn 0 -1 0
vn 0 0 1
vn 0 0 -1
vn 1 0 0
vn -1 0 0
vn 0 1 0
vn 0 -1 0
vn 0 0 1
vn 0 0 -1
vn 0 0 0
vn 0 0 0
vn 0 0 0
vn 0 0 0
vn 0 0 1
vn 0 0 -1
vn 1 0 0
vn -1 0 0
vn 0 1 0
vn 0 -1 0
vn 0 0 1
vn 0 0 -1
usemtl m_cc4cbd32-c453-a4c6-e794-5e5fa231e7f1
f 1224/3595/909 1222/3596/909 1221/3597/909
f 1224/3595/909 1221/3597/909 1223/3598/909
f 1227/3599/910 1225/3600/910 1226/3601/910
f 1227/3599/910 1226/3601/910 1228/3602/910
f 1221/3603/911 1222/3604/911 1226/3605/911
f 1221/3603/911 1226/3605/911 1225/3606/911
f 1224/3607/912 1223/3608/912 1227/3609/912
f 1224/3607/912 1227/3609/912 1228/3610/912
usemtl m_95e20f84-55bb-7186-f91a-586499bd637e
f 1223/3611/913 1221/3612/913 1225/3613/913
f 1223/3611/913 1225/3613/913 1227/3614/913
usemtl m_cc4cbd32-c453-a4c6-e794-5e5fa231e7f1
f 1228/3615/914 1226/3616/914 1222/3617/914
f 1228/3615/914 1222/3617/914 1224/3618/914
f 1232/3619/915 1230/3620/915 1229/3621/915
f 1232/3619/915 1229/3621/915 1231/3622/915
f 1235/3623/916 1233/3624/916 1234/3625/916
f 1235/3623/916 1234/3625/916 1236/3626/916
f 1229/3627/917 1230/3628/917 1234/3629/917
f 1229/3627/917 1234/3629/917 1233/3630/917
f 1232/3631/918 1231/3632/918 1235/3633/918
f 1232/3631/918 1235/3633/918 1236/3634/918
usemtl m_95e20f84-55bb-7186-f91a-586499bd637e
f 1231/3635/919 1229/3636/919 1233/3637/919
f 1231/3635/919 1233/3637/919 1235/3638/919
usemtl m_cc4cbd32-c453-a4c6-e794-5e5fa231e7f1
f 1236/3639/920 1234/3640/920 1230/3641/920
f 1236/3639/920 1230/3641/920 1232/3642/920
f 1240/3643/921 1238/3644/921 1237/3645/921
f 1240/3643/921 1237/3645/921 1239/3646/921
f 1243/3647/922 1241/3648/922 1242/3649/922
f 1243/3647/922 1242/3649/922 1244/3650/922
f 1237/3651/923 1238/3652/923 1242/3653/923
f 1237/3651/923 1242/3653/923 1241/3654/923
f 1240/3655/924 1239/3656/924 1243/3657/924
f 1240/3655/924 1243/3657/924 1244/3658/924
usemtl m_f59e3bac-8fcc-890c-63e5-9d78c1a9e541
f 1239/3659/925 1237/3660/925 1241/3661/925
f 1239/3659/925 1241/3661/925 1243/3662/925
usemtl m_cc4cbd32-c453-a4c6-e794-5e5fa231e7f1
f 1244/3663/926 1242/3664/926 1238/3665/926
f 1244/3663/926 1238/3665/926 1240/3666/926
f 1246/3667/927 1245/3668/927 1248/3669/927
f 1246/3667/927 1248/3669/927 1247/3670/927
f 1249/3671/928 1250/3672/928 1251/3673/928
f 1249/3671/928 1251/3673/928 1252/3674/928
f 1246/3675/929 1250/3676/929 1245/3677/929
f 1246/3675/929 1245/3677/929 1249/3678/929
f 1247/3679/930 1251/3680/930 1248/3681/930
f 1247/3679/930 1248/3681/930 1252/3682/930
usemtl m_f59e3bac-8fcc-890c-63e5-9d78c1a9e541
f 1247/3683/931 1245/3684/931 1249/3685/931
f 1247/3683/931 1249/3685/931 1251/3686/931
usemtl m_cc4cbd32-c453-a4c6-e794-5e5fa231e7f1
f 1252/3687/932 1250/3688/932 1246/3689/932
f 1252/3687/932 1246/3689/932 1248/3690/932
f 1256/3691/933 1254/3692/933 1253/3693/933
f 1256/3691/933 1253/3693/933 1255/3694/933
f 1259/3695/934 1257/3696/934 1258/3697/934
f 1259/3695/934 1258/3697/934 1260/3698/934
f 1253/3699/935 1254/3700/935 1258/3701/935
f 1253/3699/935 1258/3701/935 1257/3702/935
f 1256/3703/936 1255/3704/936 1259/3705/936
f 1256/3703/936 1259/3705/936 1260/3706/936
f 1255/3707/937 1253/3708/937 1257/3709/937
f 1255/3707/937 1257/3709/937 1259/3710/937
f 1260/3711/938 1258/3712/938 1254/3713/938
f 1260/3711/938 1254/3713/938 1256/3714/938
o g_lse
v 0.0625 1.625 -0.0625
v 0.0625 1.625 -0.1875
v 0.0625 0 -0.0625
v 0.0625 0 -0.1875
v 0 1.625 -0.0625
v 0 1.625 -0.1875
v 0 0 -0.0625
v 0 0 -0.1875
v 0.0625 1.640625 -0.0625
v 0.0625 1.640625 -0.1875
v 0.0625 1.625 -0.0625
v 0.0625 1.625 -0.1875
v 0 1.640625 -0.0625
v 0 1.640625 -0.1875
v 0 1.625 -0.0625
v 0 1.625 -0.1875
vt 0.25 0
vt 0.25 1
vt 0.125 1
vt 0.125 0
vt 0.25 0
vt 0.25 1
vt 0.125 1
vt 0.125 0
vt 0.125 0.875
vt 0.125 1
vt 0.0625 1
vt 0.0625 0.875
vt 0.125 0.875
vt 0.125 1
vt 0.0625 1
vt 0.0625 0.875
vt 0.125 0
vt 0.125 1
vt 0.0625 1
vt 0.0625 0
vt 0.125 0
vt 0.125 1
vt 0.0625 1
vt 0.0625 0
vt 0.859375 0.953125
vt 0.859375 0.984375
vt 0.828125 0.984375
vt 0.828125 0.953125
vt 0.984375 0.953125
vt 0.984375 0.984375
vt 0.953125 0.984375
vt 0.953125 0.953125
vt 0.046875 0.890625
vt 0.046875 0.921875
vt 0.015625 0.921875
vt 0.015625 0.890625
vt 0.109375 0.890625
vt 0.109375 0.921875
vt 0.078125 0.921875
vt 0.078125 0.890625
vt 0.921875 0.953125
vt 0.921875 0.984375
vt 0.890625 0.984375
vt 0.890625 0.953125
vt 0.796875 0.953125
vt 0.796875 0.984375
vt 0.765625 0.984375
vt 0.765625 0.953125
vn 1 0 0
vn -1 0 0
vn 0 1 0
vn 0 -1 0
vn 0 0 1
vn 0 0 -1
vn 1 0 0
vn -1 0 0
vn 0 1 0
vn 0 -1 0
vn 0 0 1
vn 0 0 -1
usemtl m_cc4cbd32-c453-a4c6-e794-5e5fa231e7f1
f 1264/3715/939 1262/3716/939 1261/3717/939
f 1264/3715/939 1261/3717/939 1263/3718/939
f 1267/3719/940 1265/3720/940 1266/3721/940
f 1267/3719/940 1266/3721/940 1268/3722/940
f 1261/3723/941 1262/3724/941 1266/3725/941
f 1261/3723/941 1266/3725/941 1265/3726/941
f 1264/3727/942 1263/3728/942 1267/3729/942
f 1264/3727/942 1267/3729/942 1268/3730/942
f 1263/3731/943 1261/3732/943 1265/3733/943
f 1263/3731/943 1265/3733/943 1267/3734/943
f 1268/3735/944 1266/3736/944 1262/3737/944
f 1268/3735/944 1262/3737/944 1264/3738/944
f 1272/3739/945 1270/3740/945 1269/3741/945
f 1272/3739/945 1269/3741/945 1271/3742/945
f 1275/3743/946 1273/3744/946 1274/3745/946
f 1275/3743/946 1274/3745/946 1276/3746/946
f 1269/3747/947 1270/3748/947 1274/3749/947
f 1269/3747/947 1274/3749/947 1273/3750/947
f 1272/3751/948 1271/3752/948 1275/3753/948
f 1272/3751/948 1275/3753/948 1276/3754/948
f 1271/3755/949 1269/3756/949 1273/3757/949
f 1271/3755/949 1273/3757/949 1275/3758/949
f 1276/3759/950 1274/3760/950 1270/3761/950
f 1276/3759/950 1270/3761/950 1272/3762/950