# Made in Blockbench 4.12.6
mtllib bj_screendoor_qg_1.mtl

o l_c
v 0.46875 2 -0.375
v 0.46875 2 -0.4375
v 0.46875 1.9375 -0.375
v 0.46875 1.9375 -0.4375
v -0.5 2 -0.375
v -0.5 2 -0.4375
v -0.5 1.9375 -0.375
v -0.5 1.9375 -0.4375
v 0.46875 0.1875 -0.375
v 0.46875 0.1875 -0.4375
v 0.46875 0 -0.375
v 0.46875 0 -0.4375
v -0.5 0.1875 -0.375
v -0.5 0.1875 -0.4375
v -0.5 0 -0.375
v -0.5 0 -0.4375
v 0.46875 0.25 -0.375
v 0.46875 0.25 -0.4375
v 0.46875 0.1875 -0.375
v 0.46875 0.1875 -0.4375
v -0.5 0.25 -0.375
v -0.5 0.25 -0.4375
v -0.5 0.1875 -0.375
v -0.5 0.1875 -0.4375
v 0.5 0.25 -0.375
v 0.5 0.25 -0.4375
v 0.5 0 -0.375
v 0.5 0 -0.4375
v 0.46875 0.25 -0.375
v 0.46875 0.25 -0.4375
v 0.46875 0 -0.375
v 0.46875 0 -0.4375
v 0.5 2 -0.375
v 0.5 2 -0.4375
v 0.5 0.25 -0.375
v 0.5 0.25 -0.4375
v 0.46875 2 -0.375
v 0.46875 2 -0.4375
v 0.46875 0.25 -0.375
v 0.46875 0.25 -0.4375
v 0.46875 1.9375 -0.375
v 0.46875 1.9375 -0.4375
v 0.46875 0.25 -0.375
v 0.46875 0.25 -0.4375
v 0.40625 1.9375 -0.375
v 0.40625 1.9375 -0.4375
v 0.40625 0.25 -0.375
v 0.40625 0.25 -0.4375
v -0.4375 1.9375 -0.375
v -0.4375 1.9375 -0.4375
v -0.4375 0.25 -0.375
v -0.4375 0.25 -0.4375
v -0.5 1.9375 -0.375
v -0.5 1.9375 -0.4375
v -0.5 0.25 -0.375
v -0.5 0.25 -0.4375
v 0.40625 1 -0.38125
v 0.40625 1.125 -0.38125
v -0.4375 1 -0.38125
v -0.4375 1.125 -0.38125
v 0.109375 1.25 -0.38125
v 0.109375 1.5 -0.38125
v -0.140625 1.25 -0.38125
v -0.140625 1.5 -0.38125
v 0.046875 1.609375 -0.38125
v 0.046875 1.796875 -0.38125
v -0.078125 1.609375 -0.38125
v -0.078125 1.796875 -0.38125
v 0.40625 1 -0.38125
v 0.40625 1.125 -0.38125
v -0.4375 1 -0.38125
v -0.4375 1.125 -0.38125
vt 0.0625 0.9375
vt 0.0625 1
vt 0 1
vt 0 0.9375
vt 0.0625 0.9375
vt 0.0625 1
vt 0 1
vt 0 0.9375
vt 0.96875 0.9375
vt 0.96875 1
vt 0 1
vt 0 0.9375
vt 0.96875 0.9375
vt 0.96875 1
vt 0 1
vt 0 0.9375
vt 0.96875 0.9375
vt 0.96875 1
vt 0 1
vt 0 0.9375
vt 0.96875 0.9375
vt 0.96875 1
vt 0 1
vt 0 0.9375
vt 0.0625 0.8125
vt 0.0625 1
vt 0 1
vt 0 0.8125
vt 0.0625 0.8125
vt 0.0625 1
vt 0 1
vt 0 0.8125
vt 0.96875 0.9375
vt 0.96875 1
vt 0 1
vt 0 0.9375
vt 0.96875 0.9375
vt 0.96875 1
vt 0 1
vt 0 0.9375
vt 0.96875 0.8125
vt 0.96875 1
vt 0 1
vt 0 0.8125
vt 0.96875 0.8125
vt 0.96875 1
vt 0 1
vt 0 0.8125
vt 0.0625 0.9375
vt 0.0625 1
vt 0 1
vt 0 0.9375
vt 0.0625 0.9375
vt 0.0625 1
vt 0 1
vt 0 0.9375
vt 0.96875 0.9375
vt 0.96875 1
vt 0 1
vt 0 0.9375
vt 0.96875 0.9375
vt 0.96875 1
vt 0 1
vt 0 0.9375
vt 0.96875 0.9375
vt 0.96875 1
vt 0 1
vt 0 0.9375
vt 0.96875 0.9375
vt 0.96875 1
vt 0 1
vt 0 0.9375
vt 0.0625 0.75
vt 0.0625 1
vt 0 1
vt 0 0.75
vt 0.0625 0.75
vt 0.0625 1
vt 0 1
vt 0 0.75
vt 0.03125 0.9375
vt 0.03125 1
vt 0 1
vt 0 0.9375
vt 0.03125 0.9375
vt 0.03125 1
vt 0 1
vt 0 0.9375
vt 0.03125 0.75
vt 0.03125 1
vt 0 1
vt 0 0.75
vt 0.03125 0.75
vt 0.03125 1
vt 0 1
vt 0 0.75
vt 0.0625 0
vt 0.0625 1
vt 0 1
vt 0 0
vt 0.0625 0
vt 0.0625 1
vt 0 1
vt 0 0
vt 0.03125 0.9375
vt 0.03125 1
vt 0 1
vt 0 0.9375
vt 0.03125 0.9375
vt 0.03125 1
vt 0 1
vt 0 0.9375
vt 0.03125 0
vt 0.03125 1
vt 0 1
vt 0 0
vt 0.03125 0
vt 0.03125 1
vt 0 1
vt 0 0
vt 0.0625 0
vt 0.0625 1
vt 0 1
vt 0 0
vt 0.0625 0
vt 0.0625 1
vt 0 1
vt 0 0
vt 0.0625 0.9375
vt 0.0625 1
vt 0 1
vt 0 0.9375
vt 0.0625 0.9375
vt 0.0625 1
vt 0 1
vt 0 0.9375
vt 0.0625 0
vt 0.0625 1
vt 0 1
vt 0 0
vt 0.0625 0
vt 0.0625 1
vt 0 1
vt 0 0
vt 0.0625 0
vt 0.0625 1
vt 0 1
vt 0 0
vt 0.0625 0
vt 0.0625 1
vt 0 1
vt 0 0
vt 0.0625 0.9375
vt 0.0625 1
vt 0 1
vt 0 0.9375
vt 0.0625 0.9375
vt 0.0625 1
vt 0 1
vt 0 0.9375
vt 0.0625 0
vt 0.0625 1
vt 0 1
vt 0 0
vt 0.0625 0
vt 0.0625 1
vt 0 1
vt 0 0
vt 1 0.84375
vt 1 1
vt 0 1
vt 0 0.84375
vt 0.2734375 0.27265625000000004
vt 0.2734375 0.54609375
vt 0 0.54609375
vt 0 0.27265625000000004
vt 0.378125 0.5484375
vt 0.378125 0.821875
vt 0.1890625 0.821875
vt 0.1890625 0.5484375
vt 1 0.84375
vt 1 1
vt 0 1
vt 0 0.84375
vn 1 0 0
vn -1 0 0
vn 0 1 0
vn 0 -1 0
vn 0 0 1
vn 0 0 -1
vn 1 0 0
vn -1 0 0
vn 0 1 0
vn 0 -1 0
vn 0 0 1
vn 0 0 -1
vn 1 0 0
vn -1 0 0
vn 0 1 0
vn 0 -1 0
vn 0 0 1
vn 0 0 -1
vn 1 0 0
vn -1 0 0
vn 0 1 0
vn 0 -1 0
vn 0 0 1
vn 0 0 -1
vn 1 0 0
vn -1 0 0
vn 0 1 0
vn 0 -1 0
vn 0 0 1
vn 0 0 -1
vn 1 0 0
vn -1 0 0
vn 0 1 0
vn 0 -1 0
vn 0 0 1
vn 0 0 -1
vn 1 0 0
vn -1 0 0
vn 0 1 0
vn 0 -1 0
vn 0 0 1
vn 0 0 -1
vn 0 0 1
vn 0 0 1
vn 0 0 1
vn 0 0 1
usemtl m_95e20f84-55bb-7186-f91a-586499bd637e
f 4/1/1 2/2/1 1/3/1
f 4/1/1 1/3/1 3/4/1
usemtl m_cc4cbd32-c453-a4c6-e794-5e5fa231e7f1
f 7/5/2 5/6/2 6/7/2
f 7/5/2 6/7/2 8/8/2
usemtl m_95e20f84-55bb-7186-f91a-586499bd637e
f 1/9/3 2/10/3 6/11/3
f 1/9/3 6/11/3 5/12/3
usemtl m_cc4cbd32-c453-a4c6-e794-5e5fa231e7f1
f 4/13/4 3/14/4 7/15/4
f 4/13/4 7/15/4 8/16/4
usemtl m_95e20f84-55bb-7186-f91a-586499bd637e
f 3/17/5 1/18/5 5/19/5
f 3/17/5 5/19/5 7/20/5
usemtl m_cc4cbd32-c453-a4c6-e794-5e5fa231e7f1
f 8/21/6 6/22/6 2/23/6
f 8/21/6 2/23/6 4/24/6
f 12/25/7 10/26/7 9/27/7
f 12/25/7 9/27/7 11/28/7
f 15/29/8 13/30/8 14/31/8
f 15/29/8 14/31/8 16/32/8
f 9/33/9 10/34/9 14/35/9
f 9/33/9 14/35/9 13/36/9
f 12/37/10 11/38/10 15/39/10
f 12/37/10 15/39/10 16/40/10
usemtl m_f59e3bac-8fcc-890c-63e5-9d78c1a9e541
f 11/41/11 9/42/11 13/43/11
f 11/41/11 13/43/11 15/44/11
usemtl m_cc4cbd32-c453-a4c6-e794-5e5fa231e7f1
f 16/45/12 14/46/12 10/47/12
f 16/45/12 10/47/12 12/48/12
usemtl m_95e20f84-55bb-7186-f91a-586499bd637e
f 20/49/13 18/50/13 17/51/13
f 20/49/13 17/51/13 19/52/13
usemtl m_cc4cbd32-c453-a4c6-e794-5e5fa231e7f1
f 23/53/14 21/54/14 22/55/14
f 23/53/14 22/55/14 24/56/14
f 17/57/15 18/58/15 22/59/15
f 17/57/15 22/59/15 21/60/15
usemtl m_95e20f84-55bb-7186-f91a-586499bd637e
f 20/61/16 19/62/16 23/63/16
f 20/61/16 23/63/16 24/64/16
f 19/65/17 17/66/17 21/67/17
f 19/65/17 21/67/17 23/68/17
usemtl m_cc4cbd32-c453-a4c6-e794-5e5fa231e7f1
f 24/69/18 22/70/18 18/71/18
f 24/69/18 18/71/18 20/72/18
usemtl m_95e20f84-55bb-7186-f91a-586499bd637e
f 28/73/19 26/74/19 25/75/19
f 28/73/19 25/75/19 27/76/19
f 31/77/20 29/78/20 30/79/20
f 31/77/20 30/79/20 32/80/20
f 25/81/21 26/82/21 30/83/21
f 25/81/21 30/83/21 29/84/21
f 28/85/22 27/86/22 31/87/22
f 28/85/22 31/87/22 32/88/22
f 27/89/23 25/90/23 29/91/23
f 27/89/23 29/91/23 31/92/23
f 32/93/24 30/94/24 26/95/24
f 32/93/24 26/95/24 28/96/24
f 36/97/25 34/98/25 33/99/25
f 36/97/25 33/99/25 35/100/25
usemtl m_cc4cbd32-c453-a4c6-e794-5e5fa231e7f1
f 39/101/26 37/102/26 38/103/26
f 39/101/26 38/103/26 40/104/26
usemtl m_95e20f84-55bb-7186-f91a-586499bd637e
f 33/105/27 34/106/27 38/107/27
f 33/105/27 38/107/27 37/108/27
f 36/109/28 35/110/28 39/111/28
f 36/109/28 39/111/28 40/112/28
f 35/113/29 33/114/29 37/115/29
f 35/113/29 37/115/29 39/116/29
f 40/117/30 38/118/30 34/119/30
f 40/117/30 34/119/30 36/120/30
usemtl m_cc4cbd32-c453-a4c6-e794-5e5fa231e7f1
f 44/121/31 42/122/31 41/123/31
f 44/121/31 41/123/31 43/124/31
f 47/125/32 45/126/32 46/127/32
f 47/125/32 46/127/32 48/128/32
f 41/129/33 42/130/33 46/131/33
f 41/129/33 46/131/33 45/132/33
f 44/133/34 43/134/34 47/135/34
f 44/133/34 47/135/34 48/136/34
usemtl m_95e20f84-55bb-7186-f91a-586499bd637e
f 43/137/35 41/138/35 45/139/35
f 43/137/35 45/139/35 47/140/35
usemtl m_cc4cbd32-c453-a4c6-e794-5e5fa231e7f1
f 48/141/36 46/142/36 42/143/36
f 48/141/36 42/143/36 44/144/36
f 52/145/37 50/146/37 49/147/37
f 52/145/37 49/147/37 51/148/37
f 55/149/38 53/150/38 54/151/38
f 55/149/38 54/151/38 56/152/38
usemtl m_95e20f84-55bb-7186-f91a-586499bd637e
f 49/153/39 50/154/39 54/155/39
f 49/153/39 54/155/39 53/156/39
f 52/157/40 51/158/40 55/159/40
f 52/157/40 55/159/40 56/160/40
f 51/161/41 49/162/41 53/163/41
f 51/161/41 53/163/41 55/164/41
usemtl m_cc4cbd32-c453-a4c6-e794-5e5fa231e7f1
f 56/165/42 54/166/42 50/167/42
f 56/165/42 50/167/42 52/168/42
usemtl m_5d5883d9-976c-ac80-69a5-93df38894dc9
f 57/169/43 58/170/43 60/171/43
f 57/169/43 60/171/43 59/172/43
f 61/173/44 62/174/44 64/175/44
f 61/173/44 64/175/44 63/176/44
f 65/177/45 66/178/45 68/179/45
f 65/177/45 68/179/45 67/180/45
f 69/181/46 70/182/46 72/183/46
f 69/181/46 72/183/46 71/184/46
o l_ea
v 0.0625 1.9375 -0.375
v 0.0625 1.9375 -0.4375
v 0.0625 0.25 -0.375
v 0.0625 0.25 -0.4375
v 0 1.9375 -0.375
v 0 1.9375 -0.4375
v 0 0.25 -0.375
v 0 0.25 -0.4375
v 0.46875 2 -0.375
v 0.46875 2 -0.4375
v 0.46875 1.9375 -0.375
v 0.46875 1.9375 -0.4375
v 0 2 -0.375
v 0 2 -0.4375
v 0 1.9375 -0.375
v 0 1.9375 -0.4375
v 0.46875 0.1875 -0.375
v 0.46875 0.1875 -0.4375
v 0.46875 0 -0.375
v 0.46875 0 -0.4375
v 0 0.1875 -0.375
v 0 0.1875 -0.4375
v 0 0 -0.375
v 0 0 -0.4375
v 0.46875 0.25 -0.375
v 0.46875 0.25 -0.4375
v 0.46875 0.1875 -0.375
v 0.46875 0.1875 -0.4375
v 0 0.25 -0.375
v 0 0.25 -0.4375
v 0 0.1875 -0.375
v 0 0.1875 -0.4375
v 0.5 0.25 -0.375
v 0.5 0.25 -0.4375
v 0.5 0 -0.375
v 0.5 0 -0.4375
v 0.46875 0.25 -0.375
v 0.46875 0.25 -0.4375
v 0.46875 0 -0.375
v 0.46875 0 -0.4375
v 0.5 2 -0.375
v 0.5 2 -0.4375
v 0.5 0.25 -0.375
v 0.5 0.25 -0.4375
v 0.46875 2 -0.375
v 0.46875 2 -0.4375
v 0.46875 0.25 -0.375
v 0.46875 0.25 -0.4375
v 0.46875 1.9375 -0.375
v 0.46875 1.9375 -0.4375
v 0.46875 0.25 -0.375
v 0.46875 0.25 -0.4375
v 0.40625 1.9375 -0.375
v 0.40625 1.9375 -0.4375
v 0.40625 0.25 -0.375
v 0.40625 0.25 -0.4375
v 0.40625 1 -0.38125
v 0.40625 1.125 -0.38125
v 0.0625 1 -0.38125
v 0.0625 1.125 -0.38125
v 0.359375 1.25 -0.38125
v 0.359375 1.5 -0.38125
v 0.109375 1.25 -0.38125
v 0.109375 1.5 -0.38125
v 0.296875 1.609375 -0.38125
v 0.296875 1.796875 -0.38125
v 0.171875 1.609375 -0.38125
v 0.171875 1.796875 -0.38125
vt 0.0625 0
vt 0.0625 1
vt 0 1
vt 0 0
vt 0.0625 0
vt 0.0625 1
vt 0 1
vt 0 0
vt 0.0625 0.9375
vt 0.0625 1
vt 0 1
vt 0 0.9375
vt 0.0625 0.9375
vt 0.0625 1
vt 0 1
vt 0 0.9375
vt 0.0625 0
vt 0.0625 1
vt 0 1
vt 0 0
vt 0.0625 0
vt 0.0625 1
vt 0 1
vt 0 0
vt 0.0625 0.9375
vt 0.0625 1
vt 0 1
vt 0 0.9375
vt 0.0625 0.9375
vt 0.0625 1
vt 0 1
vt 0 0.9375
vt 0.46875 0.9375
vt 0.46875 1
vt 0 1
vt 0 0.9375
vt 0.46875 0.9375
vt 0.46875 1
vt 0 1
vt 0 0.9375
vt 0.46875 0.9375
vt 0.46875 1
vt 0 1
vt 0 0.9375
vt 0.46875 0.9375
vt 0.46875 1
vt 0 1
vt 0 0.9375
vt 0.0625 0.8125
vt 0.0625 1
vt 0 1
vt 0 0.8125
vt 0.0625 0.8125
vt 0.0625 1
vt 0 1
vt 0 0.8125
vt 0.46875 0.9375
vt 0.46875 1
vt 0 1
vt 0 0.9375
vt 0.46875 0.9375
vt 0.46875 1
vt 0 1
vt 0 0.9375
vt 0.46875 0.8125
vt 0.46875 1
vt 0 1
vt 0 0.8125
vt 0.46875 0.8125
vt 0.46875 1
vt 0 1
vt 0 0.8125
vt 0.0625 0.9375
vt 0.0625 1
vt 0 1
vt 0 0.9375
vt 0.0625 0.9375
vt 0.0625 1
vt 0 1
vt 0 0.9375
vt 0.46875 0.9375
vt 0.46875 1
vt 0 1
vt 0 0.9375
vt 0.46875 0.9375
vt 0.46875 1
vt 0 1
vt 0 0.9375
vt 0.46875 0.9375
vt 0.46875 1
vt 0 1
vt 0 0.9375
vt 0.46875 0.9375
vt 0.46875 1
vt 0 1
vt 0 0.9375
vt 0.0625 0.75
vt 0.0625 1
vt 0 1
vt 0 0.75
vt 0.0625 0.75
vt 0.0625 1
vt 0 1
vt 0 0.75
vt 0.03125 0.9375
vt 0.03125 1
vt 0 1
vt 0 0.9375
vt 0.03125 0.9375
vt 0.03125 1
vt 0 1
vt 0 0.9375
vt 0.03125 0.75
vt 0.03125 1
vt 0 1
vt 0 0.75
vt 0.03125 0.75
vt 0.03125 1
vt 0 1
vt 0 0.75
vt 0.0625 0
vt 0.0625 1
vt 0 1
vt 0 0
vt 0.0625 0
vt 0.0625 1
vt 0 1
vt 0 0
vt 0.03125 0.9375
vt 0.03125 1
vt 0 1
vt 0 0.9375
vt 0.03125 0.9375
vt 0.03125 1
vt 0 1
vt 0 0.9375
vt 0.03125 0
vt 0.03125 1
vt 0 1
vt 0 0
vt 0.03125 0
vt 0.03125 1
vt 0 1
vt 0 0
vt 0.0625 0
vt 0.0625 1
vt 0 1
vt 0 0
vt 0.0625 0
vt 0.0625 1
vt 0 1
vt 0 0
vt 0.0625 0.9375
vt 0.0625 1
vt 0 1
vt 0 0.9375
vt 0.0625 0.9375
vt 0.0625 1
vt 0 1
vt 0 0.9375
vt 0.0625 0
vt 0.0625 1
vt 0 1
vt 0 0
vt 0.0625 0
vt 0.0625 1
vt 0 1
vt 0 0
vt 0.85703125 0.8421875
vt 0.85703125 0.9984375
vt 0.14453125 0.9984375
vt 0.14453125 0.8421875
vt 0.2734375 0.27265625000000004
vt 0.2734375 0.54609375
vt 0 0.54609375
vt 0 0.27265625000000004
vt 0.1890625 0.5484375
vt 0.1890625 0.821875
vt 0 0.821875
vt 0 0.5484375
vn 1 0 0
vn -1 0 0
vn 0 1 0
vn 0 -1 0
vn 0 0 1
vn 0 0 -1
vn 1 0 0
vn -1 0 0
vn 0 1 0
vn 0 -1 0
vn 0 0 1
vn 0 0 -1
vn 1 0 0
vn -1 0 0
vn 0 1 0
vn 0 -1 0
vn 0 0 1
vn 0 0 -1
vn 1 0 0
vn -1 0 0
vn 0 1 0
vn 0 -1 0
vn 0 0 1
vn 0 0 -1
vn 1 0 0
vn -1 0 0
vn 0 1 0
vn 0 -1 0
vn 0 0 1
vn 0 0 -1
vn 1 0 0
vn -1 0 0
vn 0 1 0
vn 0 -1 0
vn 0 0 1
vn 0 0 -1
vn 1 0 0
vn -1 0 0
vn 0 1 0
vn 0 -1 0
vn 0 0 1
vn 0 0 -1
vn 0 0 1
vn 0 0 1
vn 0 0 1
usemtl m_cc4cbd32-c453-a4c6-e794-5e5fa231e7f1
f 76/185/47 74/186/47 73/187/47
f 76/185/47 73/187/47 75/188/47
f 79/189/48 77/190/48 78/191/48
f 79/189/48 78/191/48 80/192/48
usemtl m_95e20f84-55bb-7186-f91a-586499bd637e
f 73/193/49 74/194/49 78/195/49
f 73/193/49 78/195/49 77/196/49
f 76/197/50 75/198/50 79/199/50
f 76/197/50 79/199/50 80/200/50
f 75/201/51 73/202/51 77/203/51
f 75/201/51 77/203/51 79/204/51
usemtl m_cc4cbd32-c453-a4c6-e794-5e5fa231e7f1
f 80/205/52 78/206/52 74/207/52
f 80/205/52 74/207/52 76/208/52
usemtl m_95e20f84-55bb-7186-f91a-586499bd637e
f 84/209/53 82/210/53 81/211/53
f 84/209/53 81/211/53 83/212/53
usemtl m_cc4cbd32-c453-a4c6-e794-5e5fa231e7f1
f 87/213/54 85/214/54 86/215/54
f 87/213/54 86/215/54 88/216/54
usemtl m_95e20f84-55bb-7186-f91a-586499bd637e
f 81/217/55 82/218/55 86/219/55
f 81/217/55 86/219/55 85/220/55
usemtl m_cc4cbd32-c453-a4c6-e794-5e5fa231e7f1
f 84/221/56 83/222/56 87/223/56
f 84/221/56 87/223/56 88/224/56
usemtl m_95e20f84-55bb-7186-f91a-586499bd637e
f 83/225/57 81/226/57 85/227/57
f 83/225/57 85/227/57 87/228/57
usemtl m_cc4cbd32-c453-a4c6-e794-5e5fa231e7f1
f 88/229/58 86/230/58 82/231/58
f 88/229/58 82/231/58 84/232/58
f 92/233/59 90/234/59 89/235/59
f 92/233/59 89/235/59 91/236/59
f 95/237/60 93/238/60 94/239/60
f 95/237/60 94/239/60 96/240/60
f 89/241/61 90/242/61 94/243/61
f 89/241/61 94/243/61 93/244/61
f 92/245/62 91/246/62 95/247/62
f 92/245/62 95/247/62 96/248/62
usemtl m_f59e3bac-8fcc-890c-63e5-9d78c1a9e541
f 91/249/63 89/250/63 93/251/63
f 91/249/63 93/251/63 95/252/63
usemtl m_cc4cbd32-c453-a4c6-e794-5e5fa231e7f1
f 96/253/64 94/254/64 90/255/64
f 96/253/64 90/255/64 92/256/64
usemtl m_95e20f84-55bb-7186-f91a-586499bd637e
f 100/257/65 98/258/65 97/259/65
f 100/257/65 97/259/65 99/260/65
usemtl m_cc4cbd32-c453-a4c6-e794-5e5fa231e7f1
f 103/261/66 101/262/66 102/263/66
f 103/261/66 102/263/66 104/264/66
f 97/265/67 98/266/67 102/267/67
f 97/265/67 102/267/67 101/268/67
usemtl m_95e20f84-55bb-7186-f91a-586499bd637e
f 100/269/68 99/270/68 103/271/68
f 100/269/68 103/271/68 104/272/68
f 99/273/69 97/274/69 101/275/69
f 99/273/69 101/275/69 103/276/69
usemtl m_cc4cbd32-c453-a4c6-e794-5e5fa231e7f1
f 104/277/70 102/278/70 98/279/70
f 104/277/70 98/279/70 100/280/70
usemtl m_95e20f84-55bb-7186-f91a-586499bd637e
f 108/281/71 106/282/71 105/283/71
f 108/281/71 105/283/71 107/284/71
f 111/285/72 109/286/72 110/287/72
f 111/285/72 110/287/72 112/288/72
f 105/289/73 106/290/73 110/291/73
f 105/289/73 110/291/73 109/292/73
f 108/293/74 107/294/74 111/295/74
f 108/293/74 111/295/74 112/296/74
f 107/297/75 105/298/75 109/299/75
f 107/297/75 109/299/75 111/300/75
f 112/301/76 110/302/76 106/303/76
f 112/301/76 106/303/76 108/304/76
f 116/305/77 114/306/77 113/307/77
f 116/305/77 113/307/77 115/308/77
usemtl m_cc4cbd32-c453-a4c6-e794-5e5fa231e7f1
f 119/309/78 117/310/78 118/311/78
f 119/309/78 118/311/78 120/312/78
usemtl m_95e20f84-55bb-7186-f91a-586499bd637e
f 113/313/79 114/314/79 118/315/79
f 113/313/79 118/315/79 117/316/79
f 116/317/80 115/318/80 119/319/80
f 116/317/80 119/319/80 120/320/80
f 115/321/81 113/322/81 117/323/81
f 115/321/81 117/323/81 119/324/81
f 120/325/82 118/326/82 114/327/82
f 120/325/82 114/327/82 116/328/82
usemtl m_cc4cbd32-c453-a4c6-e794-5e5fa231e7f1
f 124/329/83 122/330/83 121/331/83
f 124/329/83 121/331/83 123/332/83
f 127/333/84 125/334/84 126/335/84
f 127/333/84 126/335/84 128/336/84
f 121/337/85 122/338/85 126/339/85
f 121/337/85 126/339/85 125/340/85
f 124/341/86 123/342/86 127/343/86
f 124/341/86 127/343/86 128/344/86
usemtl m_95e20f84-55bb-7186-f91a-586499bd637e
f 123/345/87 121/346/87 125/347/87
f 123/345/87 125/347/87 127/348/87
usemtl m_cc4cbd32-c453-a4c6-e794-5e5fa231e7f1
f 128/349/88 126/350/88 122/351/88
f 128/349/88 122/351/88 124/352/88
usemtl m_5d5883d9-976c-ac80-69a5-93df38894dc9
f 129/353/89 130/354/89 132/355/89
f 129/353/89 132/355/89 131/356/89
f 133/357/90 134/358/90 136/359/90
f 133/357/90 136/359/90 135/360/90
f 137/361/91 138/362/91 140/363/91
f 137/361/91 140/363/91 139/364/91
o l_eb
v 0 1.9375 -0.3125
v 0 1.9375 -0.375
v 0 0.25 -0.3125
v 0 0.25 -0.375
v -0.0625 1.9375 -0.3125
v -0.0625 1.9375 -0.375
v -0.0625 0.25 -0.3125
v -0.0625 0.25 -0.375
v 0 2 -0.3125
v 0 2 -0.375
v 0 1.9375 -0.3125
v 0 1.9375 -0.375
v -0.5 2 -0.3125
v -0.5 2 -0.375
v -0.5 1.9375 -0.3125
v -0.5 1.9375 -0.375
v 0 0.1875 -0.3125
v 0 0.1875 -0.375
v 0 0 -0.3125
v 0 0 -0.375
v -0.5 0.1875 -0.3125
v -0.5 0.1875 -0.375
v -0.5 0 -0.3125
v -0.5 0 -0.375
v 0 0.25 -0.3125
v 0 0.25 -0.375
v 0 0.1875 -0.3125
v 0 0.1875 -0.375
v -0.5 0.25 -0.3125
v -0.5 0.25 -0.375
v -0.5 0.1875 -0.3125
v -0.5 0.1875 -0.375
v -0.4375 1.9375 -0.3125
v -0.4375 1.9375 -0.375
v -0.4375 0.25 -0.3125
v -0.4375 0.25 -0.375
v -0.5 1.9375 -0.3125
v -0.5 1.9375 -0.375
v -0.5 0.25 -0.3125
v -0.5 0.25 -0.375
vt 0 0
vt 0 1
vt 0.0625 1
vt 0.0625 0
vt 0 0
vt 0 1
vt 0.0625 1
vt 0.0625 0
vt 0 0.9375
vt 0 1
vt 0.0625 1
vt 0.0625 0.9375
vt 0 0.9375
vt 0 1
vt 0.0625 1
vt 0.0625 0.9375
vt 0 0
vt 0 1
vt 0.0625 1
vt 0.0625 0
vt 0 0
vt 0 1
vt 0.0625 1
vt 0.0625 0
vt 0 0.9375
vt 0 1
vt 0.0625 1
vt 0.0625 0.9375
vt 0 0.9375
vt 0 1
vt 0.0625 1
vt 0.0625 0.9375
vt 0 0.9375
vt 0 1
vt 0.5 1
vt 0.5 0.9375
vt 0 0.9375
vt 0 1
vt 0.5 1
vt 0.5 0.9375
vt 0 0.9375
vt 0 1
vt 0.5 1
vt 0.5 0.9375
vt 0 0.9375
vt 0 1
vt 0.5 1
vt 0.5 0.9375
vt 0 0.8125
vt 0 1
vt 0.0625 1
vt 0.0625 0.8125
vt 0 0.8125
vt 0 1
vt 0.0625 1
vt 0.0625 0.8125
vt 0 0.9375
vt 0 1
vt 0.5 1
vt 0.5 0.9375
vt 0 0.9375
vt 0 1
vt 0.5 1
vt 0.5 0.9375
vt 0 0.8125
vt 0 1
vt 0.5 1
vt 0.5 0.8125
vt 0 0.8125
vt 0 1
vt 0.5 1
vt 0.5 0.8125
vt 0 0.9375
vt 0 1
vt 0.0625 1
vt 0.0625 0.9375
vt 0 0.9375
vt 0 1
vt 0.0625 1
vt 0.0625 0.9375
vt 0 0.9375
vt 0 1
vt 0.5 1
vt 0.5 0.9375
vt 0 0.9375
vt 0 1
vt 0.5 1
vt 0.5 0.9375
vt 0 0.9375
vt 0 1
vt 0.5 1
vt 0.5 0.9375
vt 0 0.9375
vt 0 1
vt 0.5 1
vt 0.5 0.9375
vt 0 0
vt 0 1
vt 0.0625 1
vt 0.0625 0
vt 0 0
vt 0 1
vt 0.0625 1
vt 0.0625 0
vt 0 0.9375
vt 0 1
vt 0.0625 1
vt 0.0625 0.9375
vt 0 0.9375
vt 0 1
vt 0.0625 1
vt 0.0625 0.9375
vt 0 0
vt 0 1
vt 0.0625 1
vt 0.0625 0
vt 0 0
vt 0 1
vt 0.0625 1
vt 0.0625 0
vn 1 0 0
vn -1 0 0
vn 0 1 0
vn 0 -1 0
vn 0 0 1
vn 0 0 -1
vn 1 0 0
vn -1 0 0
vn 0 1 0
vn 0 -1 0
vn 0 0 1
vn 0 0 -1
vn 1 0 0
vn -1 0 0
vn 0 1 0
vn 0 -1 0
vn 0 0 1
vn 0 0 -1
vn 1 0 0
vn -1 0 0
vn 0 1 0
vn 0 -1 0
vn 0 0 1
vn 0 0 -1
vn 1 0 0
vn -1 0 0
vn 0 1 0
vn 0 -1 0
vn 0 0 1
vn 0 0 -1
usemtl m_cc4cbd32-c453-a4c6-e794-5e5fa231e7f1
f 144/365/92 142/366/92 141/367/92
f 144/365/92 141/367/92 143/368/92
f 147/369/93 145/370/93 146/371/93
f 147/369/93 146/371/93 148/372/93
usemtl m_95e20f84-55bb-7186-f91a-586499bd637e
f 141/373/94 142/374/94 146/375/94
f 141/373/94 146/375/94 145/376/94
f 144/377/95 143/378/95 147/379/95
f 144/377/95 147/379/95 148/380/95
f 143/381/96 141/382/96 145/383/96
f 143/381/96 145/383/96 147/384/96
usemtl m_cc4cbd32-c453-a4c6-e794-5e5fa231e7f1
f 148/385/97 146/386/97 142/387/97
f 148/385/97 142/387/97 144/388/97
f 152/389/98 150/390/98 149/391/98
f 152/389/98 149/391/98 151/392/98
f 155/393/99 153/394/99 154/395/99
f 155/393/99 154/395/99 156/396/99
usemtl m_95e20f84-55bb-7186-f91a-586499bd637e
f 149/397/100 150/398/100 154/399/100
f 149/397/100 154/399/100 153/400/100
usemtl m_cc4cbd32-c453-a4c6-e794-5e5fa231e7f1
f 152/401/101 151/402/101 155/403/101
f 152/401/101 155/403/101 156/404/101
usemtl m_95e20f84-55bb-7186-f91a-586499bd637e
f 151/405/102 149/406/102 153/407/102
f 151/405/102 153/407/102 155/408/102
usemtl m_cc4cbd32-c453-a4c6-e794-5e5fa231e7f1
f 156/409/103 154/410/103 150/411/103
f 156/409/103 150/411/103 152/412/103
f 160/413/104 158/414/104 157/415/104
f 160/413/104 157/415/104 159/416/104
f 163/417/105 161/418/105 162/419/105
f 163/417/105 162/419/105 164/420/105
f 157/421/106 158/422/106 162/423/106
f 157/421/106 162/423/106 161/424/106
f 160/425/107 159/426/107 163/427/107
f 160/425/107 163/427/107 164/428/107
usemtl m_f59e3bac-8fcc-890c-63e5-9d78c1a9e541
f 159/429/108 157/430/108 161/431/108
f 159/429/108 161/431/108 163/432/108
usemtl m_cc4cbd32-c453-a4c6-e794-5e5fa231e7f1
f 164/433/109 162/434/109 158/435/109
f 164/433/109 158/435/109 160/436/109
f 168/437/110 166/438/110 165/439/110
f 168/437/110 165/439/110 167/440/110
f 171/441/111 169/442/111 170/443/111
f 171/441/111 170/443/111 172/444/111
f 165/445/112 166/446/112 170/447/112
f 165/445/112 170/447/112 169/448/112
usemtl m_95e20f84-55bb-7186-f91a-586499bd637e
f 168/449/113 167/450/113 171/451/113
f 168/449/113 171/451/113 172/452/113
f 167/453/114 165/454/114 169/455/114
f 167/453/114 169/455/114 171/456/114
usemtl m_cc4cbd32-c453-a4c6-e794-5e5fa231e7f1
f 172/457/115 170/458/115 166/459/115
f 172/457/115 166/459/115 168/460/115
f 176/461/116 174/462/116 173/463/116
f 176/461/116 173/463/116 175/464/116
f 179/465/117 177/466/117 178/467/117
f 179/465/117 178/467/117 180/468/117
f 173/469/118 174/470/118 178/471/118
f 173/469/118 178/471/118 177/472/118
f 176/473/119 175/474/119 179/475/119
f 176/473/119 179/475/119 180/476/119
usemtl m_95e20f84-55bb-7186-f91a-586499bd637e
f 175/477/120 173/478/120 177/479/120
f 175/477/120 177/479/120 179/480/120
usemtl m_cc4cbd32-c453-a4c6-e794-5e5fa231e7f1
f 180/481/121 178/482/121 174/483/121
f 180/481/121 174/483/121 176/484/121
o r_c
v 0.5 2 -0.375
v 0.5 2 -0.4375
v 0.5 1.9375 -0.375
v 0.5 1.9375 -0.4375
v -0.46875 2 -0.375
v -0.46875 2 -0.4375
v -0.46875 1.9375 -0.375
v -0.46875 1.9375 -0.4375
v 0.5 0.1875 -0.375
v 0.5 0.1875 -0.4375
v 0.5 0 -0.375
v 0.5 0 -0.4375
v -0.46875 0.1875 -0.375
v -0.46875 0.1875 -0.4375
v -0.46875 0 -0.375
v -0.46875 0 -0.4375
v 0.5 0.25 -0.375
v 0.5 0.25 -0.4375
v 0.5 0.1875 -0.375
v 0.5 0.1875 -0.4375
v -0.46875 0.25 -0.375
v -0.46875 0.25 -0.4375
v -0.46875 0.1875 -0.375
v -0.46875 0.1875 -0.4375
v -0.46875 0.25 -0.375
v -0.46875 0.25 -0.4375
v -0.46875 0 -0.375
v -0.46875 0 -0.4375
v -0.5 0.25 -0.375
v -0.5 0.25 -0.4375
v -0.5 0 -0.375
v -0.5 0 -0.4375
v -0.46875 2 -0.375
v -0.46875 2 -0.4375
v -0.46875 0.25 -0.375
v -0.46875 0.25 -0.4375
v -0.5 2 -0.375
v -0.5 2 -0.4375
v -0.5 0.25 -0.375
v -0.5 0.25 -0.4375
v -0.40625 1.9375 -0.375
v -0.40625 1.9375 -0.4375
v -0.40625 0.25 -0.375
v -0.40625 0.25 -0.4375
v -0.46875 1.9375 -0.375
v -0.46875 1.9375 -0.4375
v -0.46875 0.25 -0.375
v -0.46875 0.25 -0.4375
v 0.5 1.9375 -0.375
v 0.5 1.9375 -0.4375
v 0.5 0.25 -0.375
v 0.5 0.25 -0.4375
v 0.4375 1.9375 -0.375
v 0.4375 1.9375 -0.4375
v 0.4375 0.25 -0.375
v 0.4375 0.25 -0.4375
v 0.4375 1 -0.38125
v 0.4375 1.125 -0.38125
v -0.40625 1 -0.38125
v -0.40625 1.125 -0.38125
v 0.4375 1 -0.38125
v 0.4375 1.125 -0.38125
v -0.40625 1 -0.38125
v -0.40625 1.125 -0.38125
v 0.140625 1.25 -0.38125
v 0.140625 1.5 -0.38125
v -0.109375 1.25 -0.38125
v -0.109375 1.5 -0.38125
v 0.078125 1.609375 -0.38125
v 0.078125 1.796875 -0.38125
v -0.046875 1.609375 -0.38125
v -0.046875 1.796875 -0.38125
vt 0 0.9375
vt 0 1
vt 0.0625 1
vt 0.0625 0.9375
vt 0 0.9375
vt 0 1
vt 0.0625 1
vt 0.0625 0.9375
vt 0 0.9375
vt 0 1
vt 0.96875 1
vt 0.96875 0.9375
vt 0 0.9375
vt 0 1
vt 0.96875 1
vt 0.96875 0.9375
vt 0 0.9375
vt 0 1
vt 0.96875 1
vt 0.96875 0.9375
vt 0 0.9375
vt 0 1
vt 0.96875 1
vt 0.96875 0.9375
vt 0 0.8125
vt 0 1
vt 0.0625 1
vt 0.0625 0.8125
vt 0 0.8125
vt 0 1
vt 0.0625 1
vt 0.0625 0.8125
vt 0 0.9375
vt 0 1
vt 0.96875 1
vt 0.96875 0.9375
vt 0 0.9375
vt 0 1
vt 0.96875 1
vt 0.96875 0.9375
vt 0 0.8125
vt 0 1
vt 0.96875 1
vt 0.96875 0.8125
vt 0 0.8125
vt 0 1
vt 0.96875 1
vt 0.96875 0.8125
vt 0 0.9375
vt 0 1
vt 0.0625 1
vt 0.0625 0.9375
vt 0 0.9375
vt 0 1
vt 0.0625 1
vt 0.0625 0.9375
vt 0 0.9375
vt 0 1
vt 0.96875 1
vt 0.96875 0.9375
vt 0 0.9375
vt 0 1
vt 0.96875 1
vt 0.96875 0.9375
vt 0 0.9375
vt 0 1
vt 0.96875 1
vt 0.96875 0.9375
vt 0 0.9375
vt 0 1
vt 0.96875 1
vt 0.96875 0.9375
vt 0 0.75
vt 0 1
vt 0.0625 1
vt 0.0625 0.75
vt 0 0.75
vt 0 1
vt 0.0625 1
vt 0.0625 0.75
vt 0 0.9375
vt 0 1
vt 0.03125 1
vt 0.03125 0.9375
vt 0 0.9375
vt 0 1
vt 0.03125 1
vt 0.03125 0.9375
vt 0 0.75
vt 0 1
vt 0.03125 1
vt 0.03125 0.75
vt 0 0.75
vt 0 1
vt 0.03125 1
vt 0.03125 0.75
vt 0 0
vt 0 1
vt 0.0625 1
vt 0.0625 0
vt 0 0
vt 0 1
vt 0.0625 1
vt 0.0625 0
vt 0 0.9375
vt 0 1
vt 0.03125 1
vt 0.03125 0.9375
vt 0 0.9375
vt 0 1
vt 0.03125 1
vt 0.03125 0.9375
vt 0 0
vt 0 1
vt 0.03125 1
vt 0.03125 0
vt 0 0
vt 0 1
vt 0.03125 1
vt 0.03125 0
vt 0 0
vt 0 1
vt 0.0625 1
vt 0.0625 0
vt 0 0
vt 0 1
vt 0.0625 1
vt 0.0625 0
vt 0 0.9375
vt 0 1
vt 0.0625 1
vt 0.0625 0.9375
vt 0 0.9375
vt 0 1
vt 0.0625 1
vt 0.0625 0.9375
vt 0 0
vt 0 1
vt 0.0625 1
vt 0.0625 0
vt 0 0
vt 0 1
vt 0.0625 1
vt 0.0625 0
vt 0 0
vt 0 1
vt 0.0625 1
vt 0.0625 0
vt 0 0
vt 0 1
vt 0.0625 1
vt 0.0625 0
vt 0 0.9375
vt 0 1
vt 0.0625 1
vt 0.0625 0.9375
vt 0 0.9375
vt 0 1
vt 0.0625 1
vt 0.0625 0.9375
vt 0 0
vt 0 1
vt 0.0625 1
vt 0.0625 0
vt 0 0
vt 0 1
vt 0.0625 1
vt 0.0625 0
vt 1 0.84375
vt 1 1
vt 0 1
vt 0 0.84375
vt 1 0.84375
vt 1 1
vt 0 1
vt 0 0.84375
vt 0.2734375 0.27265625000000004
vt 0.2734375 0.54609375
vt 0 0.54609375
vt 0 0.27265625000000004
vt 0.1890625 0.54921875
vt 0.1890625 0.82265625
vt 0 0.82265625
vt 0 0.54921875
vn 1 0 0
vn -1 0 0
vn 0 1 0
vn 0 -1 0
vn 0 0 1
vn 0 0 -1
vn 1 0 0
vn -1 0 0
vn 0 1 0
vn 0 -1 0
vn 0 0 1
vn 0 0 -1
vn 1 0 0
vn -1 0 0
vn 0 1 0
vn 0 -1 0
vn 0 0 1
vn 0 0 -1
vn 1 0 0
vn -1 0 0
vn 0 1 0
vn 0 -1 0
vn 0 0 1
vn 0 0 -1
vn 1 0 0
vn -1 0 0
vn 0 1 0
vn 0 -1 0
vn 0 0 1
vn 0 0 -1
vn 1 0 0
vn -1 0 0
vn 0 1 0
vn 0 -1 0
vn 0 0 1
vn 0 0 -1
vn 1 0 0
vn -1 0 0
vn 0 1 0
vn 0 -1 0
vn 0 0 1
vn 0 0 -1
vn 0 0 1
vn 0 0 1
vn 0 0 1
vn 0 0 1
usemtl m_cc4cbd32-c453-a4c6-e794-5e5fa231e7f1
f 184/485/122 182/486/122 181/487/122
f 184/485/122 181/487/122 183/488/122
usemtl m_95e20f84-55bb-7186-f91a-586499bd637e
f 187/489/123 185/490/123 186/491/123
f 187/489/123 186/491/123 188/492/123
f 181/493/124 182/494/124 186/495/124
f 181/493/124 186/495/124 185/496/124
usemtl m_cc4cbd32-c453-a4c6-e794-5e5fa231e7f1
f 184/497/125 183/498/125 187/499/125
f 184/497/125 187/499/125 188/500/125
usemtl m_95e20f84-55bb-7186-f91a-586499bd637e
f 183/501/126 181/502/126 185/503/126
f 183/501/126 185/503/126 187/504/126
usemtl m_cc4cbd32-c453-a4c6-e794-5e5fa231e7f1
f 188/505/127 186/506/127 182/507/127
f 188/505/127 182/507/127 184/508/127
f 192/509/128 190/510/128 189/511/128
f 192/509/128 189/511/128 191/512/128
f 195/513/129 193/514/129 194/515/129
f 195/513/129 194/515/129 196/516/129
f 189/517/130 190/518/130 194/519/130
f 189/517/130 194/519/130 193/520/130
f 192/521/131 191/522/131 195/523/131
f 192/521/131 195/523/131 196/524/131
usemtl m_f59e3bac-8fcc-890c-63e5-9d78c1a9e541
f 191/525/132 189/526/132 193/527/132
f 191/525/132 193/527/132 195/528/132
usemtl m_cc4cbd32-c453-a4c6-e794-5e5fa231e7f1
f 196/529/133 194/530/133 190/531/133
f 196/529/133 190/531/133 192/532/133
f 200/533/134 198/534/134 197/535/134
f 200/533/134 197/535/134 199/536/134
usemtl m_95e20f84-55bb-7186-f91a-586499bd637e
f 203/537/135 201/538/135 202/539/135
f 203/537/135 202/539/135 204/540/135
usemtl m_cc4cbd32-c453-a4c6-e794-5e5fa231e7f1
f 197/541/136 198/542/136 202/543/136
f 197/541/136 202/543/136 201/544/136
usemtl m_95e20f84-55bb-7186-f91a-586499bd637e
f 200/545/137 199/546/137 203/547/137
f 200/545/137 203/547/137 204/548/137
f 199/549/138 197/550/138 201/551/138
f 199/549/138 201/551/138 203/552/138
usemtl m_cc4cbd32-c453-a4c6-e794-5e5fa231e7f1
f 204/553/139 202/554/139 198/555/139
f 204/553/139 198/555/139 200/556/139
usemtl m_95e20f84-55bb-7186-f91a-586499bd637e
f 208/557/140 206/558/140 205/559/140
f 208/557/140 205/559/140 207/560/140
f 211/561/141 209/562/141 210/563/141
f 211/561/141 210/563/141 212/564/141
f 205/565/142 206/566/142 210/567/142
f 205/565/142 210/567/142 209/568/142
f 208/569/143 207/570/143 211/571/143
f 208/569/143 211/571/143 212/572/143
f 207/573/144 205/574/144 209/575/144
f 207/573/144 209/575/144 211/576/144
f 212/577/145 210/578/145 206/579/145
f 212/577/145 206/579/145 208/580/145
usemtl m_cc4cbd32-c453-a4c6-e794-5e5fa231e7f1
f 216/581/146 214/582/146 213/583/146
f 216/581/146 213/583/146 215/584/146
usemtl m_95e20f84-55bb-7186-f91a-586499bd637e
f 219/585/147 217/586/147 218/587/147
f 219/585/147 218/587/147 220/588/147
f 213/589/148 214/590/148 218/591/148
f 213/589/148 218/591/148 217/592/148
f 216/593/149 215/594/149 219/595/149
f 216/593/149 219/595/149 220/596/149
f 215/597/150 213/598/150 217/599/150
f 215/597/150 217/599/150 219/600/150
f 220/601/151 218/602/151 214/603/151
f 220/601/151 214/603/151 216/604/151
usemtl m_cc4cbd32-c453-a4c6-e794-5e5fa231e7f1
f 224/605/152 222/606/152 221/607/152
f 224/605/152 221/607/152 223/608/152
f 227/609/153 225/610/153 226/611/153
f 227/609/153 226/611/153 228/612/153
f 221/613/154 222/614/154 226/615/154
f 221/613/154 226/615/154 225/616/154
f 224/617/155 223/618/155 227/619/155
f 224/617/155 227/619/155 228/620/155
usemtl m_95e20f84-55bb-7186-f91a-586499bd637e
f 223/621/156 221/622/156 225/623/156
f 223/621/156 225/623/156 227/624/156
usemtl m_cc4cbd32-c453-a4c6-e794-5e5fa231e7f1
f 228/625/157 226/626/157 222/627/157
f 228/625/157 222/627/157 224/628/157
f 232/629/158 230/630/158 229/631/158
f 232/629/158 229/631/158 231/632/158
f 235/633/159 233/634/159 234/635/159
f 235/633/159 234/635/159 236/636/159
usemtl m_95e20f84-55bb-7186-f91a-586499bd637e
f 229/637/160 230/638/160 234/639/160
f 229/637/160 234/639/160 233/640/160
f 232/641/161 231/642/161 235/643/161
f 232/641/161 235/643/161 236/644/161
f 231/645/162 229/646/162 233/647/162
f 231/645/162 233/647/162 235/648/162
usemtl m_cc4cbd32-c453-a4c6-e794-5e5fa231e7f1
f 236/649/163 234/650/163 230/651/163
f 236/649/163 230/651/163 232/652/163
usemtl m_5d5883d9-976c-ac80-69a5-93df38894dc9
f 237/653/164 238/654/164 240/655/164
f 237/653/164 240/655/164 239/656/164
f 241/657/165 242/658/165 244/659/165
f 241/657/165 244/659/165 243/660/165
f 245/661/166 246/662/166 248/663/166
f 245/661/166 248/663/166 247/664/166
f 249/665/167 250/666/167 252/667/167
f 249/665/167 252/667/167 251/668/167
o r_ea
v 0 1.9375 -0.375
v 0 1.9375 -0.4375
v 0 0.25 -0.375
v 0 0.25 -0.4375
v -0.0625 1.9375 -0.375
v -0.0625 1.9375 -0.4375
v -0.0625 0.25 -0.375
v -0.0625 0.25 -0.4375
v 0 2 -0.375
v 0 2 -0.4375
v 0 1.9375 -0.375
v 0 1.9375 -0.4375
v -0.46875 2 -0.375
v -0.46875 2 -0.4375
v -0.46875 1.9375 -0.375
v -0.46875 1.9375 -0.4375
v 0 0.1875 -0.375
v 0 0.1875 -0.4375
v 0 0 -0.375
v 0 0 -0.4375
v -0.46875 0.1875 -0.375
v -0.46875 0.1875 -0.4375
v -0.46875 0 -0.375
v -0.46875 0 -0.4375
v 0 0.25 -0.375
v 0 0.25 -0.4375
v 0 0.1875 -0.375
v 0 0.1875 -0.4375
v -0.46875 0.25 -0.375
v -0.46875 0.25 -0.4375
v -0.46875 0.1875 -0.375
v -0.46875 0.1875 -0.4375
v -0.46875 0.25 -0.375
v -0.46875 0.25 -0.4375
v -0.46875 0 -0.375
v -0.46875 0 -0.4375
v -0.5 0.25 -0.375
v -0.5 0.25 -0.4375
v -0.5 0 -0.375
v -0.5 0 -0.4375
v -0.46875 2 -0.375
v -0.46875 2 -0.4375
v -0.46875 0.25 -0.375
v -0.46875 0.25 -0.4375
v -0.5 2 -0.375
v -0.5 2 -0.4375
v -0.5 0.25 -0.375
v -0.5 0.25 -0.4375
v -0.40625 1.9375 -0.375
v -0.40625 1.9375 -0.4375
v -0.40625 0.25 -0.375
v -0.40625 0.25 -0.4375
v -0.46875 1.9375 -0.375
v -0.46875 1.9375 -0.4375
v -0.46875 0.25 -0.375
v -0.46875 0.25 -0.4375
v -0.0625 1 -0.38125
v -0.0625 1.125 -0.38125
v -0.40625 1 -0.38125
v -0.40625 1.125 -0.38125
v -0.109375 1.25 -0.38125
v -0.109375 1.5 -0.38125
v -0.359375 1.25 -0.38125
v -0.359375 1.5 -0.38125
v -0.171875 1.609375 -0.38125
v -0.171875 1.796875 -0.38125
v -0.296875 1.609375 -0.38125
v -0.296875 1.796875 -0.38125
vt 0 0
vt 0 1
vt 0.0625 1
vt 0.0625 0
vt 0 0
vt 0 1
vt 0.0625 1
vt 0.0625 0
vt 0 0.9375
vt 0 1
vt 0.0625 1
vt 0.0625 0.9375
vt 0 0.9375
vt 0 1
vt 0.0625 1
vt 0.0625 0.9375
vt 0 0
vt 0 1
vt 0.0625 1
vt 0.0625 0
vt 0 0
vt 0 1
vt 0.0625 1
vt 0.0625 0
vt 0 0.9375
vt 0 1
vt 0.0625 1
vt 0.0625 0.9375
vt 0 0.9375
vt 0 1
vt 0.0625 1
vt 0.0625 0.9375
vt 0 0.9375
vt 0 1
vt 0.46875 1
vt 0.46875 0.9375
vt 0 0.9375
vt 0 1
vt 0.46875 1
vt 0.46875 0.9375
vt 0 0.9375
vt 0 1
vt 0.46875 1
vt 0.46875 0.9375
vt 0 0.9375
vt 0 1
vt 0.46875 1
vt 0.46875 0.9375
vt 0 0.8125
vt 0 1
vt 0.0625 1
vt 0.0625 0.8125
vt 0 0.8125
vt 0 1
vt 0.0625 1
vt 0.0625 0.8125
vt 0 0.9375
vt 0 1
vt 0.46875 1
vt 0.46875 0.9375
vt 0 0.9375
vt 0 1
vt 0.46875 1
vt 0.46875 0.9375
vt 0 0.8125
vt 0 1
vt 0.46875 1
vt 0.46875 0.8125
vt 0 0.8125
vt 0 1
vt 0.46875 1
vt 0.46875 0.8125
vt 0 0.9375
vt 0 1
vt 0.0625 1
vt 0.0625 0.9375
vt 0 0.9375
vt 0 1
vt 0.0625 1
vt 0.0625 0.9375
vt 0 0.9375
vt 0 1
vt 0.46875 1
vt 0.46875 0.9375
vt 0 0.9375
vt 0 1
vt 0.46875 1
vt 0.46875 0.9375
vt 0 0.9375
vt 0 1
vt 0.46875 1
vt 0.46875 0.9375
vt 0 0.9375
vt 0 1
vt 0.46875 1
vt 0.46875 0.9375
vt 0 0.75
vt 0 1
vt 0.0625 1
vt 0.0625 0.75
vt 0 0.75
vt 0 1
vt 0.0625 1
vt 0.0625 0.75
vt 0 0.9375
vt 0 1
vt 0.03125 1
vt 0.03125 0.9375
vt 0 0.9375
vt 0 1
vt 0.03125 1
vt 0.03125 0.9375
vt 0 0.75
vt 0 1
vt 0.03125 1
vt 0.03125 0.75
vt 0 0.75
vt 0 1
vt 0.03125 1
vt 0.03125 0.75
vt 0 0
vt 0 1
vt 0.0625 1
vt 0.0625 0
vt 0 0
vt 0 1
vt 0.0625 1
vt 0.0625 0
vt 0 0.9375
vt 0 1
vt 0.03125 1
vt 0.03125 0.9375
vt 0 0.9375
vt 0 1
vt 0.03125 1
vt 0.03125 0.9375
vt 0 0
vt 0 1
vt 0.03125 1
vt 0.03125 0
vt 0 0
vt 0 1
vt 0.03125 1
vt 0.03125 0
vt 0 0
vt 0 1
vt 0.0625 1
vt 0.0625 0
vt 0 0
vt 0 1
vt 0.0625 1
vt 0.0625 0
vt 0 0.9375
vt 0 1
vt 0.0625 1
vt 0.0625 0.9375
vt 0 0.9375
vt 0 1
vt 0.0625 1
vt 0.0625 0.9375
vt 0 0
vt 0 1
vt 0.0625 1
vt 0.0625 0
vt 0 0
vt 0 1
vt 0.0625 1
vt 0.0625 0
vt 0.85703125 0.8421875
vt 0.85703125 0.9984375
vt 0.14453125 0.9984375
vt 0.14453125 0.8421875
vt 0.2734375 0.27265625000000004
vt 0.2734375 0.54609375
vt 0 0.54609375
vt 0 0.27265625000000004
vt 0.378125 0.5484375
vt 0.378125 0.821875
vt 0.1890625 0.821875
vt 0.1890625 0.5484375
vn 1 0 0
vn -1 0 0
vn 0 1 0
vn 0 -1 0
vn 0 0 1
vn 0 0 -1
vn 1 0 0
vn -1 0 0
vn 0 1 0
vn 0 -1 0
vn 0 0 1
vn 0 0 -1
vn 1 0 0
vn -1 0 0
vn 0 1 0
vn 0 -1 0
vn 0 0 1
vn 0 0 -1
vn 1 0 0
vn -1 0 0
vn 0 1 0
vn 0 -1 0
vn 0 0 1
vn 0 0 -1
vn 1 0 0
vn -1 0 0
vn 0 1 0
vn 0 -1 0
vn 0 0 1
vn 0 0 -1
vn 1 0 0
vn -1 0 0
vn 0 1 0
vn 0 -1 0
vn 0 0 1
vn 0 0 -1
vn 1 0 0
vn -1 0 0
vn 0 1 0
vn 0 -1 0
vn 0 0 1
vn 0 0 -1
vn 0 0 1
vn 0 0 1
vn 0 0 1
usemtl m_cc4cbd32-c453-a4c6-e794-5e5fa231e7f1
f 256/669/168 254/670/168 253/671/168
f 256/669/168 253/671/168 255/672/168
f 259/673/169 257/674/169 258/675/169
f 259/673/169 258/675/169 260/676/169
usemtl m_95e20f84-55bb-7186-f91a-586499bd637e
f 253/677/170 254/678/170 258/679/170
f 253/677/170 258/679/170 257/680/170
f 256/681/171 255/682/171 259/683/171
f 256/681/171 259/683/171 260/684/171
f 255/685/172 253/686/172 257/687/172
f 255/685/172 257/687/172 259/688/172
usemtl m_cc4cbd32-c453-a4c6-e794-5e5fa231e7f1
f 260/689/173 258/690/173 254/691/173
f 260/689/173 254/691/173 256/692/173
f 264/693/174 262/694/174 261/695/174
f 264/693/174 261/695/174 263/696/174
usemtl m_95e20f84-55bb-7186-f91a-586499bd637e
f 267/697/175 265/698/175 266/699/175
f 267/697/175 266/699/175 268/700/175
f 261/701/176 262/702/176 266/703/176
f 261/701/176 266/703/176 265/704/176
usemtl m_cc4cbd32-c453-a4c6-e794-5e5fa231e7f1
f 264/705/177 263/706/177 267/707/177
f 264/705/177 267/707/177 268/708/177
usemtl m_95e20f84-55bb-7186-f91a-586499bd637e
f 263/709/178 261/710/178 265/711/178
f 263/709/178 265/711/178 267/712/178
usemtl m_cc4cbd32-c453-a4c6-e794-5e5fa231e7f1
f 268/713/179 266/714/179 262/715/179
f 268/713/179 262/715/179 264/716/179
f 272/717/180 270/718/180 269/719/180
f 272/717/180 269/719/180 271/720/180
f 275/721/181 273/722/181 274/723/181
f 275/721/181 274/723/181 276/724/181
f 269/725/182 270/726/182 274/727/182
f 269/725/182 274/727/182 273/728/182
f 272/729/183 271/730/183 275/731/183
f 272/729/183 275/731/183 276/732/183
usemtl m_f59e3bac-8fcc-890c-63e5-9d78c1a9e541
f 271/733/184 269/734/184 273/735/184
f 271/733/184 273/735/184 275/736/184
usemtl m_cc4cbd32-c453-a4c6-e794-5e5fa231e7f1
f 276/737/185 274/738/185 270/739/185
f 276/737/185 270/739/185 272/740/185
f 280/741/186 278/742/186 277/743/186
f 280/741/186 277/743/186 279/744/186
usemtl m_95e20f84-55bb-7186-f91a-586499bd637e
f 283/745/187 281/746/187 282/747/187
f 283/745/187 282/747/187 284/748/187
usemtl m_cc4cbd32-c453-a4c6-e794-5e5fa231e7f1
f 277/749/188 278/750/188 282/751/188
f 277/749/188 282/751/188 281/752/188
usemtl m_95e20f84-55bb-7186-f91a-586499bd637e
f 280/753/189 279/754/189 283/755/189
f 280/753/189 283/755/189 284/756/189
f 279/757/190 277/758/190 281/759/190
f 279/757/190 281/759/190 283/760/190
usemtl m_cc4cbd32-c453-a4c6-e794-5e5fa231e7f1
f 284/761/191 282/762/191 278/763/191
f 284/761/191 278/763/191 280/764/191
usemtl m_95e20f84-55bb-7186-f91a-586499bd637e
f 288/765/192 286/766/192 285/767/192
f 288/765/192 285/767/192 287/768/192
f 291/769/193 289/770/193 290/771/193
f 291/769/193 290/771/193 292/772/193
f 285/773/194 286/774/194 290/775/194
f 285/773/194 290/775/194 289/776/194
f 288/777/195 287/778/195 291/779/195
f 288/777/195 291/779/195 292/780/195
f 287/781/196 285/782/196 289/783/196
f 287/781/196 289/783/196 291/784/196
f 292/785/197 290/786/197 286/787/197
f 292/785/197 286/787/197 288/788/197
usemtl m_cc4cbd32-c453-a4c6-e794-5e5fa231e7f1
f 296/789/198 294/790/198 293/791/198
f 296/789/198 293/791/198 295/792/198
usemtl m_95e20f84-55bb-7186-f91a-586499bd637e
f 299/793/199 297/794/199 298/795/199
f 299/793/199 298/795/199 300/796/199
f 293/797/200 294/798/200 298/799/200
f 293/797/200 298/799/200 297/800/200
f 296/801/201 295/802/201 299/803/201
f 296/801/201 299/803/201 300/804/201
f 295/805/202 293/806/202 297/807/202
f 295/805/202 297/807/202 299/808/202
f 300/809/203 298/810/203 294/811/203
f 300/809/203 294/811/203 296/812/203
usemtl m_cc4cbd32-c453-a4c6-e794-5e5fa231e7f1
f 304/813/204 302/814/204 301/815/204
f 304/813/204 301/815/204 303/816/204
f 307/817/205 305/818/205 306/819/205
f 307/817/205 306/819/205 308/820/205
f 301/821/206 302/822/206 306/823/206
f 301/821/206 306/823/206 305/824/206
f 304/825/207 303/826/207 307/827/207
f 304/825/207 307/827/207 308/828/207
usemtl m_95e20f84-55bb-7186-f91a-586499bd637e
f 303/829/208 301/830/208 305/831/208
f 303/829/208 305/831/208 307/832/208
usemtl m_cc4cbd32-c453-a4c6-e794-5e5fa231e7f1
f 308/833/209 306/834/209 302/835/209
f 308/833/209 302/835/209 304/836/209
usemtl m_5d5883d9-976c-ac80-69a5-93df38894dc9
f 309/837/210 310/838/210 312/839/210
f 309/837/210 312/839/210 311/840/210
f 313/841/211 314/842/211 316/843/211
f 313/841/211 316/843/211 315/844/211
f 317/845/212 318/846/212 320/847/212
f 317/845/212 320/847/212 319/848/212
o r_eb
v 0.5 1.9375 -0.3125
v 0.5 1.9375 -0.375
v 0.5 0.25 -0.3125
v 0.5 0.25 -0.375
v 0.4375 1.9375 -0.3125
v 0.4375 1.9375 -0.375
v 0.4375 0.25 -0.3125
v 0.4375 0.25 -0.375
v 0.5 2 -0.3125
v 0.5 2 -0.375
v 0.5 1.9375 -0.3125
v 0.5 1.9375 -0.375
v 0 2 -0.3125
v 0 2 -0.375
v 0 1.9375 -0.3125
v 0 1.9375 -0.375
v 0.5 0.1875 -0.3125
v 0.5 0.1875 -0.375
v 0.5 0 -0.3125
v 0.5 0 -0.375
v 0 0.1875 -0.3125
v 0 0.1875 -0.375
v 0 0 -0.3125
v 0 0 -0.375
v 0.5 0.25 -0.3125
v 0.5 0.25 -0.375
v 0.5 0.1875 -0.3125
v 0.5 0.1875 -0.375
v 0 0.25 -0.3125
v 0 0.25 -0.375
v 0 0.1875 -0.3125
v 0 0.1875 -0.375
v 0.0625 1.9375 -0.3125
v 0.0625 1.9375 -0.375
v 0.0625 0.25 -0.3125
v 0.0625 0.25 -0.375
v 0 1.9375 -0.3125
v 0 1.9375 -0.375
v 0 0.25 -0.3125
v 0 0.25 -0.375
vt 0 0
vt 0 1
vt 0.0625 1
vt 0.0625 0
vt 0 0
vt 0 1
vt 0.0625 1
vt 0.0625 0
vt 0 0.9375
vt 0 1
vt 0.0625 1
vt 0.0625 0.9375
vt 0 0.9375
vt 0 1
vt 0.0625 1
vt 0.0625 0.9375
vt 0 0
vt 0 1
vt 0.0625 1
vt 0.0625 0
vt 0 0
vt 0 1
vt 0.0625 1
vt 0.0625 0
vt 0 0.9375
vt 0 1
vt 0.0625 1
vt 0.0625 0.9375
vt 0 0.9375
vt 0 1
vt 0.0625 1
vt 0.0625 0.9375
vt 0 0.9375
vt 0 1
vt 0.5 1
vt 0.5 0.9375
vt 0 0.9375
vt 0 1
vt 0.5 1
vt 0.5 0.9375
vt 0 0.9375
vt 0 1
vt 0.5 1
vt 0.5 0.9375
vt 0 0.9375
vt 0 1
vt 0.5 1
vt 0.5 0.9375
vt 0 0.8125
vt 0 1
vt 0.0625 1
vt 0.0625 0.8125
vt 0 0.8125
vt 0 1
vt 0.0625 1
vt 0.0625 0.8125
vt 0 0.9375
vt 0 1
vt 0.5 1
vt 0.5 0.9375
vt 0 0.9375
vt 0 1
vt 0.5 1
vt 0.5 0.9375
vt 0 0.8125
vt 0 1
vt 0.5 1
vt 0.5 0.8125
vt 0 0.8125
vt 0 1
vt 0.5 1
vt 0.5 0.8125
vt 0 0.9375
vt 0 1
vt 0.0625 1
vt 0.0625 0.9375
vt 0 0.9375
vt 0 1
vt 0.0625 1
vt 0.0625 0.9375
vt 0 0.9375
vt 0 1
vt 0.5 1
vt 0.5 0.9375
vt 0 0.9375
vt 0 1
vt 0.5 1
vt 0.5 0.9375
vt 0 0.9375
vt 0 1
vt 0.5 1
vt 0.5 0.9375
vt 0 0.9375
vt 0 1
vt 0.5 1
vt 0.5 0.9375
vt 0 0
vt 0 1
vt 0.0625 1
vt 0.0625 0
vt 0 0
vt 0 1
vt 0.0625 1
vt 0.0625 0
vt 0 0.9375
vt 0 1
vt 0.0625 1
vt 0.0625 0.9375
vt 0 0.9375
vt 0 1
vt 0.0625 1
vt 0.0625 0.9375
vt 0 0
vt 0 1
vt 0.0625 1
vt 0.0625 0
vt 0 0
vt 0 1
vt 0.0625 1
vt 0.0625 0
vn 1 0 0
vn -1 0 0
vn 0 1 0
vn 0 -1 0
vn 0 0 1
vn 0 0 -1
vn 1 0 0
vn -1 0 0
vn 0 1 0
vn 0 -1 0
vn 0 0 1
vn 0 0 -1
vn 1 0 0
vn -1 0 0
vn 0 1 0
vn 0 -1 0
vn 0 0 1
vn 0 0 -1
vn 1 0 0
vn -1 0 0
vn 0 1 0
vn 0 -1 0
vn 0 0 1
vn 0 0 -1
vn 1 0 0
vn -1 0 0
vn 0 1 0
vn 0 -1 0
vn 0 0 1
vn 0 0 -1
usemtl m_cc4cbd32-c453-a4c6-e794-5e5fa231e7f1
f 324/849/213 322/850/213 321/851/213
f 324/849/213 321/851/213 323/852/213
f 327/853/214 325/854/214 326/855/214
f 327/853/214 326/855/214 328/856/214
usemtl m_95e20f84-55bb-7186-f91a-586499bd637e
f 321/857/215 322/858/215 326/859/215
f 321/857/215 326/859/215 325/860/215
f 324/861/216 323/862/216 327/863/216
f 324/861/216 327/863/216 328/864/216
f 323/865/217 321/866/217 325/867/217
f 323/865/217 325/867/217 327/868/217
usemtl m_cc4cbd32-c453-a4c6-e794-5e5fa231e7f1
f 328/869/218 326/870/218 322/871/218
f 328/869/218 322/871/218 324/872/218
f 332/873/219 330/874/219 329/875/219
f 332/873/219 329/875/219 331/876/219
f 335/877/220 333/878/220 334/879/220
f 335/877/220 334/879/220 336/880/220
usemtl m_95e20f84-55bb-7186-f91a-586499bd637e
f 329/881/221 330/882/221 334/883/221
f 329/881/221 334/883/221 333/884/221
usemtl m_cc4cbd32-c453-a4c6-e794-5e5fa231e7f1
f 332/885/222 331/886/222 335/887/222
f 332/885/222 335/887/222 336/888/222
usemtl m_95e20f84-55bb-7186-f91a-586499bd637e
f 331/889/223 329/890/223 333/891/223
f 331/889/223 333/891/223 335/892/223
usemtl m_cc4cbd32-c453-a4c6-e794-5e5fa231e7f1
f 336/893/224 334/894/224 330/895/224
f 336/893/224 330/895/224 332/896/224
f 340/897/225 338/898/225 337/899/225
f 340/897/225 337/899/225 339/900/225
f 343/901/226 341/902/226 342/903/226
f 343/901/226 342/903/226 344/904/226
f 337/905/227 338/906/227 342/907/227
f 337/905/227 342/907/227 341/908/227
f 340/909/228 339/910/228 343/911/228
f 340/909/228 343/911/228 344/912/228
usemtl m_f59e3bac-8fcc-890c-63e5-9d78c1a9e541
f 339/913/229 337/914/229 341/915/229
f 339/913/229 341/915/229 343/916/229
usemtl m_cc4cbd32-c453-a4c6-e794-5e5fa231e7f1
f 344/917/230 342/918/230 338/919/230
f 344/917/230 338/919/230 340/920/230
f 348/921/231 346/922/231 345/923/231
f 348/921/231 345/923/231 347/924/231
f 351/925/232 349/926/232 350/927/232
f 351/925/232 350/927/232 352/928/232
f 345/929/233 346/930/233 350/931/233
f 345/929/233 350/931/233 349/932/233
usemtl m_95e20f84-55bb-7186-f91a-586499bd637e
f 348/933/234 347/934/234 351/935/234
f 348/933/234 351/935/234 352/936/234
f 347/937/235 345/938/235 349/939/235
f 347/937/235 349/939/235 351/940/235
usemtl m_cc4cbd32-c453-a4c6-e794-5e5fa231e7f1
f 352/941/236 350/942/236 346/943/236
f 352/941/236 346/943/236 348/944/236
f 356/945/237 354/946/237 353/947/237
f 356/945/237 353/947/237 355/948/237
f 359/949/238 357/950/238 358/951/238
f 359/949/238 358/951/238 360/952/238
f 353/953/239 354/954/239 358/955/239
f 353/953/239 358/955/239 357/956/239
f 356/957/240 355/958/240 359/959/240
f 356/957/240 359/959/240 360/960/240
usemtl m_95e20f84-55bb-7186-f91a-586499bd637e
f 355/961/241 353/962/241 357/963/241
f 355/961/241 357/963/241 359/964/241
usemtl m_cc4cbd32-c453-a4c6-e794-5e5fa231e7f1
f 360/965/242 358/966/242 354/967/242
f 360/965/242 354/967/242 356/968/242
o g_rd
v 0.4375 2 -0.25
v 0.4375 2 -0.3125
v 0.4375 1.9375 -0.25
v 0.4375 1.9375 -0.3125
v 0 2 -0.25
v 0 2 -0.3125
v 0 1.9375 -0.25
v 0 1.9375 -0.3125
v 0.375 0.25 -0.25
v 0.375 0.25 -0.2515625
v 0.375 0.0625 -0.25
v 0.375 0.0625 -0.2515625
v 0 0.25 -0.25
v 0 0.25 -0.2515625
v 0 0.0625 -0.25
v 0 0.0625 -0.2515625
v 0.4375 0.3125 -0.25
v 0.4375 0.3125 -0.3125
v 0.4375 0.25 -0.25
v 0.4375 0.25 -0.3125
v 0 0.3125 -0.25
v 0 0.3125 -0.3125
v 0 0.25 -0.25
v 0 0.25 -0.3125
v 0.4375 0.0625 -0.25
v 0.4375 0.0625 -0.3125
v 0.4375 0 -0.25
v 0.4375 0 -0.3125
v 0 0.0625 -0.25
v 0 0.0625 -0.3125
v 0 0 -0.25
v 0 0 -0.3125
v 0.4375 1.9375 -0.25
v 0.4375 1.9375 -0.3125
v 0.4375 0.3125 -0.25
v 0.4375 0.3125 -0.3125
v 0.375 1.9375 -0.25
v 0.375 1.9375 -0.3125
v 0.375 0.3125 -0.25
v 0.375 0.3125 -0.3125
v 0.4375 0.25 -0.25
v 0.4375 0.25 -0.3125
v 0.4375 0.0625 -0.25
v 0.4375 0.0625 -0.3125
v 0.375 0.25 -0.25
v 0.375 0.25 -0.3125
v 0.375 0.0625 -0.25
v 0.375 0.0625 -0.3125
v 0.5 2 -0.25
v 0.5 2 -0.375
v 0.5 0 -0.25
v 0.5 0 -0.375
v 0.4375 2 -0.25
v 0.4375 2 -0.375
v 0.4375 0 -0.25
v 0.4375 0 -0.375
vt 0.0625 0.9375
vt 0.0625 1
vt 0 1
vt 0 0.9375
vt 0.0625 0.9375
vt 0.0625 1
vt 0 1
vt 0 0.9375
vt 0.4375 0.9375
vt 0.4375 1
vt 0 1
vt 0 0.9375
vt 0.4375 0.9375
vt 0.4375 1
vt 0 1
vt 0 0.9375
vt 0.4375 0.9375
vt 0.4375 1
vt 0 1
vt 0 0.9375
vt 0.4375 0.9375
vt 0.4375 1
vt 0 1
vt 0 0.9375
vt 0.0015625 0.8125
vt 0.0015625 1
vt 0 1
vt 0 0.8125
vt 0.0015625 0.8125
vt 0.0015625 1
vt 0 1
vt 0 0.8125
vt 0.375 0.9984375
vt 0.375 1
vt 0 1
vt 0 0.9984375
vt 0.375 0.9984375
vt 0.375 1
vt 0 1
vt 0 0.9984375
vt 0.375 0.8125
vt 0.375 1
vt 0 1
vt 0 0.8125
vt 0.375 0.8125
vt 0.375 1
vt 0 1
vt 0 0.8125
vt 0.0625 0.9375
vt 0.0625 1
vt 0 1
vt 0 0.9375
vt 0.0625 0.9375
vt 0.0625 1
vt 0 1
vt 0 0.9375
vt 0.4375 0.9375
vt 0.4375 1
vt 0 1
vt 0 0.9375
vt 0.4375 0.9375
vt 0.4375 1
vt 0 1
vt 0 0.9375
vt 0.4375 0.9375
vt 0.4375 1
vt 0 1
vt 0 0.9375
vt 0.4375 0.9375
vt 0.4375 1
vt 0 1
vt 0 0.9375
vt 0.0625 0.9375
vt 0.0625 1
vt 0 1
vt 0 0.9375
vt 0.0625 0.9375
vt 0.0625 1
vt 0 1
vt 0 0.9375
vt 0.4375 0.9375
vt 0.4375 1
vt 0 1
vt 0 0.9375
vt 0.4375 0.9375
vt 0.4375 1
vt 0 1
vt 0 0.9375
vt 0.4375 0.9375
vt 0.4375 1
vt 0 1
vt 0 0.9375
vt 0.4375 0.9375
vt 0.4375 1
vt 0 1
vt 0 0.9375
vt 0.0625 0
vt 0.0625 1
vt 0 1
vt 0 0
vt 0.0625 0
vt 0.0625 1
vt 0 1
vt 0 0
vt 0.0625 0.9375
vt 0.0625 1
vt 0 1
vt 0 0.9375
vt 0.0625 0.9375
vt 0.0625 1
vt 0 1
vt 0 0.9375
vt 0.0625 0
vt 0.0625 1
vt 0 1
vt 0 0
vt 0.0625 0
vt 0.0625 1
vt 0 1
vt 0 0
vt 0.0625 0.8125
vt 0.0625 1
vt 0 1
vt 0 0.8125
vt 0.0625 0.8125
vt 0.0625 1
vt 0 1
vt 0 0.8125
vt 0.0625 0.9375
vt 0.0625 1
vt 0 1
vt 0 0.9375
vt 0.0625 0.9375
vt 0.0625 1
vt 0 1
vt 0 0.9375
vt 0.0625 0.8125
vt 0.0625 1
vt 0 1
vt 0 0.8125
vt 0.0625 0.8125
vt 0.0625 1
vt 0 1
vt 0 0.8125
vt 0.125 0
vt 0.125 1
vt 0 1
vt 0 0
vt 0.125 0
vt 0.125 1
vt 0 1
vt 0 0
vt 0.0625 0.875
vt 0.0625 1
vt 0 1
vt 0 0.875
vt 0.0625 0.875
vt 0.0625 1
vt 0 1
vt 0 0.875
vt 0.0625 0
vt 0.0625 1
vt 0 1
vt 0 0
vt 0.0625 0
vt 0.0625 1
vt 0 1
vt 0 0
vn 1 0 0
vn -1 0 0
vn 0 1 0
vn 0 -1 0
vn 0 0 1
vn 0 0 -1
vn 1 0 0
vn -1 0 0
vn 0 1 0
vn 0 -1 0
vn 0 0 1
vn 0 0 -1
vn 1 0 0
vn -1 0 0
vn 0 1 0
vn 0 -1 0
vn 0 0 1
vn 0 0 -1
vn 1 0 0
vn -1 0 0
vn 0 1 0
vn 0 -1 0
vn 0 0 1
vn 0 0 -1
vn 1 0 0
vn -1 0 0
vn 0 1 0
vn 0 -1 0
vn 0 0 1
vn 0 0 -1
vn 1 0 0
vn -1 0 0
vn 0 1 0
vn 0 -1 0
vn 0 0 1
vn 0 0 -1
vn 1 0 0
vn -1 0 0
vn 0 1 0
vn 0 -1 0
vn 0 0 1
vn 0 0 -1
usemtl m_cc4cbd32-c453-a4c6-e794-5e5fa231e7f1
f 364/969/243 362/970/243 361/971/243
f 364/969/243 361/971/243 363/972/243
f 367/973/244 365/974/244 366/975/244
f 367/973/244 366/975/244 368/976/244
f 361/977/245 362/978/245 366/979/245
f 361/977/245 366/979/245 365/980/245
f 364/981/246 363/982/246 367/983/246
f 364/981/246 367/983/246 368/984/246
usemtl m_95e20f84-55bb-7186-f91a-586499bd637e
f 363/985/247 361/986/247 365/987/247
f 363/985/247 365/987/247 367/988/247
usemtl m_cc4cbd32-c453-a4c6-e794-5e5fa231e7f1
f 368/989/248 366/990/248 362/991/248
f 368/989/248 362/991/248 364/992/248
f 372/993/249 370/994/249 369/995/249
f 372/993/249 369/995/249 371/996/249
f 375/997/250 373/998/250 374/999/250
f 375/997/250 374/999/250 376/1000/250
f 369/1001/251 370/1002/251 374/1003/251
f 369/1001/251 374/1003/251 373/1004/251
f 372/1005/252 371/1006/252 375/1007/252
f 372/1005/252 375/1007/252 376/1008/252
usemtl m_f59e3bac-8fcc-890c-63e5-9d78c1a9e541
f 371/1009/253 369/1010/253 373/1011/253
f 371/1009/253 373/1011/253 375/1012/253
usemtl m_cc4cbd32-c453-a4c6-e794-5e5fa231e7f1
f 376/1013/254 374/1014/254 370/1015/254
f 376/1013/254 370/1015/254 372/1016/254
f 380/1017/255 378/1018/255 377/1019/255
f 380/1017/255 377/1019/255 379/1020/255
f 383/1021/256 381/1022/256 382/1023/256
f 383/1021/256 382/1023/256 384/1024/256
f 377/1025/257 378/1026/257 382/1027/257
f 377/1025/257 382/1027/257 381/1028/257
f 380/1029/258 379/1030/258 383/1031/258
f 380/1029/258 383/1031/258 384/1032/258
usemtl m_95e20f84-55bb-7186-f91a-586499bd637e
f 379/1033/259 377/1034/259 381/1035/259
f 379/1033/259 381/1035/259 383/1036/259
usemtl m_cc4cbd32-c453-a4c6-e794-5e5fa231e7f1
f 384/1037/260 382/1038/260 378/1039/260
f 384/1037/260 378/1039/260 380/1040/260
f 388/1041/261 386/1042/261 385/1043/261
f 388/1041/261 385/1043/261 387/1044/261
f 391/1045/262 389/1046/262 390/1047/262
f 391/1045/262 390/1047/262 392/1048/262
f 385/1049/263 386/1050/263 390/1051/263
f 385/1049/263 390/1051/263 389/1052/263
f 388/1053/264 387/1054/264 391/1055/264
f 388/1053/264 391/1055/264 392/1056/264
usemtl m_f59e3bac-8fcc-890c-63e5-9d78c1a9e541
f 387/1057/265 385/1058/265 389/1059/265
f 387/1057/265 389/1059/265 391/1060/265
usemtl m_cc4cbd32-c453-a4c6-e794-5e5fa231e7f1
f 392/1061/266 390/1062/266 386/1063/266
f 392/1061/266 386/1063/266 388/1064/266
f 396/1065/267 394/1066/267 393/1067/267
f 396/1065/267 393/1067/267 395/1068/267
f 399/1069/268 397/1070/268 398/1071/268
f 399/1069/268 398/1071/268 400/1072/268
f 393/1073/269 394/1074/269 398/1075/269
f 393/1073/269 398/1075/269 397/1076/269
f 396/1077/270 395/1078/270 399/1079/270
f 396/1077/270 399/1079/270 400/1080/270
usemtl m_95e20f84-55bb-7186-f91a-586499bd637e
f 395/1081/271 393/1082/271 397/1083/271
f 395/1081/271 397/1083/271 399/1084/271
usemtl m_cc4cbd32-c453-a4c6-e794-5e5fa231e7f1
f 400/1085/272 398/1086/272 394/1087/272
f 400/1085/272 394/1087/272 396/1088/272
f 404/1089/273 402/1090/273 401/1091/273
f 404/1089/273 401/1091/273 403/1092/273
f 407/1093/274 405/1094/274 406/1095/274
f 407/1093/274 406/1095/274 408/1096/274
f 401/1097/275 402/1098/275 406/1099/275
f 401/1097/275 406/1099/275 405/1100/275
f 404/1101/276 403/1102/276 407/1103/276
f 404/1101/276 407/1103/276 408/1104/276
usemtl m_f59e3bac-8fcc-890c-63e5-9d78c1a9e541
f 403/1105/277 401/1106/277 405/1107/277
f 403/1105/277 405/1107/277 407/1108/277
usemtl m_cc4cbd32-c453-a4c6-e794-5e5fa231e7f1
f 408/1109/278 406/1110/278 402/1111/278
f 408/1109/278 402/1111/278 404/1112/278
f 412/1113/279 410/1114/279 409/1115/279
f 412/1113/279 409/1115/279 411/1116/279
f 415/1117/280 413/1118/280 414/1119/280
f 415/1117/280 414/1119/280 416/1120/280
f 409/1121/281 410/1122/281 414/1123/281
f 409/1121/281 414/1123/281 413/1124/281
f 412/1125/282 411/1126/282 415/1127/282
f 412/1125/282 415/1127/282 416/1128/282
f 411/1129/283 409/1130/283 413/1131/283
f 411/1129/283 413/1131/283 415/1132/283
f 416/1133/284 414/1134/284 410/1135/284
f 416/1133/284 410/1135/284 412/1136/284
o g_ld
v 0 2 -0.25
v 0 2 -0.3125
v 0 1.9375 -0.25
v 0 1.9375 -0.3125
v -0.4375 2 -0.25
v -0.4375 2 -0.3125
v -0.4375 1.9375 -0.25
v -0.4375 1.9375 -0.3125
v 0 0.25 -0.25
v 0 0.25 -0.2515625
v 0 0.0625 -0.25
v 0 0.0625 -0.2515625
v -0.375 0.25 -0.25
v -0.375 0.25 -0.2515625
v -0.375 0.0625 -0.25
v -0.375 0.0625 -0.2515625
v 0 0.3125 -0.25
v 0 0.3125 -0.3125
v 0 0.25 -0.25
v 0 0.25 -0.3125
v -0.4375 0.3125 -0.25
v -0.4375 0.3125 -0.3125
v -0.4375 0.25 -0.25
v -0.4375 0.25 -0.3125
v 0 0.0625 -0.25
v 0 0.0625 -0.3125
v 0 0 -0.25
v 0 0 -0.3125
v -0.4375 0.0625 -0.25
v -0.4375 0.0625 -0.3125
v -0.4375 0 -0.25
v -0.4375 0 -0.3125
v -0.375 1.9375 -0.25
v -0.375 1.9375 -0.3125
v -0.375 0.3125 -0.25
v -0.375 0.3125 -0.3125
v -0.4375 1.9375 -0.25
v -0.4375 1.9375 -0.3125
v -0.4375 0.3125 -0.25
v -0.4375 0.3125 -0.3125
v -0.375 0.25 -0.25
v -0.375 0.25 -0.3125
v -0.375 0.0625 -0.25
v -0.375 0.0625 -0.3125
v -0.4375 0.25 -0.25
v -0.4375 0.25 -0.3125
v -0.4375 0.0625 -0.25
v -0.4375 0.0625 -0.3125
v -0.4375 2 -0.25
v -0.4375 2 -0.375
v -0.4375 0 -0.25
v -0.4375 0 -0.375
v -0.5 2 -0.25
v -0.5 2 -0.375
v -0.5 0 -0.25
v -0.5 0 -0.375
vt 0.125 0.9375
vt 0.125 1
vt 0.0625 1
vt 0.0625 0.9375
vt 0.125 0.9375
vt 0.125 1
vt 0.0625 1
vt 0.0625 0.9375
vt 0.875 0.9375
vt 0.875 1
vt 0.4375 1
vt 0.4375 0.9375
vt 0.875 0.9375
vt 0.875 1
vt 0.4375 1
vt 0.4375 0.9375
vt 0.875 0.9375
vt 0.875 1
vt 0.4375 1
vt 0.4375 0.9375
vt 0.875 0.9375
vt 0.875 1
vt 0.4375 1
vt 0.4375 0.9375
vt 0.003125 0.8125
vt 0.003125 1
vt 0.0015625 1
vt 0.0015625 0.8125
vt 0.003125 0.8125
vt 0.003125 1
vt 0.0015625 1
vt 0.0015625 0.8125
vt 0.75 0.9984375
vt 0.75 1
vt 0.375 1
vt 0.375 0.9984375
vt 0.75 0.9984375
vt 0.75 1
vt 0.375 1
vt 0.375 0.9984375
vt 0.75 0.8125
vt 0.75 1
vt 0.375 1
vt 0.375 0.8125
vt 0.75 0.8125
vt 0.75 1
vt 0.375 1
vt 0.375 0.8125
vt 0.125 0.9375
vt 0.125 1
vt 0.0625 1
vt 0.0625 0.9375
vt 0.125 0.9375
vt 0.125 1
vt 0.0625 1
vt 0.0625 0.9375
vt 0.875 0.9375
vt 0.875 1
vt 0.4375 1
vt 0.4375 0.9375
vt 0.875 0.9375
vt 0.875 1
vt 0.4375 1
vt 0.4375 0.9375
vt 0.875 0.9375
vt 0.875 1
vt 0.4375 1
vt 0.4375 0.9375
vt 0.875 0.9375
vt 0.875 1
vt 0.4375 1
vt 0.4375 0.9375
vt 0.125 0.9375
vt 0.125 1
vt 0.0625 1
vt 0.0625 0.9375
vt 0.125 0.9375
vt 0.125 1
vt 0.0625 1
vt 0.0625 0.9375
vt 0.875 0.9375
vt 0.875 1
vt 0.4375 1
vt 0.4375 0.9375
vt 0.875 0.9375
vt 0.875 1
vt 0.4375 1
vt 0.4375 0.9375
vt 0.875 0.9375
vt 0.875 1
vt 0.4375 1
vt 0.4375 0.9375
vt 0.875 0.9375
vt 0.875 1
vt 0.4375 1
vt 0.4375 0.9375
vt 0.125 0
vt 0.125 1
vt 0.0625 1
vt 0.0625 0
vt 0.125 0
vt 0.125 1
vt 0.0625 1
vt 0.0625 0
vt 0.125 0.9375
vt 0.125 1
vt 0.0625 1
vt 0.0625 0.9375
vt 0.125 0.9375
vt 0.125 1
vt 0.0625 1
vt 0.0625 0.9375
vt 0.125 0
vt 0.125 1
vt 0.0625 1
vt 0.0625 0
vt 0.125 0
vt 0.125 1
vt 0.0625 1
vt 0.0625 0
vt 0.125 0.8125
vt 0.125 1
vt 0.0625 1
vt 0.0625 0.8125
vt 0.125 0.8125
vt 0.125 1
vt 0.0625 1
vt 0.0625 0.8125
vt 0.125 0.9375
vt 0.125 1
vt 0.0625 1
vt 0.0625 0.9375
vt 0.125 0.9375
vt 0.125 1
vt 0.0625 1
vt 0.0625 0.9375
vt 0.125 0.8125
vt 0.125 1
vt 0.0625 1
vt 0.0625 0.8125
vt 0.125 0.8125
vt 0.125 1
vt 0.0625 1
vt 0.0625 0.8125
vt 0.25 0
vt 0.25 1
vt 0.125 1
vt 0.125 0
vt 0.25 0
vt 0.25 1
vt 0.125 1
vt 0.125 0
vt 0.125 0.875
vt 0.125 1
vt 0.0625 1
vt 0.0625 0.875
vt 0.125 0.875
vt 0.125 1
vt 0.0625 1
vt 0.0625 0.875
vt 0.125 0
vt 0.125 1
vt 0.0625 1
vt 0.0625 0
vt 0.125 0
vt 0.125 1
vt 0.0625 1
vt 0.0625 0
vn 1 0 0
vn -1 0 0
vn 0 1 0
vn 0 -1 0
vn 0 0 1
vn 0 0 -1
vn 1 0 0
vn -1 0 0
vn 0 1 0
vn 0 -1 0
vn 0 0 1
vn 0 0 -1
vn 1 0 0
vn -1 0 0
vn 0 1 0
vn 0 -1 0
vn 0 0 1
vn 0 0 -1
vn 1 0 0
vn -1 0 0
vn 0 1 0
vn 0 -1 0
vn 0 0 1
vn 0 0 -1
vn 1 0 0
vn -1 0 0
vn 0 1 0
vn 0 -1 0
vn 0 0 1
vn 0 0 -1
vn 1 0 0
vn -1 0 0
vn 0 1 0
vn 0 -1 0
vn 0 0 1
vn 0 0 -1
vn 1 0 0
vn -1 0 0
vn 0 1 0
vn 0 -1 0
vn 0 0 1
vn 0 0 -1
usemtl m_cc4cbd32-c453-a4c6-e794-5e5fa231e7f1
f 420/1137/285 418/1138/285 417/1139/285
f 420/1137/285 417/1139/285 419/1140/285
f 423/1141/286 421/1142/286 422/1143/286
f 423/1141/286 422/1143/286 424/1144/286
f 417/1145/287 418/1146/287 422/1147/287
f 417/1145/287 422/1147/287 421/1148/287
f 420/1149/288 419/1150/288 423/1151/288
f 420/1149/288 423/1151/288 424/1152/288
usemtl m_95e20f84-55bb-7186-f91a-586499bd637e
f 419/1153/289 417/1154/289 421/1155/289
f 419/1153/289 421/1155/289 423/1156/289
usemtl m_cc4cbd32-c453-a4c6-e794-5e5fa231e7f1
f 424/1157/290 422/1158/290 418/1159/290
f 424/1157/290 418/1159/290 420/1160/290
f 428/1161/291 426/1162/291 425/1163/291
f 428/1161/291 425/1163/291 427/1164/291
f 431/1165/292 429/1166/292 430/1167/292
f 431/1165/292 430/1167/292 432/1168/292
f 425/1169/293 426/1170/293 430/1171/293
f 425/1169/293 430/1171/293 429/1172/293
f 428/1173/294 427/1174/294 431/1175/294
f 428/1173/294 431/1175/294 432/1176/294
usemtl m_f59e3bac-8fcc-890c-63e5-9d78c1a9e541
f 427/1177/295 425/1178/295 429/1179/295
f 427/1177/295 429/1179/295 431/1180/295
usemtl m_cc4cbd32-c453-a4c6-e794-5e5fa231e7f1
f 432/1181/296 430/1182/296 426/1183/296
f 432/1181/296 426/1183/296 428/1184/296
f 436/1185/297 434/1186/297 433/1187/297
f 436/1185/297 433/1187/297 435/1188/297
f 439/1189/298 437/1190/298 438/1191/298
f 439/1189/298 438/1191/298 440/1192/298
f 433/1193/299 434/1194/299 438/1195/299
f 433/1193/299 438/1195/299 437/1196/299
f 436/1197/300 435/1198/300 439/1199/300
f 436/1197/300 439/1199/300 440/1200/300
usemtl m_95e20f84-55bb-7186-f91a-586499bd637e
f 435/1201/301 433/1202/301 437/1203/301
f 435/1201/301 437/1203/301 439/1204/301
usemtl m_cc4cbd32-c453-a4c6-e794-5e5fa231e7f1
f 440/1205/302 438/1206/302 434/1207/302
f 440/1205/302 434/1207/302 436/1208/302
f 444/1209/303 442/1210/303 441/1211/303
f 444/1209/303 441/1211/303 443/1212/303
f 447/1213/304 445/1214/304 446/1215/304
f 447/1213/304 446/1215/304 448/1216/304
f 441/1217/305 442/1218/305 446/1219/305
f 441/1217/305 446/1219/305 445/1220/305
f 444/1221/306 443/1222/306 447/1223/306
f 444/1221/306 447/1223/306 448/1224/306
usemtl m_f59e3bac-8fcc-890c-63e5-9d78c1a9e541
f 443/1225/307 441/1226/307 445/1227/307
f 443/1225/307 445/1227/307 447/1228/307
usemtl m_cc4cbd32-c453-a4c6-e794-5e5fa231e7f1
f 448/1229/308 446/1230/308 442/1231/308
f 448/1229/308 442/1231/308 444/1232/308
f 452/1233/309 450/1234/309 449/1235/309
f 452/1233/309 449/1235/309 451/1236/309
f 455/1237/310 453/1238/310 454/1239/310
f 455/1237/310 454/1239/310 456/1240/310
f 449/1241/311 450/1242/311 454/1243/311
f 449/1241/311 454/1243/311 453/1244/311
f 452/1245/312 451/1246/312 455/1247/312
f 452/1245/312 455/1247/312 456/1248/312
usemtl m_95e20f84-55bb-7186-f91a-586499bd637e
f 451/1249/313 449/1250/313 453/1251/313
f 451/1249/313 453/1251/313 455/1252/313
usemtl m_cc4cbd32-c453-a4c6-e794-5e5fa231e7f1
f 456/1253/314 454/1254/314 450/1255/314
f 456/1253/314 450/1255/314 452/1256/314
f 460/1257/315 458/1258/315 457/1259/315
f 460/1257/315 457/1259/315 459/1260/315
f 463/1261/316 461/1262/316 462/1263/316
f 463/1261/316 462/1263/316 464/1264/316
f 457/1265/317 458/1266/317 462/1267/317
f 457/1265/317 462/1267/317 461/1268/317
f 460/1269/318 459/1270/318 463/1271/318
f 460/1269/318 463/1271/318 464/1272/318
usemtl m_f59e3bac-8fcc-890c-63e5-9d78c1a9e541
f 459/1273/319 457/1274/319 461/1275/319
f 459/1273/319 461/1275/319 463/1276/319
usemtl m_cc4cbd32-c453-a4c6-e794-5e5fa231e7f1
f 464/1277/320 462/1278/320 458/1279/320
f 464/1277/320 458/1279/320 460/1280/320
f 468/1281/321 466/1282/321 465/1283/321
f 468/1281/321 465/1283/321 467/1284/321
f 471/1285/322 469/1286/322 470/1287/322
f 471/1285/322 470/1287/322 472/1288/322
f 465/1289/323 466/1290/323 470/1291/323
f 465/1289/323 470/1291/323 469/1292/323
f 468/1293/324 467/1294/324 471/1295/324
f 468/1293/324 471/1295/324 472/1296/324
f 467/1297/325 465/1298/325 469/1299/325
f 467/1297/325 469/1299/325 471/1300/325
f 472/1301/326 470/1302/326 466/1303/326
f 472/1301/326 466/1303/326 468/1304/326
o g_lg
v 0 2 -0.25
v 0 2 -0.3125
v 0 1.9375 -0.25
v 0 1.9375 -0.3125
v -0.5 2 -0.25
v -0.5 2 -0.3125
v -0.5 1.9375 -0.25
v -0.5 1.9375 -0.3125
v 0 0.25 -0.25
v 0 0.25 -0.2515625
v 0 0.0625 -0.25
v 0 0.0625 -0.2515625
v -0.5 0.25 -0.25
v -0.5 0.25 -0.2515625
v -0.5 0.0625 -0.25
v -0.5 0.0625 -0.2515625
v 0 0.3125 -0.25
v 0 0.3125 -0.3125
v 0 0.25 -0.25
v 0 0.25 -0.3125
v -0.5 0.3125 -0.25
v -0.5 0.3125 -0.3125
v -0.5 0.25 -0.25
v -0.5 0.25 -0.3125
v 0 0.0625 -0.25
v 0 0.0625 -0.3125
v 0 0 -0.25
v 0 0 -0.3125
v -0.5 0.0625 -0.25
v -0.5 0.0625 -0.3125
v -0.5 0 -0.25
v -0.5 0 -0.3125
vt 0.125 0.9375
vt 0.125 1
vt 0.0625 1
vt 0.0625 0.9375
vt 0.125 0.9375
vt 0.125 1
vt 0.0625 1
vt 0.0625 0.9375
vt 0.9375 0.9375
vt 0.9375 1
vt 0.4375 1
vt 0.4375 0.9375
vt 0.9375 0.9375
vt 0.9375 1
vt 0.4375 1
vt 0.4375 0.9375
vt 0.9375 0.9375
vt 0.9375 1
vt 0.4375 1
vt 0.4375 0.9375
vt 0.9375 0.9375
vt 0.9375 1
vt 0.4375 1
vt 0.4375 0.9375
vt 0.003125 0.8125
vt 0.003125 1
vt 0.0015625 1
vt 0.0015625 0.8125
vt 0.003125 0.8125
vt 0.003125 1
vt 0.0015625 1
vt 0.0015625 0.8125
vt 0.875 0.9984375
vt 0.875 1
vt 0.375 1
vt 0.375 0.9984375
vt 0.875 0.9984375
vt 0.875 1
vt 0.375 1
vt 0.375 0.9984375
vt 0.875 0.8125
vt 0.875 1
vt 0.375 1
vt 0.375 0.8125
vt 0.875 0.8125
vt 0.875 1
vt 0.375 1
vt 0.375 0.8125
vt 0.125 0.9375
vt 0.125 1
vt 0.0625 1
vt 0.0625 0.9375
vt 0.125 0.9375
vt 0.125 1
vt 0.0625 1
vt 0.0625 0.9375
vt 0.9375 0.9375
vt 0.9375 1
vt 0.4375 1
vt 0.4375 0.9375
vt 0.9375 0.9375
vt 0.9375 1
vt 0.4375 1
vt 0.4375 0.9375
vt 0.9375 0.9375
vt 0.9375 1
vt 0.4375 1
vt 0.4375 0.9375
vt 0.9375 0.9375
vt 0.9375 1
vt 0.4375 1
vt 0.4375 0.9375
vt 0.125 0.9375
vt 0.125 1
vt 0.0625 1
vt 0.0625 0.9375
vt 0.125 0.9375
vt 0.125 1
vt 0.0625 1
vt 0.0625 0.9375
vt 0.9375 0.9375
vt 0.9375 1
vt 0.4375 1
vt 0.4375 0.9375
vt 0.9375 0.9375
vt 0.9375 1
vt 0.4375 1
vt 0.4375 0.9375
vt 0.9375 0.9375
vt 0.9375 1
vt 0.4375 1
vt 0.4375 0.9375
vt 0.9375 0.9375
vt 0.9375 1
vt 0.4375 1
vt 0.4375 0.9375
vn 1 0 0
vn -1 0 0
vn 0 1 0
vn 0 -1 0
vn 0 0 1
vn 0 0 -1
vn 1 0 0
vn -1 0 0
vn 0 1 0
vn 0 -1 0
vn 0 0 1
vn 0 0 -1
vn 1 0 0
vn -1 0 0
vn 0 1 0
vn 0 -1 0
vn 0 0 1
vn 0 0 -1
vn 1 0 0
vn -1 0 0
vn 0 1 0
vn 0 -1 0
vn 0 0 1
vn 0 0 -1
usemtl m_cc4cbd32-c453-a4c6-e794-5e5fa231e7f1
f 476/1305/327 474/1306/327 473/1307/327
f 476/1305/327 473/1307/327 475/1308/327
f 479/1309/328 477/1310/328 478/1311/328
f 479/1309/328 478/1311/328 480/1312/328
f 473/1313/329 474/1314/329 478/1315/329
f 473/1313/329 478/1315/329 477/1316/329
f 476/1317/330 475/1318/330 479/1319/330
f 476/1317/330 479/1319/330 480/1320/330
usemtl m_95e20f84-55bb-7186-f91a-586499bd637e
f 475/1321/331 473/1322/331 477/1323/331
f 475/1321/331 477/1323/331 479/1324/331
usemtl m_cc4cbd32-c453-a4c6-e794-5e5fa231e7f1
f 480/1325/332 478/1326/332 474/1327/332
f 480/1325/332 474/1327/332 476/1328/332
f 484/1329/333 482/1330/333 481/1331/333
f 484/1329/333 481/1331/333 483/1332/333
f 487/1333/334 485/1334/334 486/1335/334
f 487/1333/334 486/1335/334 488/1336/334
f 481/1337/335 482/1338/335 486/1339/335
f 481/1337/335 486/1339/335 485/1340/335
f 484/1341/336 483/1342/336 487/1343/336
f 484/1341/336 487/1343/336 488/1344/336
usemtl m_f59e3bac-8fcc-890c-63e5-9d78c1a9e541
f 483/1345/337 481/1346/337 485/1347/337
f 483/1345/337 485/1347/337 487/1348/337
usemtl m_cc4cbd32-c453-a4c6-e794-5e5fa231e7f1
f 488/1349/338 486/1350/338 482/1351/338
f 488/1349/338 482/1351/338 484/1352/338
f 492/1353/339 490/1354/339 489/1355/339
f 492/1353/339 489/1355/339 491/1356/339
f 495/1357/340 493/1358/340 494/1359/340
f 495/1357/340 494/1359/340 496/1360/340
f 489/1361/341 490/1362/341 494/1363/341
f 489/1361/341 494/1363/341 493/1364/341
f 492/1365/342 491/1366/342 495/1367/342
f 492/1365/342 495/1367/342 496/1368/342
usemtl m_95e20f84-55bb-7186-f91a-586499bd637e
f 491/1369/343 489/1370/343 493/1371/343
f 491/1369/343 493/1371/343 495/1372/343
usemtl m_cc4cbd32-c453-a4c6-e794-5e5fa231e7f1
f 496/1373/344 494/1374/344 490/1375/344
f 496/1373/344 490/1375/344 492/1376/344
f 500/1377/345 498/1378/345 497/1379/345
f 500/1377/345 497/1379/345 499/1380/345
f 503/1381/346 501/1382/346 502/1383/346
f 503/1381/346 502/1383/346 504/1384/346
f 497/1385/347 498/1386/347 502/1387/347
f 497/1385/347 502/1387/347 501/1388/347
f 500/1389/348 499/1390/348 503/1391/348
f 500/1389/348 503/1391/348 504/1392/348
usemtl m_f59e3bac-8fcc-890c-63e5-9d78c1a9e541
f 499/1393/349 497/1394/349 501/1395/349
f 499/1393/349 501/1395/349 503/1396/349
usemtl m_cc4cbd32-c453-a4c6-e794-5e5fa231e7f1
f 504/1397/350 502/1398/350 498/1399/350
f 504/1397/350 498/1399/350 500/1400/350
o g_rg
v 0.5 2 -0.25
v 0.5 2 -0.3125
v 0.5 1.9375 -0.25
v 0.5 1.9375 -0.3125
v 0 2 -0.25
v 0 2 -0.3125
v 0 1.9375 -0.25
v 0 1.9375 -0.3125
v 0.5 0.25 -0.25
v 0.5 0.25 -0.2515625
v 0.5 0.0625 -0.25
v 0.5 0.0625 -0.2515625
v 0 0.25 -0.25
v 0 0.25 -0.2515625
v 0 0.0625 -0.25
v 0 0.0625 -0.2515625
v 0.5 0.3125 -0.25
v 0.5 0.3125 -0.3125
v 0.5 0.25 -0.25
v 0.5 0.25 -0.3125
v 0 0.3125 -0.25
v 0 0.3125 -0.3125
v 0 0.25 -0.25
v 0 0.25 -0.3125
v 0.5 0.0625 -0.25
v 0.5 0.0625 -0.3125
v 0.5 0 -0.25
v 0.5 0 -0.3125
v 0 0.0625 -0.25
v 0 0.0625 -0.3125
v 0 0 -0.25
v 0 0 -0.3125
vt 0.125 0.9375
vt 0.125 1
vt 0.0625 1
vt 0.0625 0.9375
vt 0.125 0.9375
vt 0.125 1
vt 0.0625 1
vt 0.0625 0.9375
vt 0.9375 0.9375
vt 0.9375 1
vt 0.4375 1
vt 0.4375 0.9375
vt 0.9375 0.9375
vt 0.9375 1
vt 0.4375 1
vt 0.4375 0.9375
vt 0.9375 0.9375
vt 0.9375 1
vt 0.4375 1
vt 0.4375 0.9375
vt 0.9375 0.9375
vt 0.9375 1
vt 0.4375 1
vt 0.4375 0.9375
vt 0.003125 0.8125
vt 0.003125 1
vt 0.0015625 1
vt 0.0015625 0.8125
vt 0.003125 0.8125
vt 0.003125 1
vt 0.0015625 1
vt 0.0015625 0.8125
vt 0.875 0.9984375
vt 0.875 1
vt 0.375 1
vt 0.375 0.9984375
vt 0.875 0.9984375
vt 0.875 1
vt 0.375 1
vt 0.375 0.9984375
vt 0.875 0.8125
vt 0.875 1
vt 0.375 1
vt 0.375 0.8125
vt 0.875 0.8125
vt 0.875 1
vt 0.375 1
vt 0.375 0.8125
vt 0.125 0.9375
vt 0.125 1
vt 0.0625 1
vt 0.0625 0.9375
vt 0.125 0.9375
vt 0.125 1
vt 0.0625 1
vt 0.0625 0.9375
vt 0.9375 0.9375
vt 0.9375 1
vt 0.4375 1
vt 0.4375 0.9375
vt 0.9375 0.9375
vt 0.9375 1
vt 0.4375 1
vt 0.4375 0.9375
vt 0.9375 0.9375
vt 0.9375 1
vt 0.4375 1
vt 0.4375 0.9375
vt 0.9375 0.9375
vt 0.9375 1
vt 0.4375 1
vt 0.4375 0.9375
vt 0.125 0.9375
vt 0.125 1
vt 0.0625 1
vt 0.0625 0.9375
vt 0.125 0.9375
vt 0.125 1
vt 0.0625 1
vt 0.0625 0.9375
vt 0.9375 0.9375
vt 0.9375 1
vt 0.4375 1
vt 0.4375 0.9375
vt 0.9375 0.9375
vt 0.9375 1
vt 0.4375 1
vt 0.4375 0.9375
vt 0.9375 0.9375
vt 0.9375 1
vt 0.4375 1
vt 0.4375 0.9375
vt 0.9375 0.9375
vt 0.9375 1
vt 0.4375 1
vt 0.4375 0.9375
vn 1 0 0
vn -1 0 0
vn 0 1 0
vn 0 -1 0
vn 0 0 1
vn 0 0 -1
vn 1 0 0
vn -1 0 0
vn 0 1 0
vn 0 -1 0
vn 0 0 1
vn 0 0 -1
vn 1 0 0
vn -1 0 0
vn 0 1 0
vn 0 -1 0
vn 0 0 1
vn 0 0 -1
vn 1 0 0
vn -1 0 0
vn 0 1 0
vn 0 -1 0
vn 0 0 1
vn 0 0 -1
usemtl m_cc4cbd32-c453-a4c6-e794-5e5fa231e7f1
f 508/1401/351 506/1402/351 505/1403/351
f 508/1401/351 505/1403/351 507/1404/351
f 511/1405/352 509/1406/352 510/1407/352
f 511/1405/352 510/1407/352 512/1408/352
f 505/1409/353 506/1410/353 510/1411/353
f 505/1409/353 510/1411/353 509/1412/353
f 508/1413/354 507/1414/354 511/1415/354
f 508/1413/354 511/1415/354 512/1416/354
usemtl m_95e20f84-55bb-7186-f91a-586499bd637e
f 507/1417/355 505/1418/355 509/1419/355
f 507/1417/355 509/1419/355 511/1420/355
usemtl m_cc4cbd32-c453-a4c6-e794-5e5fa231e7f1
f 512/1421/356 510/1422/356 506/1423/356
f 512/1421/356 506/1423/356 508/1424/356
f 516/1425/357 514/1426/357 513/1427/357
f 516/1425/357 513/1427/357 515/1428/357
f 519/1429/358 517/1430/358 518/1431/358
f 519/1429/358 518/1431/358 520/1432/358
f 513/1433/359 514/1434/359 518/1435/359
f 513/1433/359 518/1435/359 517/1436/359
f 516/1437/360 515/1438/360 519/1439/360
f 516/1437/360 519/1439/360 520/1440/360
usemtl m_f59e3bac-8fcc-890c-63e5-9d78c1a9e541
f 515/1441/361 513/1442/361 517/1443/361
f 515/1441/361 517/1443/361 519/1444/361
usemtl m_cc4cbd32-c453-a4c6-e794-5e5fa231e7f1
f 520/1445/362 518/1446/362 514/1447/362
f 520/1445/362 514/1447/362 516/1448/362
f 524/1449/363 522/1450/363 521/1451/363
f 524/1449/363 521/1451/363 523/1452/363
f 527/1453/364 525/1454/364 526/1455/364
f 527/1453/364 526/1455/364 528/1456/364
f 521/1457/365 522/1458/365 526/1459/365
f 521/1457/365 526/1459/365 525/1460/365
f 524/1461/366 523/1462/366 527/1463/366
f 524/1461/366 527/1463/366 528/1464/366
usemtl m_95e20f84-55bb-7186-f91a-586499bd637e
f 523/1465/367 521/1466/367 525/1467/367
f 523/1465/367 525/1467/367 527/1468/367
usemtl m_cc4cbd32-c453-a4c6-e794-5e5fa231e7f1
f 528/1469/368 526/1470/368 522/1471/368
f 528/1469/368 522/1471/368 524/1472/368
f 532/1473/369 530/1474/369 529/1475/369
f 532/1473/369 529/1475/369 531/1476/369
f 535/1477/370 533/1478/370 534/1479/370
f 535/1477/370 534/1479/370 536/1480/370
f 529/1481/371 530/1482/371 534/1483/371
f 529/1481/371 534/1483/371 533/1484/371
f 532/1485/372 531/1486/372 535/1487/372
f 532/1485/372 535/1487/372 536/1488/372
usemtl m_f59e3bac-8fcc-890c-63e5-9d78c1a9e541
f 531/1489/373 529/1490/373 533/1491/373
f 531/1489/373 533/1491/373 535/1492/373
usemtl m_cc4cbd32-c453-a4c6-e794-5e5fa231e7f1
f 536/1493/374 534/1494/374 530/1495/374
f 536/1493/374 530/1495/374 532/1496/374
o g_rde
v 0.4375 2 -0.1875
v 0.4375 2 -0.25
v 0.4375 1.9375 -0.1875
v 0.4375 1.9375 -0.25
v 0 2 -0.1875
v 0 2 -0.25
v 0 1.9375 -0.1875
v 0 1.9375 -0.25
v 0.375 0.25 -0.1875
v 0.375 0.25 -0.1890625
v 0.375 0.0625 -0.1875
v 0.375 0.0625 -0.1890625
v 0 0.25 -0.1875
v 0 0.25 -0.1890625
v 0 0.0625 -0.1875
v 0 0.0625 -0.1890625
v 0.4375 0.3125 -0.1875
v 0.4375 0.3125 -0.25
v 0.4375 0.25 -0.1875
v 0.4375 0.25 -0.25
v 0 0.3125 -0.1875
v 0 0.3125 -0.25
v 0 0.25 -0.1875
v 0 0.25 -0.25
v 0.4375 0.0625 -0.1875
v 0.4375 0.0625 -0.25
v 0.4375 0 -0.1875
v 0.4375 0 -0.25
v 0 0.0625 -0.1875
v 0 0.0625 -0.25
v 0 0 -0.1875
v 0 0 -0.25
v 0.4375 1.9375 -0.1875
v 0.4375 1.9375 -0.25
v 0.4375 0.3125 -0.1875
v 0.4375 0.3125 -0.25
v 0.375 1.9375 -0.1875
v 0.375 1.9375 -0.25
v 0.375 0.3125 -0.1875
v 0.375 0.3125 -0.25
v 0.4375 0.25 -0.1875
v 0.4375 0.25 -0.25
v 0.4375 0.0625 -0.1875
v 0.4375 0.0625 -0.25
v 0.375 0.25 -0.1875
v 0.375 0.25 -0.25
v 0.375 0.0625 -0.1875
v 0.375 0.0625 -0.25
v 0.5 2 -0.1875
v 0.5 2 -0.3125
v 0.5 0 -0.1875
v 0.5 0 -0.3125
v 0.4375 2 -0.1875
v 0.4375 2 -0.3125
v 0.4375 0 -0.1875
v 0.4375 0 -0.3125
vt 0.0625 0.9375
vt 0.0625 1
vt 0 1
vt 0 0.9375
vt 0.0625 0.9375
vt 0.0625 1
vt 0 1
vt 0 0.9375
vt 0.4375 0.9375
vt 0.4375 1
vt 0 1
vt 0 0.9375
vt 0.4375 0.9375
vt 0.4375 1
vt 0 1
vt 0 0.9375
vt 0.4375 0.9375
vt 0.4375 1
vt 0 1
vt 0 0.9375
vt 0.4375 0.9375
vt 0.4375 1
vt 0 1
vt 0 0.9375
vt 0.0015625 0.8125
vt 0.0015625 1
vt 0 1
vt 0 0.8125
vt 0.0015625 0.8125
vt 0.0015625 1
vt 0 1
vt 0 0.8125
vt 0.375 0.9984375
vt 0.375 1
vt 0 1
vt 0 0.9984375
vt 0.375 0.9984375
vt 0.375 1
vt 0 1
vt 0 0.9984375
vt 0.375 0.8125
vt 0.375 1
vt 0 1
vt 0 0.8125
vt 0.375 0.8125
vt 0.375 1
vt 0 1
vt 0 0.8125
vt 0.0625 0.9375
vt 0.0625 1
vt 0 1
vt 0 0.9375
vt 0.0625 0.9375
vt 0.0625 1
vt 0 1
vt 0 0.9375
vt 0.4375 0.9375
vt 0.4375 1
vt 0 1
vt 0 0.9375
vt 0.4375 0.9375
vt 0.4375 1
vt 0 1
vt 0 0.9375
vt 0.4375 0.9375
vt 0.4375 1
vt 0 1
vt 0 0.9375
vt 0.4375 0.9375
vt 0.4375 1
vt 0 1
vt 0 0.9375
vt 0.0625 0.9375
vt 0.0625 1
vt 0 1
vt 0 0.9375
vt 0.0625 0.9375
vt 0.0625 1
vt 0 1
vt 0 0.9375
vt 0.4375 0.9375
vt 0.4375 1
vt 0 1
vt 0 0.9375
vt 0.4375 0.9375
vt 0.4375 1
vt 0 1
vt 0 0.9375
vt 0.4375 0.9375
vt 0.4375 1
vt 0 1
vt 0 0.9375
vt 0.4375 0.9375
vt 0.4375 1
vt 0 1
vt 0 0.9375
vt 0.0625 0
vt 0.0625 1
vt 0 1
vt 0 0
vt 0.0625 0
vt 0.0625 1
vt 0 1
vt 0 0
vt 0.0625 0.9375
vt 0.0625 1
vt 0 1
vt 0 0.9375
vt 0.0625 0.9375
vt 0.0625 1
vt 0 1
vt 0 0.9375
vt 0.0625 0
vt 0.0625 1
vt 0 1
vt 0 0
vt 0.0625 0
vt 0.0625 1
vt 0 1
vt 0 0
vt 0.0625 0.8125
vt 0.0625 1
vt 0 1
vt 0 0.8125
vt 0.0625 0.8125
vt 0.0625 1
vt 0 1
vt 0 0.8125
vt 0.0625 0.9375
vt 0.0625 1
vt 0 1
vt 0 0.9375
vt 0.0625 0.9375
vt 0.0625 1
vt 0 1
vt 0 0.9375
vt 0.0625 0.8125
vt 0.0625 1
vt 0 1
vt 0 0.8125
vt 0.0625 0.8125
vt 0.0625 1
vt 0 1
vt 0 0.8125
vt 0.125 0
vt 0.125 1
vt 0 1
vt 0 0
vt 0.125 0
vt 0.125 1
vt 0 1
vt 0 0
vt 0.0625 0.875
vt 0.0625 1
vt 0 1
vt 0 0.875
vt 0.0625 0.875
vt 0.0625 1
vt 0 1
vt 0 0.875
vt 0.0625 0
vt 0.0625 1
vt 0 1
vt 0 0
vt 0.0625 0
vt 0.0625 1
vt 0 1
vt 0 0
vn 1 0 0
vn -1 0 0
vn 0 1 0
vn 0 -1 0
vn 0 0 1
vn 0 0 -1
vn 1 0 0
vn -1 0 0
vn 0 1 0
vn 0 -1 0
vn 0 0 1
vn 0 0 -1
vn 1 0 0
vn -1 0 0
vn 0 1 0
vn 0 -1 0
vn 0 0 1
vn 0 0 -1
vn 1 0 0
vn -1 0 0
vn 0 1 0
vn 0 -1 0
vn 0 0 1
vn 0 0 -1
vn 1 0 0
vn -1 0 0
vn 0 1 0
vn 0 -1 0
vn 0 0 1
vn 0 0 -1
vn 1 0 0
vn -1 0 0
vn 0 1 0
vn 0 -1 0
vn 0 0 1
vn 0 0 -1
vn 1 0 0
vn -1 0 0
vn 0 1 0
vn 0 -1 0
vn 0 0 1
vn 0 0 -1
usemtl m_cc4cbd32-c453-a4c6-e794-5e5fa231e7f1
f 540/1497/375 538/1498/375 537/1499/375
f 540/1497/375 537/1499/375 539/1500/375
f 543/1501/376 541/1502/376 542/1503/376
f 543/1501/376 542/1503/376 544/1504/376
f 537/1505/377 538/1506/377 542/1507/377
f 537/1505/377 542/1507/377 541/1508/377
f 540/1509/378 539/1510/378 543/1511/378
f 540/1509/378 543/1511/378 544/1512/378
usemtl m_95e20f84-55bb-7186-f91a-586499bd637e
f 539/1513/379 537/1514/379 541/1515/379
f 539/1513/379 541/1515/379 543/1516/379
usemtl m_cc4cbd32-c453-a4c6-e794-5e5fa231e7f1
f 544/1517/380 542/1518/380 538/1519/380
f 544/1517/380 538/1519/380 540/1520/380
f 548/1521/381 546/1522/381 545/1523/381
f 548/1521/381 545/1523/381 547/1524/381
f 551/1525/382 549/1526/382 550/1527/382
f 551/1525/382 550/1527/382 552/1528/382
f 545/1529/383 546/1530/383 550/1531/383
f 545/1529/383 550/1531/383 549/1532/383
f 548/1533/384 547/1534/384 551/1535/384
f 548/1533/384 551/1535/384 552/1536/384
usemtl m_f59e3bac-8fcc-890c-63e5-9d78c1a9e541
f 547/1537/385 545/1538/385 549/1539/385
f 547/1537/385 549/1539/385 551/1540/385
usemtl m_cc4cbd32-c453-a4c6-e794-5e5fa231e7f1
f 552/1541/386 550/1542/386 546/1543/386
f 552/1541/386 546/1543/386 548/1544/386
f 556/1545/387 554/1546/387 553/1547/387
f 556/1545/387 553/1547/387 555/1548/387
f 559/1549/388 557/1550/388 558/1551/388
f 559/1549/388 558/1551/388 560/1552/388
f 553/1553/389 554/1554/389 558/1555/389
f 553/1553/389 558/1555/389 557/1556/389
f 556/1557/390 555/1558/390 559/1559/390
f 556/1557/390 559/1559/390 560/1560/390
usemtl m_95e20f84-55bb-7186-f91a-586499bd637e
f 555/1561/391 553/1562/391 557/1563/391
f 555/1561/391 557/1563/391 559/1564/391
usemtl m_cc4cbd32-c453-a4c6-e794-5e5fa231e7f1
f 560/1565/392 558/1566/392 554/1567/392
f 560/1565/392 554/1567/392 556/1568/392
f 564/1569/393 562/1570/393 561/1571/393
f 564/1569/393 561/1571/393 563/1572/393
f 567/1573/394 565/1574/394 566/1575/394
f 567/1573/394 566/1575/394 568/1576/394
f 561/1577/395 562/1578/395 566/1579/395
f 561/1577/395 566/1579/395 565/1580/395
f 564/1581/396 563/1582/396 567/1583/396
f 564/1581/396 567/1583/396 568/1584/396
usemtl m_f59e3bac-8fcc-890c-63e5-9d78c1a9e541
f 563/1585/397 561/1586/397 565/1587/397
f 563/1585/397 565/1587/397 567/1588/397
usemtl m_cc4cbd32-c453-a4c6-e794-5e5fa231e7f1
f 568/1589/398 566/1590/398 562/1591/398
f 568/1589/398 562/1591/398 564/1592/398
f 572/1593/399 570/1594/399 569/1595/399
f 572/1593/399 569/1595/399 571/1596/399
f 575/1597/400 573/1598/400 574/1599/400
f 575/1597/400 574/1599/400 576/1600/400
f 569/1601/401 570/1602/401 574/1603/401
f 569/1601/401 574/1603/401 573/1604/401
f 572/1605/402 571/1606/402 575/1607/402
f 572/1605/402 575/1607/402 576/1608/402
usemtl m_95e20f84-55bb-7186-f91a-586499bd637e
f 571/1609/403 569/1610/403 573/1611/403
f 571/1609/403 573/1611/403 575/1612/403
usemtl m_cc4cbd32-c453-a4c6-e794-5e5fa231e7f1
f 576/1613/404 574/1614/404 570/1615/404
f 576/1613/404 570/1615/404 572/1616/404
f 580/1617/405 578/1618/405 577/1619/405
f 580/1617/405 577/1619/405 579/1620/405
f 583/1621/406 581/1622/406 582/1623/406
f 583/1621/406 582/1623/406 584/1624/406
f 577/1625/407 578/1626/407 582/1627/407
f 577/1625/407 582/1627/407 581/1628/407
f 580/1629/408 579/1630/408 583/1631/408
f 580/1629/408 583/1631/408 584/1632/408
usemtl m_f59e3bac-8fcc-890c-63e5-9d78c1a9e541
f 579/1633/409 577/1634/409 581/1635/409
f 579/1633/409 581/1635/409 583/1636/409
usemtl m_cc4cbd32-c453-a4c6-e794-5e5fa231e7f1
f 584/1637/410 582/1638/410 578/1639/410
f 584/1637/410 578/1639/410 580/1640/410
f 588/1641/411 586/1642/411 585/1643/411
f 588/1641/411 585/1643/411 587/1644/411
f 591/1645/412 589/1646/412 590/1647/412
f 591/1645/412 590/1647/412 592/1648/412
f 585/1649/413 586/1650/413 590/1651/413
f 585/1649/413 590/1651/413 589/1652/413
f 588/1653/414 587/1654/414 591/1655/414
f 588/1653/414 591/1655/414 592/1656/414
f 587/1657/415 585/1658/415 589/1659/415
f 587/1657/415 589/1659/415 591/1660/415
f 592/1661/416 590/1662/416 586/1663/416
f 592/1661/416 586/1663/416 588/1664/416
o g_lde
v 0 2 -0.1875
v 0 2 -0.25
v 0 1.9375 -0.1875
v 0 1.9375 -0.25
v -0.4375 2 -0.1875
v -0.4375 2 -0.25
v -0.4375 1.9375 -0.1875
v -0.4375 1.9375 -0.25
v 0 0.25 -0.1875
v 0 0.25 -0.1890625
v 0 0.0625 -0.1875
v 0 0.0625 -0.1890625
v -0.375 0.25 -0.1875
v -0.375 0.25 -0.1890625
v -0.375 0.0625 -0.1875
v -0.375 0.0625 -0.1890625
v 0 0.3125 -0.1875
v 0 0.3125 -0.25
v 0 0.25 -0.1875
v 0 0.25 -0.25
v -0.4375 0.3125 -0.1875
v -0.4375 0.3125 -0.25
v -0.4375 0.25 -0.1875
v -0.4375 0.25 -0.25
v 0 0.0625 -0.1875
v 0 0.0625 -0.25
v 0 0 -0.1875
v 0 0 -0.25
v -0.4375 0.0625 -0.1875
v -0.4375 0.0625 -0.25
v -0.4375 0 -0.1875
v -0.4375 0 -0.25
v -0.375 1.9375 -0.1875
v -0.375 1.9375 -0.25
v -0.375 0.3125 -0.1875
v -0.375 0.3125 -0.25
v -0.4375 1.9375 -0.1875
v -0.4375 1.9375 -0.25
v -0.4375 0.3125 -0.1875
v -0.4375 0.3125 -0.25
v -0.375 0.25 -0.1875
v -0.375 0.25 -0.25
v -0.375 0.0625 -0.1875
v -0.375 0.0625 -0.25
v -0.4375 0.25 -0.1875
v -0.4375 0.25 -0.25
v -0.4375 0.0625 -0.1875
v -0.4375 0.0625 -0.25
v -0.4375 2 -0.1875
v -0.4375 2 -0.3125
v -0.4375 0 -0.1875
v -0.4375 0 -0.3125
v -0.5 2 -0.1875
v -0.5 2 -0.3125
v -0.5 0 -0.1875
v -0.5 0 -0.3125
vt 0.125 0.9375
vt 0.125 1
vt 0.0625 1
vt 0.0625 0.9375
vt 0.125 0.9375
vt 0.125 1
vt 0.0625 1
vt 0.0625 0.9375
vt 0.875 0.9375
vt 0.875 1
vt 0.4375 1
vt 0.4375 0.9375
vt 0.875 0.9375
vt 0.875 1
vt 0.4375 1
vt 0.4375 0.9375
vt 0.875 0.9375
vt 0.875 1
vt 0.4375 1
vt 0.4375 0.9375
vt 0.875 0.9375
vt 0.875 1
vt 0.4375 1
vt 0.4375 0.9375
vt 0.003125 0.8125
vt 0.003125 1
vt 0.0015625 1
vt 0.0015625 0.8125
vt 0.003125 0.8125
vt 0.003125 1
vt 0.0015625 1
vt 0.0015625 0.8125
vt 0.75 0.9984375
vt 0.75 1
vt 0.375 1
vt 0.375 0.9984375
vt 0.75 0.9984375
vt 0.75 1
vt 0.375 1
vt 0.375 0.9984375
vt 0.75 0.8125
vt 0.75 1
vt 0.375 1
vt 0.375 0.8125
vt 0.75 0.8125
vt 0.75 1
vt 0.375 1
vt 0.375 0.8125
vt 0.125 0.9375
vt 0.125 1
vt 0.0625 1
vt 0.0625 0.9375
vt 0.125 0.9375
vt 0.125 1
vt 0.0625 1
vt 0.0625 0.9375
vt 0.875 0.9375
vt 0.875 1
vt 0.4375 1
vt 0.4375 0.9375
vt 0.875 0.9375
vt 0.875 1
vt 0.4375 1
vt 0.4375 0.9375
vt 0.875 0.9375
vt 0.875 1
vt 0.4375 1
vt 0.4375 0.9375
vt 0.875 0.9375
vt 0.875 1
vt 0.4375 1
vt 0.4375 0.9375
vt 0.125 0.9375
vt 0.125 1
vt 0.0625 1
vt 0.0625 0.9375
vt 0.125 0.9375
vt 0.125 1
vt 0.0625 1
vt 0.0625 0.9375
vt 0.875 0.9375
vt 0.875 1
vt 0.4375 1
vt 0.4375 0.9375
vt 0.875 0.9375
vt 0.875 1
vt 0.4375 1
vt 0.4375 0.9375
vt 0.875 0.9375
vt 0.875 1
vt 0.4375 1
vt 0.4375 0.9375
vt 0.875 0.9375
vt 0.875 1
vt 0.4375 1
vt 0.4375 0.9375
vt 0.125 0
vt 0.125 1
vt 0.0625 1
vt 0.0625 0
vt 0.125 0
vt 0.125 1
vt 0.0625 1
vt 0.0625 0
vt 0.125 0.9375
vt 0.125 1
vt 0.0625 1
vt 0.0625 0.9375
vt 0.125 0.9375
vt 0.125 1
vt 0.0625 1
vt 0.0625 0.9375
vt 0.125 0
vt 0.125 1
vt 0.0625 1
vt 0.0625 0
vt 0.125 0
vt 0.125 1
vt 0.0625 1
vt 0.0625 0
vt 0.125 0.8125
vt 0.125 1
vt 0.0625 1
vt 0.0625 0.8125
vt 0.125 0.8125
vt 0.125 1
vt 0.0625 1
vt 0.0625 0.8125
vt 0.125 0.9375
vt 0.125 1
vt 0.0625 1
vt 0.0625 0.9375
vt 0.125 0.9375
vt 0.125 1
vt 0.0625 1
vt 0.0625 0.9375
vt 0.125 0.8125
vt 0.125 1
vt 0.0625 1
vt 0.0625 0.8125
vt 0.125 0.8125
vt 0.125 1
vt 0.0625 1
vt 0.0625 0.8125
vt 0.25 0
vt 0.25 1
vt 0.125 1
vt 0.125 0
vt 0.25 0
vt 0.25 1
vt 0.125 1
vt 0.125 0
vt 0.125 0.875
vt 0.125 1
vt 0.0625 1
vt 0.0625 0.875
vt 0.125 0.875
vt 0.125 1
vt 0.0625 1
vt 0.0625 0.875
vt 0.125 0
vt 0.125 1
vt 0.0625 1
vt 0.0625 0
vt 0.125 0
vt 0.125 1
vt 0.0625 1
vt 0.0625 0
vn 1 0 0
vn -1 0 0
vn 0 1 0
vn 0 -1 0
vn 0 0 1
vn 0 0 -1
vn 1 0 0
vn -1 0 0
vn 0 1 0
vn 0 -1 0
vn 0 0 1
vn 0 0 -1
vn 1 0 0
vn -1 0 0
vn 0 1 0
vn 0 -1 0
vn 0 0 1
vn 0 0 -1
vn 1 0 0
vn -1 0 0
vn 0 1 0
vn 0 -1 0
vn 0 0 1
vn 0 0 -1
vn 1 0 0
vn -1 0 0
vn 0 1 0
vn 0 -1 0
vn 0 0 1
vn 0 0 -1
vn 1 0 0
vn -1 0 0
vn 0 1 0
vn 0 -1 0
vn 0 0 1
vn 0 0 -1
vn 1 0 0
vn -1 0 0
vn 0 1 0
vn 0 -1 0
vn 0 0 1
vn 0 0 -1
usemtl m_cc4cbd32-c453-a4c6-e794-5e5fa231e7f1
f 596/1665/417 594/1666/417 593/1667/417
f 596/1665/417 593/1667/417 595/1668/417
f 599/1669/418 597/1670/418 598/1671/418
f 599/1669/418 598/1671/418 600/1672/418
f 593/1673/419 594/1674/419 598/1675/419
f 593/1673/419 598/1675/419 597/1676/419
f 596/1677/420 595/1678/420 599/1679/420
f 596/1677/420 599/1679/420 600/1680/420
usemtl m_95e20f84-55bb-7186-f91a-586499bd637e
f 595/1681/421 593/1682/421 597/1683/421
f 595/1681/421 597/1683/421 599/1684/421
usemtl m_cc4cbd32-c453-a4c6-e794-5e5fa231e7f1
f 600/1685/422 598/1686/422 594/1687/422
f 600/1685/422 594/1687/422 596/1688/422
f 604/1689/423 602/1690/423 601/1691/423
f 604/1689/423 601/1691/423 603/1692/423
f 607/1693/424 605/1694/424 606/1695/424
f 607/1693/424 606/1695/424 608/1696/424
f 601/1697/425 602/1698/425 606/1699/425
f 601/1697/425 606/1699/425 605/1700/425
f 604/1701/426 603/1702/426 607/1703/426
f 604/1701/426 607/1703/426 608/1704/426
usemtl m_f59e3bac-8fcc-890c-63e5-9d78c1a9e541
f 603/1705/427 601/1706/427 605/1707/427
f 603/1705/427 605/1707/427 607/1708/427
usemtl m_cc4cbd32-c453-a4c6-e794-5e5fa231e7f1
f 608/1709/428 606/1710/428 602/1711/428
f 608/1709/428 602/1711/428 604/1712/428
f 612/1713/429 610/1714/429 609/1715/429
f 612/1713/429 609/1715/429 611/1716/429
f 615/1717/430 613/1718/430 614/1719/430
f 615/1717/430 614/1719/430 616/1720/430
f 609/1721/431 610/1722/431 614/1723/431
f 609/1721/431 614/1723/431 613/1724/431
f 612/1725/432 611/1726/432 615/1727/432
f 612/1725/432 615/1727/432 616/1728/432
usemtl m_95e20f84-55bb-7186-f91a-586499bd637e
f 611/1729/433 609/1730/433 613/1731/433
f 611/1729/433 613/1731/433 615/1732/433
usemtl m_cc4cbd32-c453-a4c6-e794-5e5fa231e7f1
f 616/1733/434 614/1734/434 610/1735/434
f 616/1733/434 610/1735/434 612/1736/434
f 620/1737/435 618/1738/435 617/1739/435
f 620/1737/435 617/1739/435 619/1740/435
f 623/1741/436 621/1742/436 622/1743/436
f 623/1741/436 622/1743/436 624/1744/436
f 617/1745/437 618/1746/437 622/1747/437
f 617/1745/437 622/1747/437 621/1748/437
f 620/1749/438 619/1750/438 623/1751/438
f 620/1749/438 623/1751/438 624/1752/438
usemtl m_f59e3bac-8fcc-890c-63e5-9d78c1a9e541
f 619/1753/439 617/1754/439 621/1755/439
f 619/1753/439 621/1755/439 623/1756/439
usemtl m_cc4cbd32-c453-a4c6-e794-5e5fa231e7f1
f 624/1757/440 622/1758/440 618/1759/440
f 624/1757/440 618/1759/440 620/1760/440
f 628/1761/441 626/1762/441 625/1763/441
f 628/1761/441 625/1763/441 627/1764/441
f 631/1765/442 629/1766/442 630/1767/442
f 631/1765/442 630/1767/442 632/1768/442
f 625/1769/443 626/1770/443 630/1771/443
f 625/1769/443 630/1771/443 629/1772/443
f 628/1773/444 627/1774/444 631/1775/444
f 628/1773/444 631/1775/444 632/1776/444
usemtl m_95e20f84-55bb-7186-f91a-586499bd637e
f 627/1777/445 625/1778/445 629/1779/445
f 627/1777/445 629/1779/445 631/1780/445
usemtl m_cc4cbd32-c453-a4c6-e794-5e5fa231e7f1
f 632/1781/446 630/1782/446 626/1783/446
f 632/1781/446 626/1783/446 628/1784/446
f 636/1785/447 634/1786/447 633/1787/447
f 636/1785/447 633/1787/447 635/1788/447
f 639/1789/448 637/1790/448 638/1791/448
f 639/1789/448 638/1791/448 640/1792/448
f 633/1793/449 634/1794/449 638/1795/449
f 633/1793/449 638/1795/449 637/1796/449
f 636/1797/450 635/1798/450 639/1799/450
f 636/1797/450 639/1799/450 640/1800/450
usemtl m_f59e3bac-8fcc-890c-63e5-9d78c1a9e541
f 635/1801/451 633/1802/451 637/1803/451
f 635/1801/451 637/1803/451 639/1804/451
usemtl m_cc4cbd32-c453-a4c6-e794-5e5fa231e7f1
f 640/1805/452 638/1806/452 634/1807/452
f 640/1805/452 634/1807/452 636/1808/452
f 644/1809/453 642/1810/453 641/1811/453
f 644/1809/453 641/1811/453 643/1812/453
f 647/1813/454 645/1814/454 646/1815/454
f 647/1813/454 646/1815/454 648/1816/454
f 641/1817/455 642/1818/455 646/1819/455
f 641/1817/455 646/1819/455 645/1820/455
f 644/1821/456 643/1822/456 647/1823/456
f 644/1821/456 647/1823/456 648/1824/456
f 643/1825/457 641/1826/457 645/1827/457
f 643/1825/457 645/1827/457 647/1828/457
f 648/1829/458 646/1830/458 642/1831/458
f 648/1829/458 642/1831/458 644/1832/458
o g_rse
v -0.0625 1.9375 -0.1875
v -0.0625 1.9375 -0.25
v -0.0625 0.3125 -0.1875
v -0.0625 0.3125 -0.25
v -0.125 1.9375 -0.1875
v -0.125 1.9375 -0.25
v -0.125 0.3125 -0.1875
v -0.125 0.3125 -0.25
v 0 2 -0.125
v 0 2 -0.3125
v 0 0 -0.125
v 0 0 -0.3125
v -0.0625 2 -0.125
v -0.0625 2 -0.3125
v -0.0625 0 -0.125
v -0.0625 0 -0.3125
v -0.0625 0.25 -0.1875
v -0.0625 0.25 -0.25
v -0.0625 0.0625 -0.1875
v -0.0625 0.0625 -0.25
v -0.125 0.25 -0.1875
v -0.125 0.25 -0.25
v -0.125 0.0625 -0.1875
v -0.125 0.0625 -0.25
v 0 0.25 0.1875
v -0.0625 0.25 0.1875
v 0 0.0625 0.1875
v -0.0625 0.0625 0.1875
v 0 0.25 0.25
v -0.0625 0.25 0.25
v 0 0.0625 0.25
v -0.0625 0.0625 0.25
v 0 0.25 -0.125
v -0.0625 0.25 -0.125
v 0 0.0625 -0.125
v -0.0625 0.0625 -0.125
v 0 0.25 -0.0625
v -0.0625 0.25 -0.0625
v 0 0.0625 -0.0625
v -0.0625 0.0625 -0.0625
v 0 1.9375 -0.125
v -0.0625 1.9375 -0.125
v 0 0.3125 -0.125
v -0.0625 0.3125 -0.125
v 0 1.9375 -0.0625
v -0.0625 1.9375 -0.0625
v 0 0.3125 -0.0625
v -0.0625 0.3125 -0.0625
v 0 1.9375 0.1875
v -0.0625 1.9375 0.1875
v 0 0.3125 0.1875
v -0.0625 0.3125 0.1875
v 0 1.9375 0.25
v -0.0625 1.9375 0.25
v 0 0.3125 0.25
v -0.0625 0.3125 0.25
v 0 0.0625 -0.125
v -0.0625 0.0625 -0.125
v 0 0 -0.125
v -0.0625 0 -0.125
v 0 0.0625 0.25
v -0.0625 0.0625 0.25
v 0 0 0.25
v -0.0625 0 0.25
v 0 0.3125 -0.125
v -0.0625 0.3125 -0.125
v 0 0.25 -0.125
v -0.0625 0.25 -0.125
v 0 0.3125 0.25
v -0.0625 0.3125 0.25
v 0 0.25 0.25
v -0.0625 0.25 0.25
v -0.0609375 0.25 -0.0625
v -0.0625 0.25 -0.0625
v -0.0609375 0.0625 -0.0625
v -0.0625 0.0625 -0.0625
v -0.0609375 0.25 0.1875
v -0.0625 0.25 0.1875
v -0.0609375 0.0625 0.1875
v -0.0625 0.0625 0.1875
v 0 2 -0.125
v -0.0625 2 -0.125
v 0 1.9375 -0.125
v -0.0625 1.9375 -0.125
v 0 2 0.25
v -0.0625 2 0.25
v 0 1.9375 0.25
v -0.0625 1.9375 0.25
v 0 2 0.25
v -0.0625 2 0.25
v 0 0 0.25
v -0.0625 0 0.25
v 0 2 0.3125
v -0.0625 2 0.3125
v 0 0 0.3125
v -0.0625 0 0.3125
vt 0.125 0
vt 0.125 1
vt 0.0625 1
vt 0.0625 0
vt 0.125 0
vt 0.125 1
vt 0.0625 1
vt 0.0625 0
vt 0.125 0.9375
vt 0.125 1
vt 0.0625 1
vt 0.0625 0.9375
vt 0.125 0.9375
vt 0.125 1
vt 0.0625 1
vt 0.0625 0.9375
vt 0.125 0
vt 0.125 1
vt 0.0625 1
vt 0.0625 0
vt 0.125 0
vt 0.125 1
vt 0.0625 1
vt 0.0625 0
vt 0.3125 0
vt 0.3125 1
vt 0.125 1
vt 0.125 0
vt 0.3125 0
vt 0.3125 1
vt 0.125 1
vt 0.125 0
vt 0.125 0.8125
vt 0.125 1
vt 0.0625 1
vt 0.0625 0.8125
vt 0.125 0.8125
vt 0.125 1
vt 0.0625 1
vt 0.0625 0.8125
vt 0.125 0
vt 0.125 1
vt 0.0625 1
vt 0.0625 0
vt 0.125 0
vt 0.125 1
vt 0.0625 1
vt 0.0625 0
vt 0.125 0.8125
vt 0.125 1
vt 0.0625 1
vt 0.0625 0.8125
vt 0.125 0.8125
vt 0.125 1
vt 0.0625 1
vt 0.0625 0.8125
vt 0.125 0.9375
vt 0.125 1
vt 0.0625 1
vt 0.0625 0.9375
vt 0.125 0.9375
vt 0.125 1
vt 0.0625 1
vt 0.0625 0.9375
vt 0.125 0.8125
vt 0.125 1
vt 0.0625 1
vt 0.0625 0.8125
vt 0.125 0.8125
vt 0.125 1
vt 0.0625 1
vt 0.0625 0.8125
vt 0.1875 0.8125
vt 0.1875 1
vt 0.125 1
vt 0.125 0.8125
vt 0.1875 0.8125
vt 0.1875 1
vt 0.125 1
vt 0.125 0.8125
vt 0.125 0.875
vt 0.125 0.9375
vt 0.0625 0.9375
vt 0.0625 0.875
vt 0.125 0.875
vt 0.125 0.9375
vt 0.0625 0.9375
vt 0.0625 0.875
vt 0.1875 0.8125
vt 0.1875 1
vt 0.125 1
vt 0.125 0.8125
vt 0.1875 0.8125
vt 0.1875 1
vt 0.125 1
vt 0.125 0.8125
vt 0.1875 0.8125
vt 0.1875 1
vt 0.125 1
vt 0.125 0.8125
vt 0.1875 0.8125
vt 0.1875 1
vt 0.125 1
vt 0.125 0.8125
vt 0.125 0.875
vt 0.125 0.9375
vt 0.0625 0.9375
vt 0.0625 0.875
vt 0.125 0.875
vt 0.125 0.9375
vt 0.0625 0.9375
vt 0.0625 0.875
vt 0.1875 0.8125
vt 0.1875 1
vt 0.125 1
vt 0.125 0.8125
vt 0.1875 0.8125
vt 0.1875 1
vt 0.125 1
vt 0.125 0.8125
vt 0.1875 0
vt 0.1875 1
vt 0.125 1
vt 0.125 0
vt 0.1875 0
vt 0.1875 1
vt 0.125 1
vt 0.125 0
vt 0.125 0.875
vt 0.125 0.9375
vt 0.0625 0.9375
vt 0.0625 0.875
vt 0.125 0.875
vt 0.125 0.9375
vt 0.0625 0.9375
vt 0.0625 0.875
vt 0.1875 0
vt 0.1875 1
vt 0.125 1
vt 0.125 0
vt 0.1875 0
vt 0.1875 1
vt 0.125 1
vt 0.125 0
vt 0.1875 0
vt 0.1875 1
vt 0.125 1
vt 0.125 0
vt 0.1875 0
vt 0.1875 1
vt 0.125 1
vt 0.125 0
vt 0.125 0.875
vt 0.125 0.9375
vt 0.0625 0.9375
vt 0.0625 0.875
vt 0.125 0.875
vt 0.125 0.9375
vt 0.0625 0.9375
vt 0.0625 0.875
vt 0.1875 0
vt 0.1875 1
vt 0.125 1
vt 0.125 0
vt 0.1875 0
vt 0.1875 1
vt 0.125 1
vt 0.125 0
vt 0.1875 0.9375
vt 0.1875 1
vt 0.125 1
vt 0.125 0.9375
vt 0.1875 0.9375
vt 0.1875 1
vt 0.125 1
vt 0.125 0.9375
vt 0.8125 0.875
vt 0.8125 0.9375
vt 0.4375 0.9375
vt 0.4375 0.875
vt 0.8125 0.875
vt 0.8125 0.9375
vt 0.4375 0.9375
vt 0.4375 0.875
vt 0.9375 0.9375
vt 0.9375 1
vt 0.5625 1
vt 0.5625 0.9375
vt 0.9375 0.9375
vt 0.9375 1
vt 0.5625 1
vt 0.5625 0.9375
vt 0.1875 0.9375
vt 0.1875 1
vt 0.125 1
vt 0.125 0.9375
vt 0.1875 0.9375
vt 0.1875 1
vt 0.125 1
vt 0.125 0.9375
vt 0.8125 0.875
vt 0.8125 0.9375
vt 0.4375 0.9375
vt 0.4375 0.875
vt 0.8125 0.875
vt 0.8125 0.9375
vt 0.4375 0.9375
vt 0.4375 0.875
vt 0.9375 0.9375
vt 0.9375 1
vt 0.5625 1
vt 0.5625 0.9375
vt 0.9375 0.9375
vt 0.9375 1
vt 0.5625 1
vt 0.5625 0.9375
vt 0.0046875 0.8125
vt 0.0046875 1
vt 0.003125 1
vt 0.003125 0.8125
vt 0.0046875 0.8125
vt 0.0046875 1
vt 0.003125 1
vt 0.003125 0.8125
vt 0.625 0.996875
vt 0.625 0.9984375
vt 0.375 0.9984375
vt 0.375 0.996875
vt 0.625 0.996875
vt 0.625 0.9984375
vt 0.375 0.9984375
vt 0.375 0.996875
vt 0.875 0.8125
vt 0.875 1
vt 0.625 1
vt 0.625 0.8125
vt 0.875 0.8125
vt 0.875 1
vt 0.625 1
vt 0.625 0.8125
vt 0.1875 0.9375
vt 0.1875 1
vt 0.125 1
vt 0.125 0.9375
vt 0.1875 0.9375
vt 0.1875 1
vt 0.125 1
vt 0.125 0.9375
vt 0.8125 0.875
vt 0.8125 0.9375
vt 0.4375 0.9375
vt 0.4375 0.875
vt 0.8125 0.875
vt 0.8125 0.9375
vt 0.4375 0.9375
vt 0.4375 0.875
vt 0.9375 0.9375
vt 0.9375 1
vt 0.5625 1
vt 0.5625 0.9375
vt 0.9375 0.9375
vt 0.9375 1
vt 0.5625 1
vt 0.5625 0.9375
vt 0.3125 0
vt 0.3125 1
vt 0.25 1
vt 0.25 0
vt 0.3125 0
vt 0.3125 1
vt 0.25 1
vt 0.25 0
vt 0.125 0.8125
vt 0.125 0.875
vt 0.0625 0.875
vt 0.0625 0.8125
vt 0.125 0.8125
vt 0.125 0.875
vt 0.0625 0.875
vt 0.0625 0.8125
vt 0.1875 0
vt 0.1875 1
vt 0.125 1
vt 0.125 0
vt 0.1875 0
vt 0.1875 1
vt 0.125 1
vt 0.125 0
vn 1 0 0
vn -1 0 0
vn 0 1 0
vn 0 -1 0
vn 0 0 1
vn 0 0 -1
vn 1 0 0
vn -1 0 0
vn 0 1 0
vn 0 -1 0
vn 0 0 1
vn 0 0 -1
vn 1 0 0
vn -1 0 0
vn 0 1 0
vn 0 -1 0
vn 0 0 1
vn 0 0 -1
vn 0 0 -1
vn 0 0 1
vn 0 1 0
vn 0 -1 0
vn 1 0 0
vn -1 0 0
vn 0 0 -1
vn 0 0 1
vn 0 1 0
vn 0 -1 0
vn 1 0 0
vn -1 0 0
vn 0 0 -1
vn 0 0 1
vn 0 1 0
vn 0 -1 0
vn 1 0 0
vn -1 0 0
vn 0 0 -1
vn 0 0 1
vn 0 1 0
vn 0 -1 0
vn 1 0 0
vn -1 0 0
vn 0 0 -1
vn 0 0 1
vn 0 1 0
vn 0 -1 0
vn 1 0 0
vn -1 0 0
vn 0 0 -1
vn 0 0 1
vn 0 1 0
vn 0 -1 0
vn 1 0 0
vn -1 0 0
vn 0 0 -1
vn 0 0 1
vn 0 1 0
vn 0 -1 0
vn 1 0 0
vn -1 0 0
vn 0 0 -1
vn 0 0 1
vn 0 1 0
vn 0 -1 0
vn 1 0 0
vn -1 0 0
vn 0 0 -1
vn 0 0 1
vn 0 1 0
vn 0 -1 0
vn 1 0 0
vn -1 0 0
usemtl m_cc4cbd32-c453-a4c6-e794-5e5fa231e7f1
f 652/1833/459 650/1834/459 649/1835/459
f 652/1833/459 649/1835/459 651/1836/459
f 655/1837/460 653/1838/460 654/1839/460
f 655/1837/460 654/1839/460 656/1840/460
f 649/1841/461 650/1842/461 654/1843/461
f 649/1841/461 654/1843/461 653/1844/461
f 652/1845/462 651/1846/462 655/1847/462
f 652/1845/462 655/1847/462 656/1848/462
usemtl m_95e20f84-55bb-7186-f91a-586499bd637e
f 651/1849/463 649/1850/463 653/1851/463
f 651/1849/463 653/1851/463 655/1852/463
usemtl m_cc4cbd32-c453-a4c6-e794-5e5fa231e7f1
f 656/1853/464 654/1854/464 650/1855/464
f 656/1853/464 650/1855/464 652/1856/464
f 660/1857/465 658/1858/465 657/1859/465
f 660/1857/465 657/1859/465 659/1860/465
f 663/1861/466 661/1862/466 662/1863/466
f 663/1861/466 662/1863/466 664/1864/466
f 657/1865/467 658/1866/467 662/1867/467
f 657/1865/467 662/1867/467 661/1868/467
f 660/1869/468 659/1870/468 663/1871/468
f 660/1869/468 663/1871/468 664/1872/468
f 659/1873/469 657/1874/469 661/1875/469
f 659/1873/469 661/1875/469 663/1876/469
f 664/1877/470 662/1878/470 658/1879/470
f 664/1877/470 658/1879/470 660/1880/470
f 668/1881/471 666/1882/471 665/1883/471
f 668/1881/471 665/1883/471 667/1884/471
f 671/1885/472 669/1886/472 670/1887/472
f 671/1885/472 670/1887/472 672/1888/472
f 665/1889/473 666/1890/473 670/1891/473
f 665/1889/473 670/1891/473 669/1892/473
f 668/1893/474 667/1894/474 671/1895/474
f 668/1893/474 671/1895/474 672/1896/474
usemtl m_f59e3bac-8fcc-890c-63e5-9d78c1a9e541
f 667/1897/475 665/1898/475 669/1899/475
f 667/1897/475 669/1899/475 671/1900/475
usemtl m_cc4cbd32-c453-a4c6-e794-5e5fa231e7f1
f 672/1901/476 670/1902/476 666/1903/476
f 672/1901/476 666/1903/476 668/1904/476
f 676/1905/477 674/1906/477 673/1907/477
f 676/1905/477 673/1907/477 675/1908/477
f 679/1909/478 677/1910/478 678/1911/478
f 679/1909/478 678/1911/478 680/1912/478
f 673/1913/479 674/1914/479 678/1915/479
f 673/1913/479 678/1915/479 677/1916/479
f 676/1917/480 675/1918/480 679/1919/480
f 676/1917/480 679/1919/480 680/1920/480
f 675/1921/481 673/1922/481 677/1923/481
f 675/1921/481 677/1923/481 679/1924/481
usemtl m_f59e3bac-8fcc-890c-63e5-9d78c1a9e541
f 680/1925/482 678/1926/482 674/1927/482
f 680/1925/482 674/1927/482 676/1928/482
usemtl m_cc4cbd32-c453-a4c6-e794-5e5fa231e7f1
f 684/1929/483 682/1930/483 681/1931/483
f 684/1929/483 681/1931/483 683/1932/483
f 687/1933/484 685/1934/484 686/1935/484
f 687/1933/484 686/1935/484 688/1936/484
f 681/1937/485 682/1938/485 686/1939/485
f 681/1937/485 686/1939/485 685/1940/485
f 684/1941/486 683/1942/486 687/1943/486
f 684/1941/486 687/1943/486 688/1944/486
f 683/1945/487 681/1946/487 685/1947/487
f 683/1945/487 685/1947/487 687/1948/487
usemtl m_f59e3bac-8fcc-890c-63e5-9d78c1a9e541
f 688/1949/488 686/1950/488 682/1951/488
f 688/1949/488 682/1951/488 684/1952/488
usemtl m_cc4cbd32-c453-a4c6-e794-5e5fa231e7f1
f 692/1953/489 690/1954/489 689/1955/489
f 692/1953/489 689/1955/489 691/1956/489
f 695/1957/490 693/1958/490 694/1959/490
f 695/1957/490 694/1959/490 696/1960/490
f 689/1961/491 690/1962/491 694/1963/491
f 689/1961/491 694/1963/491 693/1964/491
f 692/1965/492 691/1966/492 695/1967/492
f 692/1965/492 695/1967/492 696/1968/492
f 691/1969/493 689/1970/493 693/1971/493
f 691/1969/493 693/1971/493 695/1972/493
usemtl m_95e20f84-55bb-7186-f91a-586499bd637e
f 696/1973/494 694/1974/494 690/1975/494
f 696/1973/494 690/1975/494 692/1976/494
usemtl m_cc4cbd32-c453-a4c6-e794-5e5fa231e7f1
f 700/1977/495 698/1978/495 697/1979/495
f 700/1977/495 697/1979/495 699/1980/495
f 703/1981/496 701/1982/496 702/1983/496
f 703/1981/496 702/1983/496 704/1984/496
f 697/1985/497 698/1986/497 702/1987/497
f 697/1985/497 702/1987/497 701/1988/497
f 700/1989/498 699/1990/498 703/1991/498
f 700/1989/498 703/1991/498 704/1992/498
f 699/1993/499 697/1994/499 701/1995/499
f 699/1993/499 701/1995/499 703/1996/499
usemtl m_95e20f84-55bb-7186-f91a-586499bd637e
f 704/1997/500 702/1998/500 698/1999/500
f 704/1997/500 698/1999/500 700/2000/500
usemtl m_cc4cbd32-c453-a4c6-e794-5e5fa231e7f1
f 708/2001/501 706/2002/501 705/2003/501
f 708/2001/501 705/2003/501 707/2004/501
f 711/2005/502 709/2006/502 710/2007/502
f 711/2005/502 710/2007/502 712/2008/502
f 705/2009/503 706/2010/503 710/2011/503
f 705/2009/503 710/2011/503 709/2012/503
f 708/2013/504 707/2014/504 711/2015/504
f 708/2013/504 711/2015/504 712/2016/504
f 707/2017/505 705/2018/505 709/2019/505
f 707/2017/505 709/2019/505 711/2020/505
usemtl m_f59e3bac-8fcc-890c-63e5-9d78c1a9e541
f 712/2021/506 710/2022/506 706/2023/506
f 712/2021/506 706/2023/506 708/2024/506
usemtl m_cc4cbd32-c453-a4c6-e794-5e5fa231e7f1
f 716/2025/507 714/2026/507 713/2027/507
f 716/2025/507 713/2027/507 715/2028/507
f 719/2029/508 717/2030/508 718/2031/508
f 719/2029/508 718/2031/508 720/2032/508
f 713/2033/509 714/2034/509 718/2035/509
f 713/2033/509 718/2035/509 717/2036/509
f 716/2037/510 715/2038/510 719/2039/510
f 716/2037/510 719/2039/510 720/2040/510
f 715/2041/511 713/2042/511 717/2043/511
f 715/2041/511 717/2043/511 719/2044/511
usemtl m_95e20f84-55bb-7186-f91a-586499bd637e
f 720/2045/512 718/2046/512 714/2047/512
f 720/2045/512 714/2047/512 716/2048/512
usemtl m_cc4cbd32-c453-a4c6-e794-5e5fa231e7f1
f 724/2049/513 722/2050/513 721/2051/513
f 724/2049/513 721/2051/513 723/2052/513
f 727/2053/514 725/2054/514 726/2055/514
f 727/2053/514 726/2055/514 728/2056/514
f 721/2057/515 722/2058/515 726/2059/515
f 721/2057/515 726/2059/515 725/2060/515
f 724/2061/516 723/2062/516 727/2063/516
f 724/2061/516 727/2063/516 728/2064/516
f 723/2065/517 721/2066/517 725/2067/517
f 723/2065/517 725/2067/517 727/2068/517
usemtl m_f59e3bac-8fcc-890c-63e5-9d78c1a9e541
f 728/2069/518 726/2070/518 722/2071/518
f 728/2069/518 722/2071/518 724/2072/518
usemtl m_cc4cbd32-c453-a4c6-e794-5e5fa231e7f1
f 732/2073/519 730/2074/519 729/2075/519
f 732/2073/519 729/2075/519 731/2076/519
f 735/2077/520 733/2078/520 734/2079/520
f 735/2077/520 734/2079/520 736/2080/520
f 729/2081/521 730/2082/521 734/2083/521
f 729/2081/521 734/2083/521 733/2084/521
f 732/2085/522 731/2086/522 735/2087/522
f 732/2085/522 735/2087/522 736/2088/522
f 731/2089/523 729/2090/523 733/2091/523
f 731/2089/523 733/2091/523 735/2092/523
usemtl m_95e20f84-55bb-7186-f91a-586499bd637e
f 736/2093/524 734/2094/524 730/2095/524
f 736/2093/524 730/2095/524 732/2096/524
usemtl m_cc4cbd32-c453-a4c6-e794-5e5fa231e7f1
f 740/2097/525 738/2098/525 737/2099/525
f 740/2097/525 737/2099/525 739/2100/525
f 743/2101/526 741/2102/526 742/2103/526
f 743/2101/526 742/2103/526 744/2104/526
f 737/2105/527 738/2106/527 742/2107/527
f 737/2105/527 742/2107/527 741/2108/527
f 740/2109/528 739/2110/528 743/2111/528
f 740/2109/528 743/2111/528 744/2112/528
f 739/2113/529 737/2114/529 741/2115/529
f 739/2113/529 741/2115/529 743/2116/529
f 744/2117/530 742/2118/530 738/2119/530
f 744/2117/530 738/2119/530 740/2120/530
o g_rle
v 0.4375 1.9375 -0.25
v 0.4375 1.9375 -0.3125
v 0.4375 0.3125 -0.25
v 0.4375 0.3125 -0.3125
v 0.375 1.9375 -0.25
v 0.375 1.9375 -0.3125
v 0.375 0.3125 -0.25
v 0.375 0.3125 -0.3125
v 0.5 2 -0.1875
v 0.5 2 -0.375
v 0.5 0 -0.1875
v 0.5 0 -0.375
v 0.4375 2 -0.1875
v 0.4375 2 -0.375
v 0.4375 0 -0.1875
v 0.4375 0 -0.375
v 0.4375 0.25 -0.25
v 0.4375 0.25 -0.3125
v 0.4375 0.0625 -0.25
v 0.4375 0.0625 -0.3125
v 0.375 0.25 -0.25
v 0.375 0.25 -0.3125
v 0.375 0.0625 -0.25
v 0.375 0.0625 -0.3125
v 0.5 0.25 0.1875
v 0.4375 0.25 0.1875
v 0.5 0.0625 0.1875
v 0.4375 0.0625 0.1875
v 0.5 0.25 0.25
v 0.4375 0.25 0.25
v 0.5 0.0625 0.25
v 0.4375 0.0625 0.25
v 0.5 0.25 -0.1875
v 0.4375 0.25 -0.1875
v 0.5 0.0625 -0.1875
v 0.4375 0.0625 -0.1875
v 0.5 0.25 -0.125
v 0.4375 0.25 -0.125
v 0.5 0.0625 -0.125
v 0.4375 0.0625 -0.125
v 0.5 1.9375 -0.1875
v 0.4375 1.9375 -0.1875
v 0.5 0.3125 -0.1875
v 0.4375 0.3125 -0.1875
v 0.5 1.9375 -0.125
v 0.4375 1.9375 -0.125
v 0.5 0.3125 -0.125
v 0.4375 0.3125 -0.125
v 0.5 1.9375 0.1875
v 0.4375 1.9375 0.1875
v 0.5 0.3125 0.1875
v 0.4375 0.3125 0.1875
v 0.5 1.9375 0.25
v 0.4375 1.9375 0.25
v 0.5 0.3125 0.25
v 0.4375 0.3125 0.25
v 0.5 0.0625 -0.1875
v 0.4375 0.0625 -0.1875
v 0.5 0 -0.1875
v 0.4375 0 -0.1875
v 0.5 0.0625 0.25
v 0.4375 0.0625 0.25
v 0.5 0 0.25
v 0.4375 0 0.25
v 0.5 0.3125 -0.1875
v 0.4375 0.3125 -0.1875
v 0.5 0.25 -0.1875
v 0.4375 0.25 -0.1875
v 0.5 0.3125 0.25
v 0.4375 0.3125 0.25
v 0.5 0.25 0.25
v 0.4375 0.25 0.25
v 0.4390625 0.25 -0.125
v 0.4375 0.25 -0.125
v 0.4390625 0.0625 -0.125
v 0.4375 0.0625 -0.125
v 0.4390625 0.25 0.1875
v 0.4375 0.25 0.1875
v 0.4390625 0.0625 0.1875
v 0.4375 0.0625 0.1875
v 0.5 2 -0.1875
v 0.4375 2 -0.1875
v 0.5 1.9375 -0.1875
v 0.4375 1.9375 -0.1875
v 0.5 2 0.25
v 0.4375 2 0.25
v 0.5 1.9375 0.25
v 0.4375 1.9375 0.25
v 0.5 2 0.25
v 0.4375 2 0.25
v 0.5 0 0.25
v 0.4375 0 0.25
v 0.5 2 0.3125
v 0.4375 2 0.3125
v 0.5 0 0.3125
v 0.4375 0 0.3125
v 0.4375 0.0625 -0.25
v 0.4375 0.0625 -0.3125
v 0.4375 0 -0.25
v 0.4375 0 -0.3125
v 0 0.0625 -0.25
v 0 0.0625 -0.3125
v 0 0 -0.25
v 0 0 -0.3125
v 0.375 0.25 -0.25
v 0.375 0.25 -0.2515625
v 0.375 0.0625 -0.25
v 0.375 0.0625 -0.2515625
v 0 0.25 -0.25
v 0 0.25 -0.2515625
v 0 0.0625 -0.25
v 0 0.0625 -0.2515625
v 0.4375 0.3125 -0.25
v 0.4375 0.3125 -0.3125
v 0.4375 0.25 -0.25
v 0.4375 0.25 -0.3125
v 0 0.3125 -0.25
v 0 0.3125 -0.3125
v 0 0.25 -0.25
v 0 0.25 -0.3125
v 0.4375 2 -0.25
v 0.4375 2 -0.3125
v 0.4375 1.9375 -0.25
v 0.4375 1.9375 -0.3125
v 0 2 -0.25
v 0 2 -0.3125
v 0 1.9375 -0.25
v 0 1.9375 -0.3125
vt 0.125 0
vt 0.125 1
vt 0.0625 1
vt 0.0625 0
vt 0.125 0
vt 0.125 1
vt 0.0625 1
vt 0.0625 0
vt 0.125 0.9375
vt 0.125 1
vt 0.0625 1
vt 0.0625 0.9375
vt 0.125 0.9375
vt 0.125 1
vt 0.0625 1
vt 0.0625 0.9375
vt 0.125 0
vt 0.125 1
vt 0.0625 1
vt 0.0625 0
vt 0.125 0
vt 0.125 1
vt 0.0625 1
vt 0.0625 0
vt 0.3125 0
vt 0.3125 1
vt 0.125 1
vt 0.125 0
vt 0.3125 0
vt 0.3125 1
vt 0.125 1
vt 0.125 0
vt 0.125 0.8125
vt 0.125 1
vt 0.0625 1
vt 0.0625 0.8125
vt 0.125 0.8125
vt 0.125 1
vt 0.0625 1
vt 0.0625 0.8125
vt 0.125 0
vt 0.125 1
vt 0.0625 1
vt 0.0625 0
vt 0.125 0
vt 0.125 1
vt 0.0625 1
vt 0.0625 0
vt 0.125 0.8125
vt 0.125 1
vt 0.0625 1
vt 0.0625 0.8125
vt 0.125 0.8125
vt 0.125 1
vt 0.0625 1
vt 0.0625 0.8125
vt 0.125 0.9375
vt 0.125 1
vt 0.0625 1
vt 0.0625 0.9375
vt 0.125 0.9375
vt 0.125 1
vt 0.0625 1
vt 0.0625 0.9375
vt 0.125 0.8125
vt 0.125 1
vt 0.0625 1
vt 0.0625 0.8125
vt 0.125 0.8125
vt 0.125 1
vt 0.0625 1
vt 0.0625 0.8125
vt 0.1875 0.8125
vt 0.1875 1
vt 0.125 1
vt 0.125 0.8125
vt 0.1875 0.8125
vt 0.1875 1
vt 0.125 1
vt 0.125 0.8125
vt 0.125 0.875
vt 0.125 0.9375
vt 0.0625 0.9375
vt 0.0625 0.875
vt 0.125 0.875
vt 0.125 0.9375
vt 0.0625 0.9375
vt 0.0625 0.875
vt 0.1875 0.8125
vt 0.1875 1
vt 0.125 1
vt 0.125 0.8125
vt 0.1875 0.8125
vt 0.1875 1
vt 0.125 1
vt 0.125 0.8125
vt 0.1875 0.8125
vt 0.1875 1
vt 0.125 1
vt 0.125 0.8125
vt 0.1875 0.8125
vt 0.1875 1
vt 0.125 1
vt 0.125 0.8125
vt 0.125 0.875
vt 0.125 0.9375
vt 0.0625 0.9375
vt 0.0625 0.875
vt 0.125 0.875
vt 0.125 0.9375
vt 0.0625 0.9375
vt 0.0625 0.875
vt 0.1875 0.8125
vt 0.1875 1
vt 0.125 1
vt 0.125 0.8125
vt 0.1875 0.8125
vt 0.1875 1
vt 0.125 1
vt 0.125 0.8125
vt 0.1875 0
vt 0.1875 1
vt 0.125 1
vt 0.125 0
vt 0.1875 0
vt 0.1875 1
vt 0.125 1
vt 0.125 0
vt 0.125 0.875
vt 0.125 0.9375
vt 0.0625 0.9375
vt 0.0625 0.875
vt 0.125 0.875
vt 0.125 0.9375
vt 0.0625 0.9375
vt 0.0625 0.875
vt 0.1875 0
vt 0.1875 1
vt 0.125 1
vt 0.125 0
vt 0.1875 0
vt 0.1875 1
vt 0.125 1
vt 0.125 0
vt 0.1875 0
vt 0.1875 1
vt 0.125 1
vt 0.125 0
vt 0.1875 0
vt 0.1875 1
vt 0.125 1
vt 0.125 0
vt 0.125 0.875
vt 0.125 0.9375
vt 0.0625 0.9375
vt 0.0625 0.875
vt 0.125 0.875
vt 0.125 0.9375
vt 0.0625 0.9375
vt 0.0625 0.875
vt 0.1875 0
vt 0.1875 1
vt 0.125 1
vt 0.125 0
vt 0.1875 0
vt 0.1875 1
vt 0.125 1
vt 0.125 0
vt 0.1875 0.9375
vt 0.1875 1
vt 0.125 1
vt 0.125 0.9375
vt 0.1875 0.9375
vt 0.1875 1
vt 0.125 1
vt 0.125 0.9375
vt 0.875 0.875
vt 0.875 0.9375
vt 0.4375 0.9375
vt 0.4375 0.875
vt 0.875 0.875
vt 0.875 0.9375
vt 0.4375 0.9375
vt 0.4375 0.875
vt 1 0.9375
vt 1 1
vt 0.5625 1
vt 0.5625 0.9375
vt 1 0.9375
vt 1 1
vt 0.5625 1
vt 0.5625 0.9375
vt 0.1875 0.9375
vt 0.1875 1
vt 0.125 1
vt 0.125 0.9375
vt 0.1875 0.9375
vt 0.1875 1
vt 0.125 1
vt 0.125 0.9375
vt 0.875 0.875
vt 0.875 0.9375
vt 0.4375 0.9375
vt 0.4375 0.875
vt 0.875 0.875
vt 0.875 0.9375
vt 0.4375 0.9375
vt 0.4375 0.875
vt 1 0.9375
vt 1 1
vt 0.5625 1
vt 0.5625 0.9375
vt 1 0.9375
vt 1 1
vt 0.5625 1
vt 0.5625 0.9375
vt 0.0046875 0.8125
vt 0.0046875 1
vt 0.003125 1
vt 0.003125 0.8125
vt 0.0046875 0.8125
vt 0.0046875 1
vt 0.003125 1
vt 0.003125 0.8125
vt 0.6875 0.996875
vt 0.6875 0.9984375
vt 0.375 0.9984375
vt 0.375 0.996875
vt 0.6875 0.996875
vt 0.6875 0.9984375
vt 0.375 0.9984375
vt 0.375 0.996875
vt 0.9375 0.8125
vt 0.9375 1
vt 0.625 1
vt 0.625 0.8125
vt 0.9375 0.8125
vt 0.9375 1
vt 0.625 1
vt 0.625 0.8125
vt 0.1875 0.9375
vt 0.1875 1
vt 0.125 1
vt 0.125 0.9375
vt 0.1875 0.9375
vt 0.1875 1
vt 0.125 1
vt 0.125 0.9375
vt 0.875 0.875
vt 0.875 0.9375
vt 0.4375 0.9375
vt 0.4375 0.875
vt 0.875 0.875
vt 0.875 0.9375
vt 0.4375 0.9375
vt 0.4375 0.875
vt 1 0.9375
vt 1 1
vt 0.5625 1
vt 0.5625 0.9375
vt 1 0.9375
vt 1 1
vt 0.5625 1
vt 0.5625 0.9375
vt 0.3125 0
vt 0.3125 1
vt 0.25 1
vt 0.25 0
vt 0.3125 0
vt 0.3125 1
vt 0.25 1
vt 0.25 0
vt 0.125 0.8125
vt 0.125 0.875
vt 0.0625 0.875
vt 0.0625 0.8125
vt 0.125 0.8125
vt 0.125 0.875
vt 0.0625 0.875
vt 0.0625 0.8125
vt 0.1875 0
vt 0.1875 1
vt 0.125 1
vt 0.125 0
vt 0.1875 0
vt 0.1875 1
vt 0.125 1
vt 0.125 0
vt 0.125 0.9375
vt 0.125 1
vt 0.0625 1
vt 0.0625 0.9375
vt 0.125 0.9375
vt 0.125 1
vt 0.0625 1
vt 0.0625 0.9375
vt 0.875 0.9375
vt 0.875 1
vt 0.4375 1
vt 0.4375 0.9375
vt 0.875 0.9375
vt 0.875 1
vt 0.4375 1
vt 0.4375 0.9375
vt 0.875 0.9375
vt 0.875 1
vt 0.4375 1
vt 0.4375 0.9375
vt 0.875 0.9375
vt 0.875 1
vt 0.4375 1
vt 0.4375 0.9375
vt 0.003125 0.8125
vt 0.003125 1
vt 0.0015625 1
vt 0.0015625 0.8125
vt 0.003125 0.8125
vt 0.003125 1
vt 0.0015625 1
vt 0.0015625 0.8125
vt 0.75 0.9984375
vt 0.75 1
vt 0.375 1
vt 0.375 0.9984375
vt 0.75 0.9984375
vt 0.75 1
vt 0.375 1
vt 0.375 0.9984375
vt 0.75 0.8125
vt 0.75 1
vt 0.375 1
vt 0.375 0.8125
vt 0.75 0.8125
vt 0.75 1
vt 0.375 1
vt 0.375 0.8125
vt 0.125 0.9375
vt 0.125 1
vt 0.0625 1
vt 0.0625 0.9375
vt 0.125 0.9375
vt 0.125 1
vt 0.0625 1
vt 0.0625 0.9375
vt 0.875 0.9375
vt 0.875 1
vt 0.4375 1
vt 0.4375 0.9375
vt 0.875 0.9375
vt 0.875 1
vt 0.4375 1
vt 0.4375 0.9375
vt 0.875 0.9375
vt 0.875 1
vt 0.4375 1
vt 0.4375 0.9375
vt 0.875 0.9375
vt 0.875 1
vt 0.4375 1
vt 0.4375 0.9375
vt 0.125 0.9375
vt 0.125 1
vt 0.0625 1
vt 0.0625 0.9375
vt 0.125 0.9375
vt 0.125 1
vt 0.0625 1
vt 0.0625 0.9375
vt 0.875 0.9375
vt 0.875 1
vt 0.4375 1
vt 0.4375 0.9375
vt 0.875 0.9375
vt 0.875 1
vt 0.4375 1
vt 0.4375 0.9375
vt 0.875 0.9375
vt 0.875 1
vt 0.4375 1
vt 0.4375 0.9375
vt 0.875 0.9375
vt 0.875 1
vt 0.4375 1
vt 0.4375 0.9375
vn 1 0 0
vn -1 0 0
vn 0 1 0
vn 0 -1 0
vn 0 0 1
vn 0 0 -1
vn 1 0 0
vn -1 0 0
vn 0 1 0
vn 0 -1 0
vn 0 0 1
vn 0 0 -1
vn 1 0 0
vn -1 0 0
vn 0 1 0
vn 0 -1 0
vn 0 0 1
vn 0 0 -1
vn 0 0 -1
vn 0 0 1
vn 0 1 0
vn 0 -1 0
vn 1 0 0
vn -1 0 0
vn 0 0 -1
vn 0 0 1
vn 0 1 0
vn 0 -1 0
vn 1 0 0
vn -1 0 0
vn 0 0 -1
vn 0 0 1
vn 0 1 0
vn 0 -1 0
vn 1 0 0
vn -1 0 0
vn 0 0 -1
vn 0 0 1
vn 0 1 0
vn 0 -1 0
vn 1 0 0
vn -1 0 0
vn 0 0 -1
vn 0 0 1
vn 0 1 0
vn 0 -1 0
vn 1 0 0
vn -1 0 0
vn 0 0 -1
vn 0 0 1
vn 0 1 0
vn 0 -1 0
vn 1 0 0
vn -1 0 0
vn 0 0 -1
vn 0 0 1
vn 0 1 0
vn 0 -1 0
vn 1 0 0
vn -1 0 0
vn 0 0 -1
vn 0 0 1
vn 0 1 0
vn 0 -1 0
vn 1 0 0
vn -1 0 0
vn 0 0 -1
vn 0 0 1
vn 0 1 0
vn 0 -1 0
vn 1 0 0
vn -1 0 0
vn 1 0 0
vn -1 0 0
vn 0 1 0
vn 0 -1 0
vn 0 0 1
vn 0 0 -1
vn 1 0 0
vn -1 0 0
vn 0 1 0
vn 0 -1 0
vn 0 0 1
vn 0 0 -1
vn 1 0 0
vn -1 0 0
vn 0 1 0
vn 0 -1 0
vn 0 0 1
vn 0 0 -1
vn 1 0 0
vn -1 0 0
vn 0 1 0
vn 0 -1 0
vn 0 0 1
vn 0 0 -1
usemtl m_cc4cbd32-c453-a4c6-e794-5e5fa231e7f1
f 748/2121/531 746/2122/531 745/2123/531
f 748/2121/531 745/2123/531 747/2124/531
f 751/2125/532 749/2126/532 750/2127/532
f 751/2125/532 750/2127/532 752/2128/532
f 745/2129/533 746/2130/533 750/2131/533
f 745/2129/533 750/2131/533 749/2132/533
f 748/2133/534 747/2134/534 751/2135/534
f 748/2133/534 751/2135/534 752/2136/534
usemtl m_95e20f84-55bb-7186-f91a-586499bd637e
f 747/2137/535 745/2138/535 749/2139/535
f 747/2137/535 749/2139/535 751/2140/535
usemtl m_cc4cbd32-c453-a4c6-e794-5e5fa231e7f1
f 752/2141/536 750/2142/536 746/2143/536
f 752/2141/536 746/2143/536 748/2144/536
f 756/2145/537 754/2146/537 753/2147/537
f 756/2145/537 753/2147/537 755/2148/537
f 759/2149/538 757/2150/538 758/2151/538
f 759/2149/538 758/2151/538 760/2152/538
f 753/2153/539 754/2154/539 758/2155/539
f 753/2153/539 758/2155/539 757/2156/539
f 756/2157/540 755/2158/540 759/2159/540
f 756/2157/540 759/2159/540 760/2160/540
f 755/2161/541 753/2162/541 757/2163/541
f 755/2161/541 757/2163/541 759/2164/541
f 760/2165/542 758/2166/542 754/2167/542
f 760/2165/542 754/2167/542 756/2168/542
f 764/2169/543 762/2170/543 761/2171/543
f 764/2169/543 761/2171/543 763/2172/543
f 767/2173/544 765/2174/544 766/2175/544
f 767/2173/544 766/2175/544 768/2176/544
f 761/2177/545 762/2178/545 766/2179/545
f 761/2177/545 766/2179/545 765/2180/545
f 764/2181/546 763/2182/546 767/2183/546
f 764/2181/546 767/2183/546 768/2184/546
usemtl m_f59e3bac-8fcc-890c-63e5-9d78c1a9e541
f 763/2185/547 761/2186/547 765/2187/547
f 763/2185/547 765/2187/547 767/2188/547
usemtl m_cc4cbd32-c453-a4c6-e794-5e5fa231e7f1
f 768/2189/548 766/2190/548 762/2191/548
f 768/2189/548 762/2191/548 764/2192/548
f 772/2193/549 770/2194/549 769/2195/549
f 772/2193/549 769/2195/549 771/2196/549
f 775/2197/550 773/2198/550 774/2199/550
f 775/2197/550 774/2199/550 776/2200/550
f 769/2201/551 770/2202/551 774/2203/551
f 769/2201/551 774/2203/551 773/2204/551
f 772/2205/552 771/2206/552 775/2207/552
f 772/2205/552 775/2207/552 776/2208/552
f 771/2209/553 769/2210/553 773/2211/553
f 771/2209/553 773/2211/553 775/2212/553
usemtl m_f59e3bac-8fcc-890c-63e5-9d78c1a9e541
f 776/2213/554 774/2214/554 770/2215/554
f 776/2213/554 770/2215/554 772/2216/554
usemtl m_cc4cbd32-c453-a4c6-e794-5e5fa231e7f1
f 780/2217/555 778/2218/555 777/2219/555
f 780/2217/555 777/2219/555 779/2220/555
f 783/2221/556 781/2222/556 782/2223/556
f 783/2221/556 782/2223/556 784/2224/556
f 777/2225/557 778/2226/557 782/2227/557
f 777/2225/557 782/2227/557 781/2228/557
f 780/2229/558 779/2230/558 783/2231/558
f 780/2229/558 783/2231/558 784/2232/558
f 779/2233/559 777/2234/559 781/2235/559
f 779/2233/559 781/2235/559 783/2236/559
usemtl m_f59e3bac-8fcc-890c-63e5-9d78c1a9e541
f 784/2237/560 782/2238/560 778/2239/560
f 784/2237/560 778/2239/560 780/2240/560
usemtl m_cc4cbd32-c453-a4c6-e794-5e5fa231e7f1
f 788/2241/561 786/2242/561 785/2243/561
f 788/2241/561 785/2243/561 787/2244/561
f 791/2245/562 789/2246/562 790/2247/562
f 791/2245/562 790/2247/562 792/2248/562
f 785/2249/563 786/2250/563 790/2251/563
f 785/2249/563 790/2251/563 789/2252/563
f 788/2253/564 787/2254/564 791/2255/564
f 788/2253/564 791/2255/564 792/2256/564
f 787/2257/565 785/2258/565 789/2259/565
f 787/2257/565 789/2259/565 791/2260/565
usemtl m_95e20f84-55bb-7186-f91a-586499bd637e
f 792/2261/566 790/2262/566 786/2263/566
f 792/2261/566 786/2263/566 788/2264/566
usemtl m_cc4cbd32-c453-a4c6-e794-5e5fa231e7f1
f 796/2265/567 794/2266/567 793/2267/567
f 796/2265/567 793/2267/567 795/2268/567
f 799/2269/568 797/2270/568 798/2271/568
f 799/2269/568 798/2271/568 800/2272/568
f 793/2273/569 794/2274/569 798/2275/569
f 793/2273/569 798/2275/569 797/2276/569
f 796/2277/570 795/2278/570 799/2279/570
f 796/2277/570 799/2279/570 800/2280/570
f 795/2281/571 793/2282/571 797/2283/571
f 795/2281/571 797/2283/571 799/2284/571
usemtl m_95e20f84-55bb-7186-f91a-586499bd637e
f 800/2285/572 798/2286/572 794/2287/572
f 800/2285/572 794/2287/572 796/2288/572
usemtl m_cc4cbd32-c453-a4c6-e794-5e5fa231e7f1
f 804/2289/573 802/2290/573 801/2291/573
f 804/2289/573 801/2291/573 803/2292/573
f 807/2293/574 805/2294/574 806/2295/574
f 807/2293/574 806/2295/574 808/2296/574
f 801/2297/575 802/2298/575 806/2299/575
f 801/2297/575 806/2299/575 805/2300/575
f 804/2301/576 803/2302/576 807/2303/576
f 804/2301/576 807/2303/576 808/2304/576
f 803/2305/577 801/2306/577 805/2307/577
f 803/2305/577 805/2307/577 807/2308/577
usemtl m_f59e3bac-8fcc-890c-63e5-9d78c1a9e541
f 808/2309/578 806/2310/578 802/2311/578
f 808/2309/578 802/2311/578 804/2312/578
usemtl m_cc4cbd32-c453-a4c6-e794-5e5fa231e7f1
f 812/2313/579 810/2314/579 809/2315/579
f 812/2313/579 809/2315/579 811/2316/579
f 815/2317/580 813/2318/580 814/2319/580
f 815/2317/580 814/2319/580 816/2320/580
f 809/2321/581 810/2322/581 814/2323/581
f 809/2321/581 814/2323/581 813/2324/581
f 812/2325/582 811/2326/582 815/2327/582
f 812/2325/582 815/2327/582 816/2328/582
f 811/2329/583 809/2330/583 813/2331/583
f 811/2329/583 813/2331/583 815/2332/583
usemtl m_95e20f84-55bb-7186-f91a-586499bd637e
f 816/2333/584 814/2334/584 810/2335/584
f 816/2333/584 810/2335/584 812/2336/584
usemtl m_cc4cbd32-c453-a4c6-e794-5e5fa231e7f1
f 820/2337/585 818/2338/585 817/2339/585
f 820/2337/585 817/2339/585 819/2340/585
f 823/2341/586 821/2342/586 822/2343/586
f 823/2341/586 822/2343/586 824/2344/586
f 817/2345/587 818/2346/587 822/2347/587
f 817/2345/587 822/2347/587 821/2348/587
f 820/2349/588 819/2350/588 823/2351/588
f 820/2349/588 823/2351/588 824/2352/588
f 819/2353/589 817/2354/589 821/2355/589
f 819/2353/589 821/2355/589 823/2356/589
usemtl m_f59e3bac-8fcc-890c-63e5-9d78c1a9e541
f 824/2357/590 822/2358/590 818/2359/590
f 824/2357/590 818/2359/590 820/2360/590
usemtl m_cc4cbd32-c453-a4c6-e794-5e5fa231e7f1
f 828/2361/591 826/2362/591 825/2363/591
f 828/2361/591 825/2363/591 827/2364/591
f 831/2365/592 829/2366/592 830/2367/592
f 831/2365/592 830/2367/592 832/2368/592
f 825/2369/593 826/2370/593 830/2371/593
f 825/2369/593 830/2371/593 829/2372/593
f 828/2373/594 827/2374/594 831/2375/594
f 828/2373/594 831/2375/594 832/2376/594
f 827/2377/595 825/2378/595 829/2379/595
f 827/2377/595 829/2379/595 831/2380/595
usemtl m_95e20f84-55bb-7186-f91a-586499bd637e
f 832/2381/596 830/2382/596 826/2383/596
f 832/2381/596 826/2383/596 828/2384/596
usemtl m_cc4cbd32-c453-a4c6-e794-5e5fa231e7f1
f 836/2385/597 834/2386/597 833/2387/597
f 836/2385/597 833/2387/597 835/2388/597
f 839/2389/598 837/2390/598 838/2391/598
f 839/2389/598 838/2391/598 840/2392/598
f 833/2393/599 834/2394/599 838/2395/599
f 833/2393/599 838/2395/599 837/2396/599
f 836/2397/600 835/2398/600 839/2399/600
f 836/2397/600 839/2399/600 840/2400/600
f 835/2401/601 833/2402/601 837/2403/601
f 835/2401/601 837/2403/601 839/2404/601
f 840/2405/602 838/2406/602 834/2407/602
f 840/2405/602 834/2407/602 836/2408/602
f 844/2409/603 842/2410/603 841/2411/603
f 844/2409/603 841/2411/603 843/2412/603
f 847/2413/604 845/2414/604 846/2415/604
f 847/2413/604 846/2415/604 848/2416/604
f 841/2417/605 842/2418/605 846/2419/605
f 841/2417/605 846/2419/605 845/2420/605
f 844/2421/606 843/2422/606 847/2423/606
f 844/2421/606 847/2423/606 848/2424/606
usemtl m_f59e3bac-8fcc-890c-63e5-9d78c1a9e541
f 843/2425/607 841/2426/607 845/2427/607
f 843/2425/607 845/2427/607 847/2428/607
usemtl m_cc4cbd32-c453-a4c6-e794-5e5fa231e7f1
f 848/2429/608 846/2430/608 842/2431/608
f 848/2429/608 842/2431/608 844/2432/608
f 852/2433/609 850/2434/609 849/2435/609
f 852/2433/609 849/2435/609 851/2436/609
f 855/2437/610 853/2438/610 854/2439/610
f 855/2437/610 854/2439/610 856/2440/610
f 849/2441/611 850/2442/611 854/2443/611
f 849/2441/611 854/2443/611 853/2444/611
f 852/2445/612 851/2446/612 855/2447/612
f 852/2445/612 855/2447/612 856/2448/612
usemtl m_f59e3bac-8fcc-890c-63e5-9d78c1a9e541
f 851/2449/613 849/2450/613 853/2451/613
f 851/2449/613 853/2451/613 855/2452/613
usemtl m_cc4cbd32-c453-a4c6-e794-5e5fa231e7f1
f 856/2453/614 854/2454/614 850/2455/614
f 856/2453/614 850/2455/614 852/2456/614
f 860/2457/615 858/2458/615 857/2459/615
f 860/2457/615 857/2459/615 859/2460/615
f 863/2461/616 861/2462/616 862/2463/616
f 863/2461/616 862/2463/616 864/2464/616
f 857/2465/617 858/2466/617 862/2467/617
f 857/2465/617 862/2467/617 861/2468/617
f 860/2469/618 859/2470/618 863/2471/618
f 860/2469/618 863/2471/618 864/2472/618
usemtl m_95e20f84-55bb-7186-f91a-586499bd637e
f 859/2473/619 857/2474/619 861/2475/619
f 859/2473/619 861/2475/619 863/2476/619
usemtl m_cc4cbd32-c453-a4c6-e794-5e5fa231e7f1
f 864/2477/620 862/2478/620 858/2479/620
f 864/2477/620 858/2479/620 860/2480/620
f 868/2481/621 866/2482/621 865/2483/621
f 868/2481/621 865/2483/621 867/2484/621
f 871/2485/622 869/2486/622 870/2487/622
f 871/2485/622 870/2487/622 872/2488/622
f 865/2489/623 866/2490/623 870/2491/623
f 865/2489/623 870/2491/623 869/2492/623
f 868/2493/624 867/2494/624 871/2495/624
f 868/2493/624 871/2495/624 872/2496/624
usemtl m_95e20f84-55bb-7186-f91a-586499bd637e
f 867/2497/625 865/2498/625 869/2499/625
f 867/2497/625 869/2499/625 871/2500/625
usemtl m_cc4cbd32-c453-a4c6-e794-5e5fa231e7f1
f 872/2501/626 870/2502/626 866/2503/626
f 872/2501/626 866/2503/626 868/2504/626
o g_lse
v 0.125 1.9375 -0.1875
v 0.125 1.9375 -0.25
v 0.125 0.3125 -0.1875
v 0.125 0.3125 -0.25
v 0.0625 1.9375 -0.1875
v 0.0625 1.9375 -0.25
v 0.0625 0.3125 -0.1875
v 0.0625 0.3125 -0.25
v 0.0625 2 -0.125
v 0.0625 2 -0.3125
v 0.0625 0 -0.125
v 0.0625 0 -0.3125
v 0 2 -0.125
v 0 2 -0.3125
v 0 0 -0.125
v 0 0 -0.3125
v 0.125 0.25 -0.1875
v 0.125 0.25 -0.25
v 0.125 0.0625 -0.1875
v 0.125 0.0625 -0.25
v 0.0625 0.25 -0.1875
v 0.0625 0.25 -0.25
v 0.0625 0.0625 -0.1875
v 0.0625 0.0625 -0.25
v 0 0.25 0.25
v 0.0625 0.25 0.25
v 0 0.0625 0.25
v 0.0625 0.0625 0.25
v 0 0.25 0.1875
v 0.0625 0.25 0.1875
v 0 0.0625 0.1875
v 0.0625 0.0625 0.1875
v 0 0.25 -0.0625
v 0.0625 0.25 -0.0625
v 0 0.0625 -0.0625
v 0.0625 0.0625 -0.0625
v 0 0.25 -0.125
v 0.0625 0.25 -0.125
v 0 0.0625 -0.125
v 0.0625 0.0625 -0.125
v 0 1.9375 -0.0625
v 0.0625 1.9375 -0.0625
v 0 0.3125 -0.0625
v 0.0625 0.3125 -0.0625
v 0 1.9375 -0.125
v 0.0625 1.9375 -0.125
v 0 0.3125 -0.125
v 0.0625 0.3125 -0.125
v 0 1.9375 0.25
v 0.0625 1.9375 0.25
v 0 0.3125 0.25
v 0.0625 0.3125 0.25
v 0 1.9375 0.1875
v 0.0625 1.9375 0.1875
v 0 0.3125 0.1875
v 0.0625 0.3125 0.1875
v 0 0.0625 0.25
v 0.0625 0.0625 0.25
v 0 0 0.25
v 0.0625 0 0.25
v 0 0.0625 -0.125
v 0.0625 0.0625 -0.125
v 0 0 -0.125
v 0.0625 0 -0.125
v 0 0.3125 0.25
v 0.0625 0.3125 0.25
v 0 0.25 0.25
v 0.0625 0.25 0.25
v 0 0.3125 -0.125
v 0.0625 0.3125 -0.125
v 0 0.25 -0.125
v 0.0625 0.25 -0.125
v 0.0609375 0.25 0.1875
v 0.0625 0.25 0.1875
v 0.0609375 0.0625 0.1875
v 0.0625 0.0625 0.1875
v 0.0609375 0.25 -0.0625
v 0.0625 0.25 -0.0625
v 0.0609375 0.0625 -0.0625
v 0.0625 0.0625 -0.0625
v 0 2 0.25
v 0.0625 2 0.25
v 0 1.9375 0.25
v 0.0625 1.9375 0.25
v 0 2 -0.125
v 0.0625 2 -0.125
v 0 1.9375 -0.125
v 0.0625 1.9375 -0.125
v 0 2 0.3125
v 0.0625 2 0.3125
v 0 0 0.3125
v 0.0625 0 0.3125
v 0 2 0.25
v 0.0625 2 0.25
v 0 0 0.25
v 0.0625 0 0.25
vt 0.0625 0
vt 0.0625 1
vt 0.125 1
vt 0.125 0
vt 0.0625 0
vt 0.0625 1
vt 0.125 1
vt 0.125 0
vt 0.0625 0.9375
vt 0.0625 1
vt 0.125 1
vt 0.125 0.9375
vt 0.0625 0.9375
vt 0.0625 1
vt 0.125 1
vt 0.125 0.9375
vt 0.0625 0
vt 0.0625 1
vt 0.125 1
vt 0.125 0
vt 0.0625 0
vt 0.0625 1
vt 0.125 1
vt 0.125 0
vt 0.125 0
vt 0.125 1
vt 0.3125 1
vt 0.3125 0
vt 0.125 0
vt 0.125 1
vt 0.3125 1
vt 0.3125 0
vt 0.0625 0.8125
vt 0.0625 1
vt 0.125 1
vt 0.125 0.8125
vt 0.0625 0.8125
vt 0.0625 1
vt 0.125 1
vt 0.125 0.8125
vt 0.0625 0
vt 0.0625 1
vt 0.125 1
vt 0.125 0
vt 0.0625 0
vt 0.0625 1
vt 0.125 1
vt 0.125 0
vt 0.0625 0.8125
vt 0.0625 1
vt 0.125 1
vt 0.125 0.8125
vt 0.0625 0.8125
vt 0.0625 1
vt 0.125 1
vt 0.125 0.8125
vt 0.0625 0.9375
vt 0.0625 1
vt 0.125 1
vt 0.125 0.9375
vt 0.0625 0.9375
vt 0.0625 1
vt 0.125 1
vt 0.125 0.9375
vt 0.0625 0.8125
vt 0.0625 1
vt 0.125 1
vt 0.125 0.8125
vt 0.0625 0.8125
vt 0.0625 1
vt 0.125 1
vt 0.125 0.8125
vt 0.125 0.8125
vt 0.125 1
vt 0.1875 1
vt 0.1875 0.8125
vt 0.125 0.8125
vt 0.125 1
vt 0.1875 1
vt 0.1875 0.8125
vt 0.0625 0.875
vt 0.0625 0.9375
vt 0.125 0.9375
vt 0.125 0.875
vt 0.0625 0.875
vt 0.0625 0.9375
vt 0.125 0.9375
vt 0.125 0.875
vt 0.125 0.8125
vt 0.125 1
vt 0.1875 1
vt 0.1875 0.8125
vt 0.125 0.8125
vt 0.125 1
vt 0.1875 1
vt 0.1875 0.8125
vt 0.125 0.8125
vt 0.125 1
vt 0.1875 1
vt 0.1875 0.8125
vt 0.125 0.8125
vt 0.125 1
vt 0.1875 1
vt 0.1875 0.8125
vt 0.0625 0.875
vt 0.0625 0.9375
vt 0.125 0.9375
vt 0.125 0.875
vt 0.0625 0.875
vt 0.0625 0.9375
vt 0.125 0.9375
vt 0.125 0.875
vt 0.125 0.8125
vt 0.125 1
vt 0.1875 1
vt 0.1875 0.8125
vt 0.125 0.8125
vt 0.125 1
vt 0.1875 1
vt 0.1875 0.8125
vt 0.125 0
vt 0.125 1
vt 0.1875 1
vt 0.1875 0
vt 0.125 0
vt 0.125 1
vt 0.1875 1
vt 0.1875 0
vt 0.0625 0.875
vt 0.0625 0.9375
vt 0.125 0.9375
vt 0.125 0.875
vt 0.0625 0.875
vt 0.0625 0.9375
vt 0.125 0.9375
vt 0.125 0.875
vt 0.125 0
vt 0.125 1
vt 0.1875 1
vt 0.1875 0
vt 0.125 0
vt 0.125 1
vt 0.1875 1
vt 0.1875 0
vt 0.125 0
vt 0.125 1
vt 0.1875 1
vt 0.1875 0
vt 0.125 0
vt 0.125 1
vt 0.1875 1
vt 0.1875 0
vt 0.0625 0.875
vt 0.0625 0.9375
vt 0.125 0.9375
vt 0.125 0.875
vt 0.0625 0.875
vt 0.0625 0.9375
vt 0.125 0.9375
vt 0.125 0.875
vt 0.125 0
vt 0.125 1
vt 0.1875 1
vt 0.1875 0
vt 0.125 0
vt 0.125 1
vt 0.1875 1
vt 0.1875 0
vt 0.125 0.9375
vt 0.125 1
vt 0.1875 1
vt 0.1875 0.9375
vt 0.125 0.9375
vt 0.125 1
vt 0.1875 1
vt 0.1875 0.9375
vt 0.4375 0.875
vt 0.4375 0.9375
vt 0.8125 0.9375
vt 0.8125 0.875
vt 0.4375 0.875
vt 0.4375 0.9375
vt 0.8125 0.9375
vt 0.8125 0.875
vt 0.5625 0.9375
vt 0.5625 1
vt 0.9375 1
vt 0.9375 0.9375
vt 0.5625 0.9375
vt 0.5625 1
vt 0.9375 1
vt 0.9375 0.9375
vt 0.125 0.9375
vt 0.125 1
vt 0.1875 1
vt 0.1875 0.9375
vt 0.125 0.9375
vt 0.125 1
vt 0.1875 1
vt 0.1875 0.9375
vt 0.4375 0.875
vt 0.4375 0.9375
vt 0.8125 0.9375
vt 0.8125 0.875
vt 0.4375 0.875
vt 0.4375 0.9375
vt 0.8125 0.9375
vt 0.8125 0.875
vt 0.5625 0.9375
vt 0.5625 1
vt 0.9375 1
vt 0.9375 0.9375
vt 0.5625 0.9375
vt 0.5625 1
vt 0.9375 1
vt 0.9375 0.9375
vt 0.003125 0.8125
vt 0.003125 1
vt 0.0046875 1
vt 0.0046875 0.8125
vt 0.003125 0.8125
vt 0.003125 1
vt 0.0046875 1
vt 0.0046875 0.8125
vt 0.375 0.996875
vt 0.375 0.9984375
vt 0.625 0.9984375
vt 0.625 0.996875
vt 0.375 0.996875
vt 0.375 0.9984375
vt 0.625 0.9984375
vt 0.625 0.996875
vt 0.625 0.8125
vt 0.625 1
vt 0.875 1
vt 0.875 0.8125
vt 0.625 0.8125
vt 0.625 1
vt 0.875 1
vt 0.875 0.8125
vt 0.125 0.9375
vt 0.125 1
vt 0.1875 1
vt 0.1875 0.9375
vt 0.125 0.9375
vt 0.125 1
vt 0.1875 1
vt 0.1875 0.9375
vt 0.4375 0.875
vt 0.4375 0.9375
vt 0.8125 0.9375
vt 0.8125 0.875
vt 0.4375 0.875
vt 0.4375 0.9375
vt 0.8125 0.9375
vt 0.8125 0.875
vt 0.5625 0.9375
vt 0.5625 1
vt 0.9375 1
vt 0.9375 0.9375
vt 0.5625 0.9375
vt 0.5625 1
vt 0.9375 1
vt 0.9375 0.9375
vt 0.25 0
vt 0.25 1
vt 0.3125 1
vt 0.3125 0
vt 0.25 0
vt 0.25 1
vt 0.3125 1
vt 0.3125 0
vt 0.0625 0.8125
vt 0.0625 0.875
vt 0.125 0.875
vt 0.125 0.8125
vt 0.0625 0.8125
vt 0.0625 0.875
vt 0.125 0.875
vt 0.125 0.8125
vt 0.125 0
vt 0.125 1
vt 0.1875 1
vt 0.1875 0
vt 0.125 0
vt 0.125 1
vt 0.1875 1
vt 0.1875 0
vn 1 0 0
vn -1 0 0
vn 0 1 0
vn 0 -1 0
vn 0 0 1
vn 0 0 -1
vn 1 0 0
vn -1 0 0
vn 0 1 0
vn 0 -1 0
vn 0 0 1
vn 0 0 -1
vn 1 0 0
vn -1 0 0
vn 0 1 0
vn 0 -1 0
vn 0 0 1
vn 0 0 -1
vn 0 0 1
vn 0 0 -1
vn 0 1 0
vn 0 -1 0
vn -1 0 0
vn 1 0 0
vn 0 0 1
vn 0 0 -1
vn 0 1 0
vn 0 -1 0
vn -1 0 0
vn 1 0 0
vn 0 0 1
vn 0 0 -1
vn 0 1 0
vn 0 -1 0
vn -1 0 0
vn 1 0 0
vn 0 0 1
vn 0 0 -1
vn 0 1 0
vn 0 -1 0
vn -1 0 0
vn 1 0 0
vn 0 0 1
vn 0 0 -1
vn 0 1 0
vn 0 -1 0
vn -1 0 0
vn 1 0 0
vn 0 0 1
vn 0 0 -1
vn 0 1 0
vn 0 -1 0
vn -1 0 0
vn 1 0 0
vn 0 0 1
vn 0 0 -1
vn 0 1 0
vn 0 -1 0
vn -1 0 0
vn 1 0 0
vn 0 0 1
vn 0 0 -1
vn 0 1 0
vn 0 -1 0
vn -1 0 0
vn 1 0 0
vn 0 0 1
vn 0 0 -1
vn 0 1 0
vn 0 -1 0
vn -1 0 0
vn 1 0 0
usemtl m_cc4cbd32-c453-a4c6-e794-5e5fa231e7f1
f 876/2505/627 874/2506/627 873/2507/627
f 876/2505/627 873/2507/627 875/2508/627
f 879/2509/628 877/2510/628 878/2511/628
f 879/2509/628 878/2511/628 880/2512/628
f 873/2513/629 874/2514/629 878/2515/629
f 873/2513/629 878/2515/629 877/2516/629
f 876/2517/630 875/2518/630 879/2519/630
f 876/2517/630 879/2519/630 880/2520/630
usemtl m_95e20f84-55bb-7186-f91a-586499bd637e
f 875/2521/631 873/2522/631 877/2523/631
f 875/2521/631 877/2523/631 879/2524/631
usemtl m_cc4cbd32-c453-a4c6-e794-5e5fa231e7f1
f 880/2525/632 878/2526/632 874/2527/632
f 880/2525/632 874/2527/632 876/2528/632
f 884/2529/633 882/2530/633 881/2531/633
f 884/2529/633 881/2531/633 883/2532/633
f 887/2533/634 885/2534/634 886/2535/634
f 887/2533/634 886/2535/634 888/2536/634
f 881/2537/635 882/2538/635 886/2539/635
f 881/2537/635 886/2539/635 885/2540/635
f 884/2541/636 883/2542/636 887/2543/636
f 884/2541/636 887/2543/636 888/2544/636
f 883/2545/637 881/2546/637 885/2547/637
f 883/2545/637 885/2547/637 887/2548/637
f 888/2549/638 886/2550/638 882/2551/638
f 888/2549/638 882/2551/638 884/2552/638
f 892/2553/639 890/2554/639 889/2555/639
f 892/2553/639 889/2555/639 891/2556/639
f 895/2557/640 893/2558/640 894/2559/640
f 895/2557/640 894/2559/640 896/2560/640
f 889/2561/641 890/2562/641 894/2563/641
f 889/2561/641 894/2563/641 893/2564/641
f 892/2565/642 891/2566/642 895/2567/642
f 892/2565/642 895/2567/642 896/2568/642
usemtl m_f59e3bac-8fcc-890c-63e5-9d78c1a9e541
f 891/2569/643 889/2570/643 893/2571/643
f 891/2569/643 893/2571/643 895/2572/643
usemtl m_cc4cbd32-c453-a4c6-e794-5e5fa231e7f1
f 896/2573/644 894/2574/644 890/2575/644
f 896/2573/644 890/2575/644 892/2576/644
f 900/2577/645 898/2578/645 897/2579/645
f 900/2577/645 897/2579/645 899/2580/645
f 903/2581/646 901/2582/646 902/2583/646
f 903/2581/646 902/2583/646 904/2584/646
f 897/2585/647 898/2586/647 902/2587/647
f 897/2585/647 902/2587/647 901/2588/647
f 900/2589/648 899/2590/648 903/2591/648
f 900/2589/648 903/2591/648 904/2592/648
f 899/2593/649 897/2594/649 901/2595/649
f 899/2593/649 901/2595/649 903/2596/649
usemtl m_f59e3bac-8fcc-890c-63e5-9d78c1a9e541
f 904/2597/650 902/2598/650 898/2599/650
f 904/2597/650 898/2599/650 900/2600/650
usemtl m_cc4cbd32-c453-a4c6-e794-5e5fa231e7f1
f 908/2601/651 906/2602/651 905/2603/651
f 908/2601/651 905/2603/651 907/2604/651
f 911/2605/652 909/2606/652 910/2607/652
f 911/2605/652 910/2607/652 912/2608/652
f 905/2609/653 906/2610/653 910/2611/653
f 905/2609/653 910/2611/653 909/2612/653
f 908/2613/654 907/2614/654 911/2615/654
f 908/2613/654 911/2615/654 912/2616/654
f 907/2617/655 905/2618/655 909/2619/655
f 907/2617/655 909/2619/655 911/2620/655
usemtl m_f59e3bac-8fcc-890c-63e5-9d78c1a9e541
f 912/2621/656 910/2622/656 906/2623/656
f 912/2621/656 906/2623/656 908/2624/656
usemtl m_cc4cbd32-c453-a4c6-e794-5e5fa231e7f1
f 916/2625/657 914/2626/657 913/2627/657
f 916/2625/657 913/2627/657 915/2628/657
f 919/2629/658 917/2630/658 918/2631/658
f 919/2629/658 918/2631/658 920/2632/658
f 913/2633/659 914/2634/659 918/2635/659
f 913/2633/659 918/2635/659 917/2636/659
f 916/2637/660 915/2638/660 919/2639/660
f 916/2637/660 919/2639/660 920/2640/660
f 915/2641/661 913/2642/661 917/2643/661
f 915/2641/661 917/2643/661 919/2644/661
usemtl m_95e20f84-55bb-7186-f91a-586499bd637e
f 920/2645/662 918/2646/662 914/2647/662
f 920/2645/662 914/2647/662 916/2648/662
usemtl m_cc4cbd32-c453-a4c6-e794-5e5fa231e7f1
f 924/2649/663 922/2650/663 921/2651/663
f 924/2649/663 921/2651/663 923/2652/663
f 927/2653/664 925/2654/664 926/2655/664
f 927/2653/664 926/2655/664 928/2656/664
f 921/2657/665 922/2658/665 926/2659/665
f 921/2657/665 926/2659/665 925/2660/665
f 924/2661/666 923/2662/666 927/2663/666
f 924/2661/666 927/2663/666 928/2664/666
f 923/2665/667 921/2666/667 925/2667/667
f 923/2665/667 925/2667/667 927/2668/667
usemtl m_95e20f84-55bb-7186-f91a-586499bd637e
f 928/2669/668 926/2670/668 922/2671/668
f 928/2669/668 922/2671/668 924/2672/668
usemtl m_cc4cbd32-c453-a4c6-e794-5e5fa231e7f1
f 932/2673/669 930/2674/669 929/2675/669
f 932/2673/669 929/2675/669 931/2676/669
f 935/2677/670 933/2678/670 934/2679/670
f 935/2677/670 934/2679/670 936/2680/670
f 929/2681/671 930/2682/671 934/2683/671
f 929/2681/671 934/2683/671 933/2684/671
f 932/2685/672 931/2686/672 935/2687/672
f 932/2685/672 935/2687/672 936/2688/672
f 931/2689/673 929/2690/673 933/2691/673
f 931/2689/673 933/2691/673 935/2692/673
usemtl m_f59e3bac-8fcc-890c-63e5-9d78c1a9e541
f 936/2693/674 934/2694/674 930/2695/674
f 936/2693/674 930/2695/674 932/2696/674
usemtl m_cc4cbd32-c453-a4c6-e794-5e5fa231e7f1
f 940/2697/675 938/2698/675 937/2699/675
f 940/2697/675 937/2699/675 939/2700/675
f 943/2701/676 941/2702/676 942/2703/676
f 943/2701/676 942/2703/676 944/2704/676
f 937/2705/677 938/2706/677 942/2707/677
f 937/2705/677 942/2707/677 941/2708/677
f 940/2709/678 939/2710/678 943/2711/678
f 940/2709/678 943/2711/678 944/2712/678
f 939/2713/679 937/2714/679 941/2715/679
f 939/2713/679 941/2715/679 943/2716/679
usemtl m_95e20f84-55bb-7186-f91a-586499bd637e
f 944/2717/680 942/2718/680 938/2719/680
f 944/2717/680 938/2719/680 940/2720/680
usemtl m_cc4cbd32-c453-a4c6-e794-5e5fa231e7f1
f 948/2721/681 946/2722/681 945/2723/681
f 948/2721/681 945/2723/681 947/2724/681
f 951/2725/682 949/2726/682 950/2727/682
f 951/2725/682 950/2727/682 952/2728/682
f 945/2729/683 946/2730/683 950/2731/683
f 945/2729/683 950/2731/683 949/2732/683
f 948/2733/684 947/2734/684 951/2735/684
f 948/2733/684 951/2735/684 952/2736/684
f 947/2737/685 945/2738/685 949/2739/685
f 947/2737/685 949/2739/685 951/2740/685
usemtl m_f59e3bac-8fcc-890c-63e5-9d78c1a9e541
f 952/2741/686 950/2742/686 946/2743/686
f 952/2741/686 946/2743/686 948/2744/686
usemtl m_cc4cbd32-c453-a4c6-e794-5e5fa231e7f1
f 956/2745/687 954/2746/687 953/2747/687
f 956/2745/687 953/2747/687 955/2748/687
f 959/2749/688 957/2750/688 958/2751/688
f 959/2749/688 958/2751/688 960/2752/688
f 953/2753/689 954/2754/689 958/2755/689
f 953/2753/689 958/2755/689 957/2756/689
f 956/2757/690 955/2758/690 959/2759/690
f 956/2757/690 959/2759/690 960/2760/690
f 955/2761/691 953/2762/691 957/2763/691
f 955/2761/691 957/2763/691 959/2764/691
usemtl m_95e20f84-55bb-7186-f91a-586499bd637e
f 960/2765/692 958/2766/692 954/2767/692
f 960/2765/692 954/2767/692 956/2768/692
usemtl m_cc4cbd32-c453-a4c6-e794-5e5fa231e7f1
f 964/2769/693 962/2770/693 961/2771/693
f 964/2769/693 961/2771/693 963/2772/693
f 967/2773/694 965/2774/694 966/2775/694
f 967/2773/694 966/2775/694 968/2776/694
f 961/2777/695 962/2778/695 966/2779/695
f 961/2777/695 966/2779/695 965/2780/695
f 964/2781/696 963/2782/696 967/2783/696
f 964/2781/696 967/2783/696 968/2784/696
f 963/2785/697 961/2786/697 965/2787/697
f 963/2785/697 965/2787/697 967/2788/697
f 968/2789/698 966/2790/698 962/2791/698
f 968/2789/698 962/2791/698 964/2792/698
o g_lle
v -0.375 1.9375 -0.25
v -0.375 1.9375 -0.3125
v -0.375 0.3125 -0.25
v -0.375 0.3125 -0.3125
v -0.4375 1.9375 -0.25
v -0.4375 1.9375 -0.3125
v -0.4375 0.3125 -0.25
v -0.4375 0.3125 -0.3125
v -0.4375 2 -0.1875
v -0.4375 2 -0.375
v -0.4375 0 -0.1875
v -0.4375 0 -0.375
v -0.5 2 -0.1875
v -0.5 2 -0.375
v -0.5 0 -0.1875
v -0.5 0 -0.375
v -0.375 0.25 -0.25
v -0.375 0.25 -0.3125
v -0.375 0.0625 -0.25
v -0.375 0.0625 -0.3125
v -0.4375 0.25 -0.25
v -0.4375 0.25 -0.3125
v -0.4375 0.0625 -0.25
v -0.4375 0.0625 -0.3125
v -0.5 0.25 0.25
v -0.4375 0.25 0.25
v -0.5 0.0625 0.25
v -0.4375 0.0625 0.25
v -0.5 0.25 0.1875
v -0.4375 0.25 0.1875
v -0.5 0.0625 0.1875
v -0.4375 0.0625 0.1875
v -0.5 0.25 -0.125
v -0.4375 0.25 -0.125
v -0.5 0.0625 -0.125
v -0.4375 0.0625 -0.125
v -0.5 0.25 -0.1875
v -0.4375 0.25 -0.1875
v -0.5 0.0625 -0.1875
v -0.4375 0.0625 -0.1875
v -0.5 1.9375 -0.125
v -0.4375 1.9375 -0.125
v -0.5 0.3125 -0.125
v -0.4375 0.3125 -0.125
v -0.5 1.9375 -0.1875
v -0.4375 1.9375 -0.1875
v -0.5 0.3125 -0.1875
v -0.4375 0.3125 -0.1875
v -0.5 1.9375 0.25
v -0.4375 1.9375 0.25
v -0.5 0.3125 0.25
v -0.4375 0.3125 0.25
v -0.5 1.9375 0.1875
v -0.4375 1.9375 0.1875
v -0.5 0.3125 0.1875
v -0.4375 0.3125 0.1875
v -0.5 0.0625 0.25
v -0.4375 0.0625 0.25
v -0.5 0 0.25
v -0.4375 0 0.25
v -0.5 0.0625 -0.1875
v -0.4375 0.0625 -0.1875
v -0.5 0 -0.1875
v -0.4375 0 -0.1875
v -0.5 0.3125 0.25
v -0.4375 0.3125 0.25
v -0.5 0.25 0.25
v -0.4375 0.25 0.25
v -0.5 0.3125 -0.1875
v -0.4375 0.3125 -0.1875
v -0.5 0.25 -0.1875
v -0.4375 0.25 -0.1875
v -0.4390625 0.25 0.1875
v -0.4375 0.25 0.1875
v -0.4390625 0.0625 0.1875
v -0.4375 0.0625 0.1875
v -0.4390625 0.25 -0.125
v -0.4375 0.25 -0.125
v -0.4390625 0.0625 -0.125
v -0.4375 0.0625 -0.125
v -0.5 2 0.25
v -0.4375 2 0.25
v -0.5 1.9375 0.25
v -0.4375 1.9375 0.25
v -0.5 2 -0.1875
v -0.4375 2 -0.1875
v -0.5 1.9375 -0.1875
v -0.4375 1.9375 -0.1875
v -0.5 2 0.3125
v -0.4375 2 0.3125
v -0.5 0 0.3125
v -0.4375 0 0.3125
v -0.5 2 0.25
v -0.4375 2 0.25
v -0.5 0 0.25
v -0.4375 0 0.25
v 0 0.0625 -0.25
v 0 0.0625 -0.3125
v 0 0 -0.25
v 0 0 -0.3125
v -0.4375 0.0625 -0.25
v -0.4375 0.0625 -0.3125
v -0.4375 0 -0.25
v -0.4375 0 -0.3125
v 0 0.25 -0.25
v 0 0.25 -0.2515625
v 0 0.0625 -0.25
v 0 0.0625 -0.2515625
v -0.375 0.25 -0.25
v -0.375 0.25 -0.2515625
v -0.375 0.0625 -0.25
v -0.375 0.0625 -0.2515625
v 0 0.3125 -0.25
v 0 0.3125 -0.3125
v 0 0.25 -0.25
v 0 0.25 -0.3125
v -0.4375 0.3125 -0.25
v -0.4375 0.3125 -0.3125
v -0.4375 0.25 -0.25
v -0.4375 0.25 -0.3125
v 0 2 -0.25
v 0 2 -0.3125
v 0 1.9375 -0.25
v 0 1.9375 -0.3125
v -0.4375 2 -0.25
v -0.4375 2 -0.3125
v -0.4375 1.9375 -0.25
v -0.4375 1.9375 -0.3125
vt 0.0625 0
vt 0.0625 1
vt 0.125 1
vt 0.125 0
vt 0.0625 0
vt 0.0625 1
vt 0.125 1
vt 0.125 0
vt 0.0625 0.9375
vt 0.0625 1
vt 0.125 1
vt 0.125 0.9375
vt 0.0625 0.9375
vt 0.0625 1
vt 0.125 1
vt 0.125 0.9375
vt 0.0625 0
vt 0.0625 1
vt 0.125 1
vt 0.125 0
vt 0.0625 0
vt 0.0625 1
vt 0.125 1
vt 0.125 0
vt 0.125 0
vt 0.125 1
vt 0.3125 1
vt 0.3125 0
vt 0.125 0
vt 0.125 1
vt 0.3125 1
vt 0.3125 0
vt 0.0625 0.8125
vt 0.0625 1
vt 0.125 1
vt 0.125 0.8125
vt 0.0625 0.8125
vt 0.0625 1
vt 0.125 1
vt 0.125 0.8125
vt 0.0625 0
vt 0.0625 1
vt 0.125 1
vt 0.125 0
vt 0.0625 0
vt 0.0625 1
vt 0.125 1
vt 0.125 0
vt 0.0625 0.8125
vt 0.0625 1
vt 0.125 1
vt 0.125 0.8125
vt 0.0625 0.8125
vt 0.0625 1
vt 0.125 1
vt 0.125 0.8125
vt 0.0625 0.9375
vt 0.0625 1
vt 0.125 1
vt 0.125 0.9375
vt 0.0625 0.9375
vt 0.0625 1
vt 0.125 1
vt 0.125 0.9375
vt 0.0625 0.8125
vt 0.0625 1
vt 0.125 1
vt 0.125 0.8125
vt 0.0625 0.8125
vt 0.0625 1
vt 0.125 1
vt 0.125 0.8125
vt 0.125 0.8125
vt 0.125 1
vt 0.1875 1
vt 0.1875 0.8125
vt 0.125 0.8125
vt 0.125 1
vt 0.1875 1
vt 0.1875 0.8125
vt 0.0625 0.875
vt 0.0625 0.9375
vt 0.125 0.9375
vt 0.125 0.875
vt 0.0625 0.875
vt 0.0625 0.9375
vt 0.125 0.9375
vt 0.125 0.875
vt 0.125 0.8125
vt 0.125 1
vt 0.1875 1
vt 0.1875 0.8125
vt 0.125 0.8125
vt 0.125 1
vt 0.1875 1
vt 0.1875 0.8125
vt 0.125 0.8125
vt 0.125 1
vt 0.1875 1
vt 0.1875 0.8125
vt 0.125 0.8125
vt 0.125 1
vt 0.1875 1
vt 0.1875 0.8125
vt 0.0625 0.875
vt 0.0625 0.9375
vt 0.125 0.9375
vt 0.125 0.875
vt 0.0625 0.875
vt 0.0625 0.9375
vt 0.125 0.9375
vt 0.125 0.875
vt 0.125 0.8125
vt 0.125 1
vt 0.1875 1
vt 0.1875 0.8125
vt 0.125 0.8125
vt 0.125 1
vt 0.1875 1
vt 0.1875 0.8125
vt 0.125 0
vt 0.125 1
vt 0.1875 1
vt 0.1875 0
vt 0.125 0
vt 0.125 1
vt 0.1875 1
vt 0.1875 0
vt 0.0625 0.875
vt 0.0625 0.9375
vt 0.125 0.9375
vt 0.125 0.875
vt 0.0625 0.875
vt 0.0625 0.9375
vt 0.125 0.9375
vt 0.125 0.875
vt 0.125 0
vt 0.125 1
vt 0.1875 1
vt 0.1875 0
vt 0.125 0
vt 0.125 1
vt 0.1875 1
vt 0.1875 0
vt 0.125 0
vt 0.125 1
vt 0.1875 1
vt 0.1875 0
vt 0.125 0
vt 0.125 1
vt 0.1875 1
vt 0.1875 0
vt 0.0625 0.875
vt 0.0625 0.9375
vt 0.125 0.9375
vt 0.125 0.875
vt 0.0625 0.875
vt 0.0625 0.9375
vt 0.125 0.9375
vt 0.125 0.875
vt 0.125 0
vt 0.125 1
vt 0.1875 1
vt 0.1875 0
vt 0.125 0
vt 0.125 1
vt 0.1875 1
vt 0.1875 0
vt 0.125 0.9375
vt 0.125 1
vt 0.1875 1
vt 0.1875 0.9375
vt 0.125 0.9375
vt 0.125 1
vt 0.1875 1
vt 0.1875 0.9375
vt 0.4375 0.875
vt 0.4375 0.9375
vt 0.875 0.9375
vt 0.875 0.875
vt 0.4375 0.875
vt 0.4375 0.9375
vt 0.875 0.9375
vt 0.875 0.875
vt 0.5625 0.9375
vt 0.5625 1
vt 1 1
vt 1 0.9375
vt 0.5625 0.9375
vt 0.5625 1
vt 1 1
vt 1 0.9375
vt 0.125 0.9375
vt 0.125 1
vt 0.1875 1
vt 0.1875 0.9375
vt 0.125 0.9375
vt 0.125 1
vt 0.1875 1
vt 0.1875 0.9375
vt 0.4375 0.875
vt 0.4375 0.9375
vt 0.875 0.9375
vt 0.875 0.875
vt 0.4375 0.875
vt 0.4375 0.9375
vt 0.875 0.9375
vt 0.875 0.875
vt 0.5625 0.9375
vt 0.5625 1
vt 1 1
vt 1 0.9375
vt 0.5625 0.9375
vt 0.5625 1
vt 1 1
vt 1 0.9375
vt 0.003125 0.8125
vt 0.003125 1
vt 0.0046875 1
vt 0.0046875 0.8125
vt 0.003125 0.8125
vt 0.003125 1
vt 0.0046875 1
vt 0.0046875 0.8125
vt 0.375 0.996875
vt 0.375 0.9984375
vt 0.6875 0.9984375
vt 0.6875 0.996875
vt 0.375 0.996875
vt 0.375 0.9984375
vt 0.6875 0.9984375
vt 0.6875 0.996875
vt 0.625 0.8125
vt 0.625 1
vt 0.9375 1
vt 0.9375 0.8125
vt 0.625 0.8125
vt 0.625 1
vt 0.9375 1
vt 0.9375 0.8125
vt 0.125 0.9375
vt 0.125 1
vt 0.1875 1
vt 0.1875 0.9375
vt 0.125 0.9375
vt 0.125 1
vt 0.1875 1
vt 0.1875 0.9375
vt 0.4375 0.875
vt 0.4375 0.9375
vt 0.875 0.9375
vt 0.875 0.875
vt 0.4375 0.875
vt 0.4375 0.9375
vt 0.875 0.9375
vt 0.875 0.875
vt 0.5625 0.9375
vt 0.5625 1
vt 1 1
vt 1 0.9375
vt 0.5625 0.9375
vt 0.5625 1
vt 1 1
vt 1 0.9375
vt 0.25 0
vt 0.25 1
vt 0.3125 1
vt 0.3125 0
vt 0.25 0
vt 0.25 1
vt 0.3125 1
vt 0.3125 0
vt 0.0625 0.8125
vt 0.0625 0.875
vt 0.125 0.875
vt 0.125 0.8125
vt 0.0625 0.8125
vt 0.0625 0.875
vt 0.125 0.875
vt 0.125 0.8125
vt 0.125 0
vt 0.125 1
vt 0.1875 1
vt 0.1875 0
vt 0.125 0
vt 0.125 1
vt 0.1875 1
vt 0.1875 0
vt 0.0625 0.9375
vt 0.0625 1
vt 0.125 1
vt 0.125 0.9375
vt 0.0625 0.9375
vt 0.0625 1
vt 0.125 1
vt 0.125 0.9375
vt 0.4375 0.9375
vt 0.4375 1
vt 0.875 1
vt 0.875 0.9375
vt 0.4375 0.9375
vt 0.4375 1
vt 0.875 1
vt 0.875 0.9375
vt 0.4375 0.9375
vt 0.4375 1
vt 0.875 1
vt 0.875 0.9375
vt 0.4375 0.9375
vt 0.4375 1
vt 0.875 1
vt 0.875 0.9375
vt 0.0015625 0.8125
vt 0.0015625 1
vt 0.003125 1
vt 0.003125 0.8125
vt 0.0015625 0.8125
vt 0.0015625 1
vt 0.003125 1
vt 0.003125 0.8125
vt 0.375 0.9984375
vt 0.375 1
vt 0.75 1
vt 0.75 0.9984375
vt 0.375 0.9984375
vt 0.375 1
vt 0.75 1
vt 0.75 0.9984375
vt 0.375 0.8125
vt 0.375 1
vt 0.75 1
vt 0.75 0.8125
vt 0.375 0.8125
vt 0.375 1
vt 0.75 1
vt 0.75 0.8125
vt 0.0625 0.9375
vt 0.0625 1
vt 0.125 1
vt 0.125 0.9375
vt 0.0625 0.9375
vt 0.0625 1
vt 0.125 1
vt 0.125 0.9375
vt 0.4375 0.9375
vt 0.4375 1
vt 0.875 1
vt 0.875 0.9375
vt 0.4375 0.9375
vt 0.4375 1
vt 0.875 1
vt 0.875 0.9375
vt 0.4375 0.9375
vt 0.4375 1
vt 0.875 1
vt 0.875 0.9375
vt 0.4375 0.9375
vt 0.4375 1
vt 0.875 1
vt 0.875 0.9375
vt 0.0625 0.9375
vt 0.0625 1
vt 0.125 1
vt 0.125 0.9375
vt 0.0625 0.9375
vt 0.0625 1
vt 0.125 1
vt 0.125 0.9375
vt 0.4375 0.9375
vt 0.4375 1
vt 0.875 1
vt 0.875 0.9375
vt 0.4375 0.9375
vt 0.4375 1
vt 0.875 1
vt 0.875 0.9375
vt 0.4375 0.9375
vt 0.4375 1
vt 0.875 1
vt 0.875 0.9375
vt 0.4375 0.9375
vt 0.4375 1
vt 0.875 1
vt 0.875 0.9375
vn 1 0 0
vn -1 0 0
vn 0 1 0
vn 0 -1 0
vn 0 0 1
vn 0 0 -1
vn 1 0 0
vn -1 0 0
vn 0 1 0
vn 0 -1 0
vn 0 0 1
vn 0 0 -1
vn 1 0 0
vn -1 0 0
vn 0 1 0
vn 0 -1 0
vn 0 0 1
vn 0 0 -1
vn 0 0 1
vn 0 0 -1
vn 0 1 0
vn 0 -1 0
vn -1 0 0
vn 1 0 0
vn 0 0 1
vn 0 0 -1
vn 0 1 0
vn 0 -1 0
vn -1 0 0
vn 1 0 0
vn 0 0 1
vn 0 0 -1
vn 0 1 0
vn 0 -1 0
vn -1 0 0
vn 1 0 0
vn 0 0 1
vn 0 0 -1
vn 0 1 0
vn 0 -1 0
vn -1 0 0
vn 1 0 0
vn 0 0 1
vn 0 0 -1
vn 0 1 0
vn 0 -1 0
vn -1 0 0
vn 1 0 0
vn 0 0 1
vn 0 0 -1
vn 0 1 0
vn 0 -1 0
vn -1 0 0
vn 1 0 0
vn 0 0 1
vn 0 0 -1
vn 0 1 0
vn 0 -1 0
vn -1 0 0
vn 1 0 0
vn 0 0 1
vn 0 0 -1
vn 0 1 0
vn 0 -1 0
vn -1 0 0
vn 1 0 0
vn 0 0 1
vn 0 0 -1
vn 0 1 0
vn 0 -1 0
vn -1 0 0
vn 1 0 0
vn 1 0 0
vn -1 0 0
vn 0 1 0
vn 0 -1 0
vn 0 0 1
vn 0 0 -1
vn 1 0 0
vn -1 0 0
vn 0 1 0
vn 0 -1 0
vn 0 0 1
vn 0 0 -1
vn 1 0 0
vn -1 0 0
vn 0 1 0
vn 0 -1 0
vn 0 0 1
vn 0 0 -1
vn 1 0 0
vn -1 0 0
vn 0 1 0
vn 0 -1 0
vn 0 0 1
vn 0 0 -1
usemtl m_cc4cbd32-c453-a4c6-e794-5e5fa231e7f1
f 972/2793/699 970/2794/699 969/2795/699
f 972/2793/699 969/2795/699 971/2796/699
f 975/2797/700 973/2798/700 974/2799/700
f 975/2797/700 974/2799/700 976/2800/700
f 969/2801/701 970/2802/701 974/2803/701
f 969/2801/701 974/2803/701 973/2804/701
f 972/2805/702 971/2806/702 975/2807/702
f 972/2805/702 975/2807/702 976/2808/702
usemtl m_95e20f84-55bb-7186-f91a-586499bd637e
f 971/2809/703 969/2810/703 973/2811/703
f 971/2809/703 973/2811/703 975/2812/703
usemtl m_cc4cbd32-c453-a4c6-e794-5e5fa231e7f1
f 976/2813/704 974/2814/704 970/2815/704
f 976/2813/704 970/2815/704 972/2816/704
f 980/2817/705 978/2818/705 977/2819/705
f 980/2817/705 977/2819/705 979/2820/705
f 983/2821/706 981/2822/706 982/2823/706
f 983/2821/706 982/2823/706 984/2824/706
f 977/2825/707 978/2826/707 982/2827/707
f 977/2825/707 982/2827/707 981/2828/707
f 980/2829/708 979/2830/708 983/2831/708
f 980/2829/708 983/2831/708 984/2832/708
f 979/2833/709 977/2834/709 981/2835/709
f 979/2833/709 981/2835/709 983/2836/709
f 984/2837/710 982/2838/710 978/2839/710
f 984/2837/710 978/2839/710 980/2840/710
f 988/2841/711 986/2842/711 985/2843/711
f 988/2841/711 985/2843/711 987/2844/711
f 991/2845/712 989/2846/712 990/2847/712
f 991/2845/712 990/2847/712 992/2848/712
f 985/2849/713 986/2850/713 990/2851/713
f 985/2849/713 990/2851/713 989/2852/713
f 988/2853/714 987/2854/714 991/2855/714
f 988/2853/714 991/2855/714 992/2856/714
usemtl m_f59e3bac-8fcc-890c-63e5-9d78c1a9e541
f 987/2857/715 985/2858/715 989/2859/715
f 987/2857/715 989/2859/715 991/2860/715
usemtl m_cc4cbd32-c453-a4c6-e794-5e5fa231e7f1
f 992/2861/716 990/2862/716 986/2863/716
f 992/2861/716 986/2863/716 988/2864/716
f 996/2865/717 994/2866/717 993/2867/717
f 996/2865/717 993/2867/717 995/2868/717
f 999/2869/718 997/2870/718 998/2871/718
f 999/2869/718 998/2871/718 1000/2872/718
f 993/2873/719 994/2874/719 998/2875/719
f 993/2873/719 998/2875/719 997/2876/719
f 996/2877/720 995/2878/720 999/2879/720
f 996/2877/720 999/2879/720 1000/2880/720
f 995/2881/721 993/2882/721 997/2883/721
f 995/2881/721 997/2883/721 999/2884/721
usemtl m_f59e3bac-8fcc-890c-63e5-9d78c1a9e541
f 1000/2885/722 998/2886/722 994/2887/722
f 1000/2885/722 994/2887/722 996/2888/722
usemtl m_cc4cbd32-c453-a4c6-e794-5e5fa231e7f1
f 1004/2889/723 1002/2890/723 1001/2891/723
f 1004/2889/723 1001/2891/723 1003/2892/723
f 1007/2893/724 1005/2894/724 1006/2895/724
f 1007/2893/724 1006/2895/724 1008/2896/724
f 1001/2897/725 1002/2898/725 1006/2899/725
f 1001/2897/725 1006/2899/725 1005/2900/725
f 1004/2901/726 1003/2902/726 1007/2903/726
f 1004/2901/726 1007/2903/726 1008/2904/726
f 1003/2905/727 1001/2906/727 1005/2907/727
f 1003/2905/727 1005/2907/727 1007/2908/727
usemtl m_f59e3bac-8fcc-890c-63e5-9d78c1a9e541
f 1008/2909/728 1006/2910/728 1002/2911/728
f 1008/2909/728 1002/2911/728 1004/2912/728
usemtl m_cc4cbd32-c453-a4c6-e794-5e5fa231e7f1
f 1012/2913/729 1010/2914/729 1009/2915/729
f 1012/2913/729 1009/2915/729 1011/2916/729
f 1015/2917/730 1013/2918/730 1014/2919/730
f 1015/2917/730 1014/2919/730 1016/2920/730
f 1009/2921/731 1010/2922/731 1014/2923/731
f 1009/2921/731 1014/2923/731 1013/2924/731
f 1012/2925/732 1011/2926/732 1015/2927/732
f 1012/2925/732 1015/2927/732 1016/2928/732
f 1011/2929/733 1009/2930/733 1013/2931/733
f 1011/2929/733 1013/2931/733 1015/2932/733
usemtl m_95e20f84-55bb-7186-f91a-586499bd637e
f 1016/2933/734 1014/2934/734 1010/2935/734
f 1016/2933/734 1010/2935/734 1012/2936/734
usemtl m_cc4cbd32-c453-a4c6-e794-5e5fa231e7f1
f 1020/2937/735 1018/2938/735 1017/2939/735
f 1020/2937/735 1017/2939/735 1019/2940/735
f 1023/2941/736 1021/2942/736 1022/2943/736
f 1023/2941/736 1022/2943/736 1024/2944/736
f 1017/2945/737 1018/2946/737 1022/2947/737
f 1017/2945/737 1022/2947/737 1021/2948/737
f 1020/2949/738 1019/2950/738 1023/2951/738
f 1020/2949/738 1023/2951/738 1024/2952/738
f 1019/2953/739 1017/2954/739 1021/2955/739
f 1019/2953/739 1021/2955/739 1023/2956/739
usemtl m_95e20f84-55bb-7186-f91a-586499bd637e
f 1024/2957/740 1022/2958/740 1018/2959/740
f 1024/2957/740 1018/2959/740 1020/2960/740
usemtl m_cc4cbd32-c453-a4c6-e794-5e5fa231e7f1
f 1028/2961/741 1026/2962/741 1025/2963/741
f 1028/2961/741 1025/2963/741 1027/2964/741
f 1031/2965/742 1029/2966/742 1030/2967/742
f 1031/2965/742 1030/2967/742 1032/2968/742
f 1025/2969/743 1026/2970/743 1030/2971/743
f 1025/2969/743 1030/2971/743 1029/2972/743
f 1028/2973/744 1027/2974/744 1031/2975/744
f 1028/2973/744 1031/2975/744 1032/2976/744
f 1027/2977/745 1025/2978/745 1029/2979/745
f 1027/2977/745 1029/2979/745 1031/2980/745
usemtl m_f59e3bac-8fcc-890c-63e5-9d78c1a9e541
f 1032/2981/746 1030/2982/746 1026/2983/746
f 1032/2981/746 1026/2983/746 1028/2984/746
usemtl m_cc4cbd32-c453-a4c6-e794-5e5fa231e7f1
f 1036/2985/747 1034/2986/747 1033/2987/747
f 1036/2985/747 1033/2987/747 1035/2988/747
f 1039/2989/748 1037/2990/748 1038/2991/748
f 1039/2989/748 1038/2991/748 1040/2992/748
f 1033/2993/749 1034/2994/749 1038/2995/749
f 1033/2993/749 1038/2995/749 1037/2996/749
f 1036/2997/750 1035/2998/750 1039/2999/750
f 1036/2997/750 1039/2999/750 1040/3000/750
f 1035/3001/751 1033/3002/751 1037/3003/751
f 1035/3001/751 1037/3003/751 1039/3004/751
usemtl m_95e20f84-55bb-7186-f91a-586499bd637e
f 1040/3005/752 1038/3006/752 1034/3007/752
f 1040/3005/752 1034/3007/752 1036/3008/752
usemtl m_cc4cbd32-c453-a4c6-e794-5e5fa231e7f1
f 1044/3009/753 1042/3010/753 1041/3011/753
f 1044/3009/753 1041/3011/753 1043/3012/753
f 1047/3013/754 1045/3014/754 1046/3015/754
f 1047/3013/754 1046/3015/754 1048/3016/754
f 1041/3017/755 1042/3018/755 1046/3019/755
f 1041/3017/755 1046/3019/755 1045/3020/755
f 1044/3021/756 1043/3022/756 1047/3023/756
f 1044/3021/756 1047/3023/756 1048/3024/756
f 1043/3025/757 1041/3026/757 1045/3027/757
f 1043/3025/757 1045/3027/757 1047/3028/757
usemtl m_f59e3bac-8fcc-890c-63e5-9d78c1a9e541
f 1048/3029/758 1046/3030/758 1042/3031/758
f 1048/3029/758 1042/3031/758 1044/3032/758
usemtl m_cc4cbd32-c453-a4c6-e794-5e5fa231e7f1
f 1052/3033/759 1050/3034/759 1049/3035/759
f 1052/3033/759 1049/3035/759 1051/3036/759
f 1055/3037/760 1053/3038/760 1054/3039/760
f 1055/3037/760 1054/3039/760 1056/3040/760
f 1049/3041/761 1050/3042/761 1054/3043/761
f 1049/3041/761 1054/3043/761 1053/3044/761
f 1052/3045/762 1051/3046/762 1055/3047/762
f 1052/3045/762 1055/3047/762 1056/3048/762
f 1051/3049/763 1049/3050/763 1053/3051/763
f 1051/3049/763 1053/3051/763 1055/3052/763
usemtl m_95e20f84-55bb-7186-f91a-586499bd637e
f 1056/3053/764 1054/3054/764 1050/3055/764
f 1056/3053/764 1050/3055/764 1052/3056/764
usemtl m_cc4cbd32-c453-a4c6-e794-5e5fa231e7f1
f 1060/3057/765 1058/3058/765 1057/3059/765
f 1060/3057/765 1057/3059/765 1059/3060/765
f 1063/3061/766 1061/3062/766 1062/3063/766
f 1063/3061/766 1062/3063/766 1064/3064/766
f 1057/3065/767 1058/3066/767 1062/3067/767
f 1057/3065/767 1062/3067/767 1061/3068/767
f 1060/3069/768 1059/3070/768 1063/3071/768
f 1060/3069/768 1063/3071/768 1064/3072/768
f 1059/3073/769 1057/3074/769 1061/3075/769
f 1059/3073/769 1061/3075/769 1063/3076/769
f 1064/3077/770 1062/3078/770 1058/3079/770
f 1064/3077/770 1058/3079/770 1060/3080/770
f 1068/3081/771 1066/3082/771 1065/3083/771
f 1068/3081/771 1065/3083/771 1067/3084/771
f 1071/3085/772 1069/3086/772 1070/3087/772
f 1071/3085/772 1070/3087/772 1072/3088/772
f 1065/3089/773 1066/3090/773 1070/3091/773
f 1065/3089/773 1070/3091/773 1069/3092/773
f 1068/3093/774 1067/3094/774 1071/3095/774
f 1068/3093/774 1071/3095/774 1072/3096/774
usemtl m_f59e3bac-8fcc-890c-63e5-9d78c1a9e541
f 1067/3097/775 1065/3098/775 1069/3099/775
f 1067/3097/775 1069/3099/775 1071/3100/775
usemtl m_cc4cbd32-c453-a4c6-e794-5e5fa231e7f1
f 1072/3101/776 1070/3102/776 1066/3103/776
f 1072/3101/776 1066/3103/776 1068/3104/776
f 1076/3105/777 1074/3106/777 1073/3107/777
f 1076/3105/777 1073/3107/777 1075/3108/777
f 1079/3109/778 1077/3110/778 1078/3111/778
f 1079/3109/778 1078/3111/778 1080/3112/778
f 1073/3113/779 1074/3114/779 1078/3115/779
f 1073/3113/779 1078/3115/779 1077/3116/779
f 1076/3117/780 1075/3118/780 1079/3119/780
f 1076/3117/780 1079/3119/780 1080/3120/780
usemtl m_f59e3bac-8fcc-890c-63e5-9d78c1a9e541
f 1075/3121/781 1073/3122/781 1077/3123/781
f 1075/3121/781 1077/3123/781 1079/3124/781
usemtl m_cc4cbd32-c453-a4c6-e794-5e5fa231e7f1
f 1080/3125/782 1078/3126/782 1074/3127/782
f 1080/3125/782 1074/3127/782 1076/3128/782
f 1084/3129/783 1082/3130/783 1081/3131/783
f 1084/3129/783 1081/3131/783 1083/3132/783
f 1087/3133/784 1085/3134/784 1086/3135/784
f 1087/3133/784 1086/3135/784 1088/3136/784
f 1081/3137/785 1082/3138/785 1086/3139/785
f 1081/3137/785 1086/3139/785 1085/3140/785
f 1084/3141/786 1083/3142/786 1087/3143/786
f 1084/3141/786 1087/3143/786 1088/3144/786
usemtl m_95e20f84-55bb-7186-f91a-586499bd637e
f 1083/3145/787 1081/3146/787 1085/3147/787
f 1083/3145/787 1085/3147/787 1087/3148/787
usemtl m_cc4cbd32-c453-a4c6-e794-5e5fa231e7f1
f 1088/3149/788 1086/3150/788 1082/3151/788
f 1088/3149/788 1082/3151/788 1084/3152/788
f 1092/3153/789 1090/3154/789 1089/3155/789
f 1092/3153/789 1089/3155/789 1091/3156/789
f 1095/3157/790 1093/3158/790 1094/3159/790
f 1095/3157/790 1094/3159/790 1096/3160/790
f 1089/3161/791 1090/3162/791 1094/3163/791
f 1089/3161/791 1094/3163/791 1093/3164/791
f 1092/3165/792 1091/3166/792 1095/3167/792
f 1092/3165/792 1095/3167/792 1096/3168/792
usemtl m_95e20f84-55bb-7186-f91a-586499bd637e
f 1091/3169/793 1089/3170/793 1093/3171/793
f 1091/3169/793 1093/3171/793 1095/3172/793
usemtl m_cc4cbd32-c453-a4c6-e794-5e5fa231e7f1
f 1096/3173/794 1094/3174/794 1090/3175/794
f 1096/3173/794 1090/3175/794 1092/3176/794
o middle_door
v 0.46875 2 -0.375
v 0.46875 2 -0.4375
v 0.46875 1.9375 -0.375
v 0.46875 1.9375 -0.4375
v -0.46875 2 -0.375
v -0.46875 2 -0.4375
v -0.46875 1.9375 -0.375
v -0.46875 1.9375 -0.4375
v 0.46875 0.1875 -0.375
v 0.46875 0.1875 -0.4375
v 0.46875 0 -0.375
v 0.46875 0 -0.4375
v -0.46875 0.1875 -0.375
v -0.46875 0.1875 -0.4375
v -0.46875 0 -0.375
v -0.46875 0 -0.4375
v 0.46875 0.25 -0.375
v 0.46875 0.25 -0.4375
v 0.46875 0.1875 -0.375
v 0.46875 0.1875 -0.4375
v -0.46875 0.25 -0.375
v -0.46875 0.25 -0.4375
v -0.46875 0.1875 -0.375
v -0.46875 0.1875 -0.4375
v -0.46875 0.25 -0.375
v -0.46875 0.25 -0.4375
v -0.46875 0 -0.375
v -0.46875 0 -0.4375
v -0.5 0.25 -0.375
v -0.5 0.25 -0.4375
v -0.5 0 -0.375
v -0.5 0 -0.4375
v -0.46875 2 -0.375
v -0.46875 2 -0.4375
v -0.46875 0.25 -0.375
v -0.46875 0.25 -0.4375
v -0.5 2 -0.375
v -0.5 2 -0.4375
v -0.5 0.25 -0.375
v -0.5 0.25 -0.4375
v -0.40625 1.9375 -0.375
v -0.40625 1.9375 -0.4375
v -0.40625 0.25 -0.375
v -0.40625 0.25 -0.4375
v -0.46875 1.9375 -0.375
v -0.46875 1.9375 -0.4375
v -0.46875 0.25 -0.375
v -0.46875 0.25 -0.4375
v 0.46875 1.9375 -0.375
v 0.46875 1.9375 -0.4375
v 0.46875 0.25 -0.375
v 0.46875 0.25 -0.4375
v 0.40625 1.9375 -0.375
v 0.40625 1.9375 -0.4375
v 0.40625 0.25 -0.375
v 0.40625 0.25 -0.4375
v 0.40625 1 -0.38125
v 0.40625 1.125 -0.38125
v -0.40625 1 -0.38125
v -0.40625 1.125 -0.38125
v 0.40625 1 -0.38125
v 0.40625 1.125 -0.38125
v -0.40625 1 -0.38125
v -0.40625 1.125 -0.38125
v 0.140625 1.25 -0.38125
v 0.140625 1.5 -0.38125
v -0.109375 1.25 -0.38125
v -0.109375 1.5 -0.38125
v 0.078125 1.609375 -0.38125
v 0.078125 1.796875 -0.38125
v -0.046875 1.609375 -0.38125
v -0.046875 1.796875 -0.38125
v 0.5 0.25 -0.375
v 0.5 0.25 -0.4375
v 0.5 0 -0.375
v 0.5 0 -0.4375
v 0.46875 0.25 -0.375
v 0.46875 0.25 -0.4375
v 0.46875 0 -0.375
v 0.46875 0 -0.4375
v 0.5 2 -0.375
v 0.5 2 -0.4375
v 0.5 0.25 -0.375
v 0.5 0.25 -0.4375
v 0.46875 2 -0.375
v 0.46875 2 -0.4375
v 0.46875 0.25 -0.375
v 0.46875 0.25 -0.4375
vt 0 0.9375
vt 0 1
vt 0.0625 1
vt 0.0625 0.9375
vt 0 0.9375
vt 0 1
vt 0.0625 1
vt 0.0625 0.9375
vt 0 0.9375
vt 0 1
vt 0.96875 1
vt 0.96875 0.9375
vt 0 0.9375
vt 0 1
vt 0.96875 1
vt 0.96875 0.9375
vt 0 0.9375
vt 0 1
vt 0.96875 1
vt 0.96875 0.9375
vt 0 0.9375
vt 0 1
vt 0.96875 1
vt 0.96875 0.9375
vt 0 0.8125
vt 0 1
vt 0.0625 1
vt 0.0625 0.8125
vt 0 0.8125
vt 0 1
vt 0.0625 1
vt 0.0625 0.8125
vt 0 0.9375
vt 0 1
vt 0.96875 1
vt 0.96875 0.9375
vt 0 0.9375
vt 0 1
vt 0.96875 1
vt 0.96875 0.9375
vt 0 0.8125
vt 0 1
vt 0.96875 1
vt 0.96875 0.8125
vt 0 0.8125
vt 0 1
vt 0.96875 1
vt 0.96875 0.8125
vt 0 0.9375
vt 0 1
vt 0.0625 1
vt 0.0625 0.9375
vt 0 0.9375
vt 0 1
vt 0.0625 1
vt 0.0625 0.9375
vt 0 0.9375
vt 0 1
vt 0.96875 1
vt 0.96875 0.9375
vt 0 0.9375
vt 0 1
vt 0.96875 1
vt 0.96875 0.9375
vt 0 0.9375
vt 0 1
vt 0.96875 1
vt 0.96875 0.9375
vt 0 0.9375
vt 0 1
vt 0.96875 1
vt 0.96875 0.9375
vt 0 0.75
vt 0 1
vt 0.0625 1
vt 0.0625 0.75
vt 0 0.75
vt 0 1
vt 0.0625 1
vt 0.0625 0.75
vt 0 0.9375
vt 0 1
vt 0.03125 1
vt 0.03125 0.9375
vt 0 0.9375
vt 0 1
vt 0.03125 1
vt 0.03125 0.9375
vt 0 0.75
vt 0 1
vt 0.03125 1
vt 0.03125 0.75
vt 0 0.75
vt 0 1
vt 0.03125 1
vt 0.03125 0.75
vt 0 0
vt 0 1
vt 0.0625 1
vt 0.0625 0
vt 0 0
vt 0 1
vt 0.0625 1
vt 0.0625 0
vt 0 0.9375
vt 0 1
vt 0.03125 1
vt 0.03125 0.9375
vt 0 0.9375
vt 0 1
vt 0.03125 1
vt 0.03125 0.9375
vt 0 0
vt 0 1
vt 0.03125 1
vt 0.03125 0
vt 0 0
vt 0 1
vt 0.03125 1
vt 0.03125 0
vt 0 0
vt 0 1
vt 0.0625 1
vt 0.0625 0
vt 0 0
vt 0 1
vt 0.0625 1
vt 0.0625 0
vt 0 0.9375
vt 0 1
vt 0.0625 1
vt 0.0625 0.9375
vt 0 0.9375
vt 0 1
vt 0.0625 1
vt 0.0625 0.9375
vt 0 0
vt 0 1
vt 0.0625 1
vt 0.0625 0
vt 0 0
vt 0 1
vt 0.0625 1
vt 0.0625 0
vt 0 0
vt 0 1
vt 0.0625 1
vt 0.0625 0
vt 0 0
vt 0 1
vt 0.0625 1
vt 0.0625 0
vt 0 0.9375
vt 0 1
vt 0.0625 1
vt 0.0625 0.9375
vt 0 0.9375
vt 0 1
vt 0.0625 1
vt 0.0625 0.9375
vt 0 0
vt 0 1
vt 0.0625 1
vt 0.0625 0
vt 0 0
vt 0 1
vt 0.0625 1
vt 0.0625 0
vt 1 0.84375
vt 1 1
vt 0 1
vt 0 0.84375
vt 1 0.84375
vt 1 1
vt 0 1
vt 0 0.84375
vt 0.2734375 0.27265625000000004
vt 0.2734375 0.54609375
vt 0 0.54609375
vt 0 0.27265625000000004
vt 0.1890625 0.54921875
vt 0.1890625 0.82265625
vt 0 0.82265625
vt 0 0.54921875
vt 0 0.75
vt 0 1
vt 0.0625 1
vt 0.0625 0.75
vt 0 0.75
vt 0 1
vt 0.0625 1
vt 0.0625 0.75
vt 0 0.9375
vt 0 1
vt 0.03125 1
vt 0.03125 0.9375
vt 0 0.9375
vt 0 1
vt 0.03125 1
vt 0.03125 0.9375
vt 0 0.75
vt 0 1
vt 0.03125 1
vt 0.03125 0.75
vt 0 0.75
vt 0 1
vt 0.03125 1
vt 0.03125 0.75
vt 0 0
vt 0 1
vt 0.0625 1
vt 0.0625 0
vt 0 0
vt 0 1
vt 0.0625 1
vt 0.0625 0
vt 0 0.9375
vt 0 1
vt 0.03125 1
vt 0.03125 0.9375
vt 0 0.9375
vt 0 1
vt 0.03125 1
vt 0.03125 0.9375
vt 0 0
vt 0 1
vt 0.03125 1
vt 0.03125 0
vt 0 0
vt 0 1
vt 0.03125 1
vt 0.03125 0
vn 1 0 0
vn -1 0 0
vn 0 1 0
vn 0 -1 0
vn 0 0 1
vn 0 0 -1
vn 1 0 0
vn -1 0 0
vn 0 1 0
vn 0 -1 0
vn 0 0 1
vn 0 0 -1
vn 1 0 0
vn -1 0 0
vn 0 1 0
vn 0 -1 0
vn 0 0 1
vn 0 0 -1
vn 1 0 0
vn -1 0 0
vn 0 1 0
vn 0 -1 0
vn 0 0 1
vn 0 0 -1
vn 1 0 0
vn -1 0 0
vn 0 1 0
vn 0 -1 0
vn 0 0 1
vn 0 0 -1
vn 1 0 0
vn -1 0 0
vn 0 1 0
vn 0 -1 0
vn 0 0 1
vn 0 0 -1
vn 1 0 0
vn -1 0 0
vn 0 1 0
vn 0 -1 0
vn 0 0 1
vn 0 0 -1
vn 0 0 1
vn 0 0 1
vn 0 0 1
vn 0 0 1
vn 1 0 0
vn -1 0 0
vn 0 1 0
vn 0 -1 0
vn 0 0 1
vn 0 0 -1
vn 1 0 0
vn -1 0 0
vn 0 1 0
vn 0 -1 0
vn 0 0 1
vn 0 0 -1
usemtl m_cc4cbd32-c453-a4c6-e794-5e5fa231e7f1
f 1100/3177/795 1098/3178/795 1097/3179/795
f 1100/3177/795 1097/3179/795 1099/3180/795
usemtl m_95e20f84-55bb-7186-f91a-586499bd637e
f 1103/3181/796 1101/3182/796 1102/3183/796
f 1103/3181/796 1102/3183/796 1104/3184/796
f 1097/3185/797 1098/3186/797 1102/3187/797
f 1097/3185/797 1102/3187/797 1101/3188/797
usemtl m_cc4cbd32-c453-a4c6-e794-5e5fa231e7f1
f 1100/3189/798 1099/3190/798 1103/3191/798
f 1100/3189/798 1103/3191/798 1104/3192/798
usemtl m_95e20f84-55bb-7186-f91a-586499bd637e
f 1099/3193/799 1097/3194/799 1101/3195/799
f 1099/3193/799 1101/3195/799 1103/3196/799
usemtl m_cc4cbd32-c453-a4c6-e794-5e5fa231e7f1
f 1104/3197/800 1102/3198/800 1098/3199/800
f 1104/3197/800 1098/3199/800 1100/3200/800
f 1108/3201/801 1106/3202/801 1105/3203/801
f 1108/3201/801 1105/3203/801 1107/3204/801
f 1111/3205/802 1109/3206/802 1110/3207/802
f 1111/3205/802 1110/3207/802 1112/3208/802
f 1105/3209/803 1106/3210/803 1110/3211/803
f 1105/3209/803 1110/3211/803 1109/3212/803
f 1108/3213/804 1107/3214/804 1111/3215/804
f 1108/3213/804 1111/3215/804 1112/3216/804
usemtl m_f59e3bac-8fcc-890c-63e5-9d78c1a9e541
f 1107/3217/805 1105/3218/805 1109/3219/805
f 1107/3217/805 1109/3219/805 1111/3220/805
usemtl m_cc4cbd32-c453-a4c6-e794-5e5fa231e7f1
f 1112/3221/806 1110/3222/806 1106/3223/806
f 1112/3221/806 1106/3223/806 1108/3224/806
f 1116/3225/807 1114/3226/807 1113/3227/807
f 1116/3225/807 1113/3227/807 1115/3228/807
usemtl m_95e20f84-55bb-7186-f91a-586499bd637e
f 1119/3229/808 1117/3230/808 1118/3231/808
f 1119/3229/808 1118/3231/808 1120/3232/808
usemtl m_cc4cbd32-c453-a4c6-e794-5e5fa231e7f1
f 1113/3233/809 1114/3234/809 1118/3235/809
f 1113/3233/809 1118/3235/809 1117/3236/809
usemtl m_95e20f84-55bb-7186-f91a-586499bd637e
f 1116/3237/810 1115/3238/810 1119/3239/810
f 1116/3237/810 1119/3239/810 1120/3240/810
f 1115/3241/811 1113/3242/811 1117/3243/811
f 1115/3241/811 1117/3243/811 1119/3244/811
usemtl m_cc4cbd32-c453-a4c6-e794-5e5fa231e7f1
f 1120/3245/812 1118/3246/812 1114/3247/812
f 1120/3245/812 1114/3247/812 1116/3248/812
usemtl m_95e20f84-55bb-7186-f91a-586499bd637e
f 1124/3249/813 1122/3250/813 1121/3251/813
f 1124/3249/813 1121/3251/813 1123/3252/813
f 1127/3253/814 1125/3254/814 1126/3255/814
f 1127/3253/814 1126/3255/814 1128/3256/814
f 1121/3257/815 1122/3258/815 1126/3259/815
f 1121/3257/815 1126/3259/815 1125/3260/815
f 1124/3261/816 1123/3262/816 1127/3263/816
f 1124/3261/816 1127/3263/816 1128/3264/816
f 1123/3265/817 1121/3266/817 1125/3267/817
f 1123/3265/817 1125/3267/817 1127/3268/817
f 1128/3269/818 1126/3270/818 1122/3271/818
f 1128/3269/818 1122/3271/818 1124/3272/818
usemtl m_cc4cbd32-c453-a4c6-e794-5e5fa231e7f1
f 1132/3273/819 1130/3274/819 1129/3275/819
f 1132/3273/819 1129/3275/819 1131/3276/819
usemtl m_95e20f84-55bb-7186-f91a-586499bd637e
f 1135/3277/820 1133/3278/820 1134/3279/820
f 1135/3277/820 1134/3279/820 1136/3280/820
f 1129/3281/821 1130/3282/821 1134/3283/821
f 1129/3281/821 1134/3283/821 1133/3284/821
f 1132/3285/822 1131/3286/822 1135/3287/822
f 1132/3285/822 1135/3287/822 1136/3288/822
f 1131/3289/823 1129/3290/823 1133/3291/823
f 1131/3289/823 1133/3291/823 1135/3292/823
f 1136/3293/824 1134/3294/824 1130/3295/824
f 1136/3293/824 1130/3295/824 1132/3296/824
usemtl m_cc4cbd32-c453-a4c6-e794-5e5fa231e7f1
f 1140/3297/825 1138/3298/825 1137/3299/825
f 1140/3297/825 1137/3299/825 1139/3300/825
f 1143/3301/826 1141/3302/826 1142/3303/826
f 1143/3301/826 1142/3303/826 1144/3304/826
f 1137/3305/827 1138/3306/827 1142/3307/827
f 1137/3305/827 1142/3307/827 1141/3308/827
f 1140/3309/828 1139/3310/828 1143/3311/828
f 1140/3309/828 1143/3311/828 1144/3312/828
usemtl m_95e20f84-55bb-7186-f91a-586499bd637e
f 1139/3313/829 1137/3314/829 1141/3315/829
f 1139/3313/829 1141/3315/829 1143/3316/829
usemtl m_cc4cbd32-c453-a4c6-e794-5e5fa231e7f1
f 1144/3317/830 1142/3318/830 1138/3319/830
f 1144/3317/830 1138/3319/830 1140/3320/830
f 1148/3321/831 1146/3322/831 1145/3323/831
f 1148/3321/831 1145/3323/831 1147/3324/831
f 1151/3325/832 1149/3326/832 1150/3327/832
f 1151/3325/832 1150/3327/832 1152/3328/832
usemtl m_95e20f84-55bb-7186-f91a-586499bd637e
f 1145/3329/833 1146/3330/833 1150/3331/833
f 1145/3329/833 1150/3331/833 1149/3332/833
f 1148/3333/834 1147/3334/834 1151/3335/834
f 1148/3333/834 1151/3335/834 1152/3336/834
f 1147/3337/835 1145/3338/835 1149/3339/835
f 1147/3337/835 1149/3339/835 1151/3340/835
usemtl m_cc4cbd32-c453-a4c6-e794-5e5fa231e7f1
f 1152/3341/836 1150/3342/836 1146/3343/836
f 1152/3341/836 1146/3343/836 1148/3344/836
usemtl m_5d5883d9-976c-ac80-69a5-93df38894dc9
f 1153/3345/837 1154/3346/837 1156/3347/837
f 1153/3345/837 1156/3347/837 1155/3348/837
f 1157/3349/838 1158/3350/838 1160/3351/838
f 1157/3349/838 1160/3351/838 1159/3352/838
f 1161/3353/839 1162/3354/839 1164/3355/839
f 1161/3353/839 1164/3355/839 1163/3356/839
f 1165/3357/840 1166/3358/840 1168/3359/840
f 1165/3357/840 1168/3359/840 1167/3360/840
usemtl m_95e20f84-55bb-7186-f91a-586499bd637e
f 1172/3361/841 1170/3362/841 1169/3363/841
f 1172/3361/841 1169/3363/841 1171/3364/841
f 1175/3365/842 1173/3366/842 1174/3367/842
f 1175/3365/842 1174/3367/842 1176/3368/842
f 1169/3369/843 1170/3370/843 1174/3371/843
f 1169/3369/843 1174/3371/843 1173/3372/843
f 1172/3373/844 1171/3374/844 1175/3375/844
f 1172/3373/844 1175/3375/844 1176/3376/844
f 1171/3377/845 1169/3378/845 1173/3379/845
f 1171/3377/845 1173/3379/845 1175/3380/845
f 1176/3381/846 1174/3382/846 1170/3383/846
f 1176/3381/846 1170/3383/846 1172/3384/846
f 1180/3385/847 1178/3386/847 1177/3387/847
f 1180/3385/847 1177/3387/847 1179/3388/847
f 1183/3389/848 1181/3390/848 1182/3391/848
f 1183/3389/848 1182/3391/848 1184/3392/848
f 1177/3393/849 1178/3394/849 1182/3395/849
f 1177/3393/849 1182/3395/849 1181/3396/849
f 1180/3397/850 1179/3398/850 1183/3399/850
f 1180/3397/850 1183/3399/850 1184/3400/850
f 1179/3401/851 1177/3402/851 1181/3403/851
f 1179/3401/851 1181/3403/851 1183/3404/851
f 1184/3405/852 1182/3406/852 1178/3407/852
f 1184/3405/852 1178/3407/852 1180/3408/852
o r_3door
v 0.5 2 -0.375
v 0.5 2 -0.4375
v 0.5 1.9375 -0.375
v 0.5 1.9375 -0.4375
v -0.46875 2 -0.375
v -0.46875 2 -0.4375
v -0.46875 1.9375 -0.375
v -0.46875 1.9375 -0.4375
v 0.5 0.1875 -0.375
v 0.5 0.1875 -0.4375
v 0.5 0 -0.375
v 0.5 0 -0.4375
v -0.46875 0.1875 -0.375
v -0.46875 0.1875 -0.4375
v -0.46875 0 -0.375
v -0.46875 0 -0.4375
v 0.5 0.25 -0.375
v 0.5 0.25 -0.4375
v 0.5 0.1875 -0.375
v 0.5 0.1875 -0.4375
v -0.46875 0.25 -0.375
v -0.46875 0.25 -0.4375
v -0.46875 0.1875 -0.375
v -0.46875 0.1875 -0.4375
v -0.46875 0.25 -0.375
v -0.46875 0.25 -0.4375
v -0.46875 0 -0.375
v -0.46875 0 -0.4375
v -0.5 0.25 -0.375
v -0.5 0.25 -0.4375
v -0.5 0 -0.375
v -0.5 0 -0.4375
v -0.46875 2 -0.375
v -0.46875 2 -0.4375
v -0.46875 0.25 -0.375
v -0.46875 0.25 -0.4375
v -0.5 2 -0.375
v -0.5 2 -0.4375
v -0.5 0.25 -0.375
v -0.5 0.25 -0.4375
v -0.40625 1.9375 -0.375
v -0.40625 1.9375 -0.4375
v -0.40625 0.25 -0.375
v -0.40625 0.25 -0.4375
v -0.46875 1.9375 -0.375
v -0.46875 1.9375 -0.4375
v -0.46875 0.25 -0.375
v -0.46875 0.25 -0.4375
v 0.5 1.9375 -0.375
v 0.5 1.9375 -0.4375
v 0.5 0.25 -0.375
v 0.5 0.25 -0.4375
v 0.4375 1.9375 -0.375
v 0.4375 1.9375 -0.4375
v 0.4375 0.25 -0.375
v 0.4375 0.25 -0.4375
v 0.4375 1 -0.38125
v 0.4375 1.125 -0.38125
v -0.40625 1 -0.38125
v -0.40625 1.125 -0.38125
v 0.4375 1 -0.38125
v 0.4375 1.125 -0.38125
v -0.40625 1 -0.38125
v -0.40625 1.125 -0.38125
v 0.140625 1.25 -0.38125
v 0.140625 1.5 -0.38125
v -0.109375 1.25 -0.38125
v -0.109375 1.5 -0.38125
v 0.078125 1.609375 -0.38125
v 0.078125 1.796875 -0.38125
v -0.046875 1.609375 -0.38125
v -0.046875 1.796875 -0.38125
vt 0 0.9375
vt 0 1
vt 0.0625 1
vt 0.0625 0.9375
vt 0 0.9375
vt 0 1
vt 0.0625 1
vt 0.0625 0.9375
vt 0 0.9375
vt 0 1
vt 0.96875 1
vt 0.96875 0.9375
vt 0 0.9375
vt 0 1
vt 0.96875 1
vt 0.96875 0.9375
vt 0 0.9375
vt 0 1
vt 0.96875 1
vt 0.96875 0.9375
vt 0 0.9375
vt 0 1
vt 0.96875 1
vt 0.96875 0.9375
vt 0 0.8125
vt 0 1
vt 0.0625 1
vt 0.0625 0.8125
vt 0 0.8125
vt 0 1
vt 0.0625 1
vt 0.0625 0.8125
vt 0 0.9375
vt 0 1
vt 0.96875 1
vt 0.96875 0.9375
vt 0 0.9375
vt 0 1
vt 0.96875 1
vt 0.96875 0.9375
vt 0 0.8125
vt 0 1
vt 0.96875 1
vt 0.96875 0.8125
vt 0 0.8125
vt 0 1
vt 0.96875 1
vt 0.96875 0.8125
vt 0 0.9375
vt 0 1
vt 0.0625 1
vt 0.0625 0.9375
vt 0 0.9375
vt 0 1
vt 0.0625 1
vt 0.0625 0.9375
vt 0 0.9375
vt 0 1
vt 0.96875 1
vt 0.96875 0.9375
vt 0 0.9375
vt 0 1
vt 0.96875 1
vt 0.96875 0.9375
vt 0 0.9375
vt 0 1
vt 0.96875 1
vt 0.96875 0.9375
vt 0 0.9375
vt 0 1
vt 0.96875 1
vt 0.96875 0.9375
vt 0 0.75
vt 0 1
vt 0.0625 1
vt 0.0625 0.75
vt 0 0.75
vt 0 1
vt 0.0625 1
vt 0.0625 0.75
vt 0 0.9375
vt 0 1
vt 0.03125 1
vt 0.03125 0.9375
vt 0 0.9375
vt 0 1
vt 0.03125 1
vt 0.03125 0.9375
vt 0 0.75
vt 0 1
vt 0.03125 1
vt 0.03125 0.75
vt 0 0.75
vt 0 1
vt 0.03125 1
vt 0.03125 0.75
vt 0 0
vt 0 1
vt 0.0625 1
vt 0.0625 0
vt 0 0
vt 0 1
vt 0.0625 1
vt 0.0625 0
vt 0 0.9375
vt 0 1
vt 0.03125 1
vt 0.03125 0.9375
vt 0 0.9375
vt 0 1
vt 0.03125 1
vt 0.03125 0.9375
vt 0 0
vt 0 1
vt 0.03125 1
vt 0.03125 0
vt 0 0
vt 0 1
vt 0.03125 1
vt 0.03125 0
vt 0 0
vt 0 1
vt 0.0625 1
vt 0.0625 0
vt 0 0
vt 0 1
vt 0.0625 1
vt 0.0625 0
vt 0 0.9375
vt 0 1
vt 0.0625 1
vt 0.0625 0.9375
vt 0 0.9375
vt 0 1
vt 0.0625 1
vt 0.0625 0.9375
vt 0 0
vt 0 1
vt 0.0625 1
vt 0.0625 0
vt 0 0
vt 0 1
vt 0.0625 1
vt 0.0625 0
vt 0 0
vt 0 1
vt 0.0625 1
vt 0.0625 0
vt 0 0
vt 0 1
vt 0.0625 1
vt 0.0625 0
vt 0 0.9375
vt 0 1
vt 0.0625 1
vt 0.0625 0.9375
vt 0 0.9375
vt 0 1
vt 0.0625 1
vt 0.0625 0.9375
vt 0 0
vt 0 1
vt 0.0625 1
vt 0.0625 0
vt 0 0
vt 0 1
vt 0.0625 1
vt 0.0625 0
vt 1 0.84375
vt 1 1
vt 0 1
vt 0 0.84375
vt 1 0.84375
vt 1 1
vt 0 1
vt 0 0.84375
vt 0.2734375 0.27265625000000004
vt 0.2734375 0.54609375
vt 0 0.54609375
vt 0 0.27265625000000004
vt 0.378125 0.54921875
vt 0.378125 0.82265625
vt 0.1890625 0.82265625
vt 0.1890625 0.54921875
vn 1 0 0
vn -1 0 0
vn 0 1 0
vn 0 -1 0
vn 0 0 1
vn 0 0 -1
vn 1 0 0
vn -1 0 0
vn 0 1 0
vn 0 -1 0
vn 0 0 1
vn 0 0 -1
vn 1 0 0
vn -1 0 0
vn 0 1 0
vn 0 -1 0
vn 0 0 1
vn 0 0 -1
vn 1 0 0
vn -1 0 0
vn 0 1 0
vn 0 -1 0
vn 0 0 1
vn 0 0 -1
vn 1 0 0
vn -1 0 0
vn 0 1 0
vn 0 -1 0
vn 0 0 1
vn 0 0 -1
vn 1 0 0
vn -1 0 0
vn 0 1 0
vn 0 -1 0
vn 0 0 1
vn 0 0 -1
vn 1 0 0
vn -1 0 0
vn 0 1 0
vn 0 -1 0
vn 0 0 1
vn 0 0 -1
vn 0 0 1
vn 0 0 1
vn 0 0 1
vn 0 0 1
usemtl m_cc4cbd32-c453-a4c6-e794-5e5fa231e7f1
f 1188/3409/853 1186/3410/853 1185/3411/853
f 1188/3409/853 1185/3411/853 1187/3412/853
usemtl m_95e20f84-55bb-7186-f91a-586499bd637e
f 1191/3413/854 1189/3414/854 1190/3415/854
f 1191/3413/854 1190/3415/854 1192/3416/854
f 1185/3417/855 1186/3418/855 1190/3419/855
f 1185/3417/855 1190/3419/855 1189/3420/855
usemtl m_cc4cbd32-c453-a4c6-e794-5e5fa231e7f1
f 1188/3421/856 1187/3422/856 1191/3423/856
f 1188/3421/856 1191/3423/856 1192/3424/856
usemtl m_95e20f84-55bb-7186-f91a-586499bd637e
f 1187/3425/857 1185/3426/857 1189/3427/857
f 1187/3425/857 1189/3427/857 1191/3428/857
usemtl m_cc4cbd32-c453-a4c6-e794-5e5fa231e7f1
f 1192/3429/858 1190/3430/858 1186/3431/858
f 1192/3429/858 1186/3431/858 1188/3432/858
f 1196/3433/859 1194/3434/859 1193/3435/859
f 1196/3433/859 1193/3435/859 1195/3436/859
f 1199/3437/860 1197/3438/860 1198/3439/860
f 1199/3437/860 1198/3439/860 1200/3440/860
f 1193/3441/861 1194/3442/861 1198/3443/861
f 1193/3441/861 1198/3443/861 1197/3444/861
f 1196/3445/862 1195/3446/862 1199/3447/862
f 1196/3445/862 1199/3447/862 1200/3448/862
usemtl m_f59e3bac-8fcc-890c-63e5-9d78c1a9e541
f 1195/3449/863 1193/3450/863 1197/3451/863
f 1195/3449/863 1197/3451/863 1199/3452/863
usemtl m_cc4cbd32-c453-a4c6-e794-5e5fa231e7f1
f 1200/3453/864 1198/3454/864 1194/3455/864
f 1200/3453/864 1194/3455/864 1196/3456/864
f 1204/3457/865 1202/3458/865 1201/3459/865
f 1204/3457/865 1201/3459/865 1203/3460/865
usemtl m_95e20f84-55bb-7186-f91a-586499bd637e
f 1207/3461/866 1205/3462/866 1206/3463/866
f 1207/3461/866 1206/3463/866 1208/3464/866
usemtl m_cc4cbd32-c453-a4c6-e794-5e5fa231e7f1
f 1201/3465/867 1202/3466/867 1206/3467/867
f 1201/3465/867 1206/3467/867 1205/3468/867
usemtl m_95e20f84-55bb-7186-f91a-586499bd637e
f 1204/3469/868 1203/3470/868 1207/3471/868
f 1204/3469/868 1207/3471/868 1208/3472/868
f 1203/3473/869 1201/3474/869 1205/3475/869
f 1203/3473/869 1205/3475/869 1207/3476/869
usemtl m_cc4cbd32-c453-a4c6-e794-5e5fa231e7f1
f 1208/3477/870 1206/3478/870 1202/3479/870
f 1208/3477/870 1202/3479/870 1204/3480/870
usemtl m_95e20f84-55bb-7186-f91a-586499bd637e
f 1212/3481/871 1210/3482/871 1209/3483/871
f 1212/3481/871 1209/3483/871 1211/3484/871
f 1215/3485/872 1213/3486/872 1214/3487/872
f 1215/3485/872 1214/3487/872 1216/3488/872
f 1209/3489/873 1210/3490/873 1214/3491/873
f 1209/3489/873 1214/3491/873 1213/3492/873
f 1212/3493/874 1211/3494/874 1215/3495/874
f 1212/3493/874 1215/3495/874 1216/3496/874
f 1211/3497/875 1209/3498/875 1213/3499/875
f 1211/3497/875 1213/3499/875 1215/3500/875
f 1216/3501/876 1214/3502/876 1210/3503/876
f 1216/3501/876 1210/3503/876 1212/3504/876
usemtl m_cc4cbd32-c453-a4c6-e794-5e5fa231e7f1
f 1220/3505/877 1218/3506/877 1217/3507/877
f 1220/3505/877 1217/3507/877 1219/3508/877
usemtl m_95e20f84-55bb-7186-f91a-586499bd637e
f 1223/3509/878 1221/3510/878 1222/3511/878
f 1223/3509/878 1222/3511/878 1224/3512/878
f 1217/3513/879 1218/3514/879 1222/3515/879
f 1217/3513/879 1222/3515/879 1221/3516/879
f 1220/3517/880 1219/3518/880 1223/3519/880
f 1220/3517/880 1223/3519/880 1224/3520/880
f 1219/3521/881 1217/3522/881 1221/3523/881
f 1219/3521/881 1221/3523/881 1223/3524/881
f 1224/3525/882 1222/3526/882 1218/3527/882
f 1224/3525/882 1218/3527/882 1220/3528/882
usemtl m_cc4cbd32-c453-a4c6-e794-5e5fa231e7f1
f 1228/3529/883 1226/3530/883 1225/3531/883
f 1228/3529/883 1225/3531/883 1227/3532/883
f 1231/3533/884 1229/3534/884 1230/3535/884
f 1231/3533/884 1230/3535/884 1232/3536/884
f 1225/3537/885 1226/3538/885 1230/3539/885
f 1225/3537/885 1230/3539/885 1229/3540/885
f 1228/3541/886 1227/3542/886 1231/3543/886
f 1228/3541/886 1231/3543/886 1232/3544/886
usemtl m_95e20f84-55bb-7186-f91a-586499bd637e
f 1227/3545/887 1225/3546/887 1229/3547/887
f 1227/3545/887 1229/3547/887 1231/3548/887
usemtl m_cc4cbd32-c453-a4c6-e794-5e5fa231e7f1
f 1232/3549/888 1230/3550/888 1226/3551/888
f 1232/3549/888 1226/3551/888 1228/3552/888
f 1236/3553/889 1234/3554/889 1233/3555/889
f 1236/3553/889 1233/3555/889 1235/3556/889
f 1239/3557/890 1237/3558/890 1238/3559/890
f 1239/3557/890 1238/3559/890 1240/3560/890
usemtl m_95e20f84-55bb-7186-f91a-586499bd637e
f 1233/3561/891 1234/3562/891 1238/3563/891
f 1233/3561/891 1238/3563/891 1237/3564/891
f 1236/3565/892 1235/3566/892 1239/3567/892
f 1236/3565/892 1239/3567/892 1240/3568/892
f 1235/3569/893 1233/3570/893 1237/3571/893
f 1235/3569/893 1237/3571/893 1239/3572/893
usemtl m_cc4cbd32-c453-a4c6-e794-5e5fa231e7f1
f 1240/3573/894 1238/3574/894 1234/3575/894
f 1240/3573/894 1234/3575/894 1236/3576/894
usemtl m_5d5883d9-976c-ac80-69a5-93df38894dc9
f 1241/3577/895 1242/3578/895 1244/3579/895
f 1241/3577/895 1244/3579/895 1243/3580/895
f 1245/3581/896 1246/3582/896 1248/3583/896
f 1245/3581/896 1248/3583/896 1247/3584/896
f 1249/3585/897 1250/3586/897 1252/3587/897
f 1249/3585/897 1252/3587/897 1251/3588/897
f 1253/3589/898 1254/3590/898 1256/3591/898
f 1253/3589/898 1256/3591/898 1255/3592/898